id,Age,Annual_Income_USD,Daily_Commute_km,Number_of_Cars_Owned,Charging_Stations_Near_Home,Charging_Stations_Near_Work,Environmental_Concern_Level,Gender,City_Type,Current_Car_Type,Home_Charging_Possible,Subsidy_Available,Range_Anxiety_Level,Will_Buy_EV
0,66,92887,23.4,2,3,7,1,Male,Suburban,Sedan,Yes,No,Low,No
1,38,30000,5,1,2,2,4,Male,Rural,SUV,Yes,No,Low,No
2,26,94389,36.8,1,8,15,5,Female,Urban,Sedan,No,Yes,Low,Yes
3,66,73580,23.7,2,6,9,3,Male,Suburban,Hatchback,Yes,No,Low,No
4,54,57898,50.8,1,2,3,3,Male,Suburban,Hatchback,Yes,No,Low,No
5,50,95938,55.1,2,8,15,3,Other,Urban,Sedan,No,No,Low,No
6,55,109219,42.9,1,1,5,4,Male,Suburban,Sedan,Yes,Yes,Low,Yes
7,45,60796,52.2,2,13,3,2,Other,Urban,SUV,No,Yes,Medium,No
8,39,67725,31.5,2,11,3,2,Female,Urban,Sedan,No,Yes,Medium,No
9,57,114827,66.9,2,0,1,5,Male,Rural,Sedan,Yes,Yes,Low,Yes
10,39,122876,27.6,2,9,9,1,Male,Urban,Sedan,No,Yes,Low,No
11,50,67847,5,2,6,7,1,Male,Suburban,Sedan,Yes,Yes,Low,No
12,25,113911,47.4,1,7,17,1,Male,Urban,SUV,Yes,No,Low,No
13,26,83059,33.3,1,10,18,5,Male,Urban,Sedan,Yes,Yes,Low,Yes
14,25,92697,19.5,2,6,11,5,Male,Urban,Sedan,Yes,Yes,Low,Yes
15,65,117742,5,1,1,2,1,Female,Rural,Sedan,Yes,Yes,Low,No
16,59,108193,44.5,1,6,16,4,Female,Urban,Hatchback,No,Yes,Low,No
17,36,93811,35.4,1,7,12,1,Male,Urban,SUV,No,Yes,Medium,No
18,65,30000,5,4,9,14,2,Male,Urban,Sedan,No,Yes,Low,No
19,55,87572,76.4,2,3,13,4,Female,Urban,Truck,No,No,Medium,No
20,36,86822,5,3,3,7,5,Female,Suburban,Hatchback,Yes,Yes,Low,Yes
21,51,30000,5,4,13,10,2,Male,Urban,Sedan,Yes,No,Low,No
22,50,97680,25.4,1,0,0,5,Female,Rural,SUV,Yes,Yes,Low,No
23,41,87715,18.6,1,10,5,3,Male,Urban,SUV,No,Yes,Low,Yes
24,38,102883,36.2,1,9,11,3,Female,Urban,SUV,No,Yes,Low,No
25,25,78740,49.4,1,0,3,3,Male,Rural,SUV,Yes,Yes,Medium,No
26,36,132993,20.1,1,0,8,5,Female,Suburban,SUV,Yes,No,Low,No
27,32,44954,42.7,1,2,8,2,Female,Suburban,SUV,Yes,No,Low,No
28,55,30000,32.6,1,0,3,5,Female,Rural,Truck,Yes,Yes,Low,Yes
29,36,120748,54.8,2,3,1,2,Male,Suburban,Sedan,Yes,Yes,Low,No
30,45,30000,5,2,0,1,2,Male,Rural,Truck,Yes,Yes,Low,No
31,48,125937,25.8,1,3,7,2,Female,Urban,SUV,Yes,No,Low,No
32,46,54322,50.6,2,2,3,4,Male,Suburban,Sedan,Yes,Yes,Low,Yes
33,60,93688,48,1,0,3,1,Male,Suburban,Sedan,Yes,No,Low,No
34,28,77366,32,2,0,0,2,Female,Rural,Sedan,Yes,Yes,Low,No
35,60,81098,31,2,11,11,1,Male,Urban,Sedan,Yes,Yes,Low,No
36,68,78134,29.8,1,2,1,4,Male,Rural,SUV,Yes,No,Low,No
37,50,107845,13.2,1,4,19,5,Female,Urban,Sedan,No,No,Low,No
38,56,102773,5,2,6,16,5,Male,Urban,SUV,No,Yes,Low,Yes
39,66,152720,5,4,3,3,5,Male,Suburban,Sedan,Yes,Yes,Low,No
40,51,92626,45.4,2,6,8,3,Male,Suburban,Sedan,Yes,No,Low,No
41,49,30000,41.3,1,2,0,5,Female,Rural,SUV,Yes,No,Low,No
42,57,30000,37.7,1,1,3,3,Female,Rural,Sedan,Yes,No,Low,No
43,67,101725,21,2,13,4,4,Female,Urban,SUV,No,Yes,Medium,No
44,43,92897,11.2,1,6,18,4,Female,Urban,Sedan,Yes,Yes,Low,Yes
45,29,84789,45.9,2,2,3,3,Male,Suburban,Sedan,Yes,No,Low,No
46,55,95812,21,2,3,7,4,Male,Urban,Truck,Yes,Yes,Low,Yes
47,42,30000,36.2,1,1,1,5,Male,Rural,Hatchback,Yes,Yes,Low,Yes
48,31,69054,45.9,1,4,8,4,Female,Suburban,SUV,Yes,No,Low,No
49,55,75874,52.2,1,3,12,4,Female,Urban,SUV,No,Yes,Low,No
50,58,73928,5,1,3,10,5,Female,Urban,Truck,No,No,Low,No
51,67,89526,28.5,1,5,1,5,Female,Suburban,Sedan,Yes,Yes,Low,Yes
52,35,154551,5,2,6,15,4,Female,Urban,Sedan,Yes,Yes,Low,Yes
53,39,98296,39.6,1,3,1,2,Female,Suburban,SUV,Yes,Yes,Low,No
54,53,64417,30.4,1,5,9,2,Female,Suburban,Sedan,Yes,Yes,Low,No
55,60,59521,5,3,5,6,5,Female,Urban,Sedan,No,Yes,Low,Yes
56,38,65801,34.4,4,7,17,5,Male,Urban,Sedan,Yes,Yes,Low,No
57,31,111875,45.4,1,2,3,3,Female,Urban,Sedan,No,No,Medium,No
58,37,102855,57.7,1,0,2,2,Male,Suburban,SUV,No,Yes,Medium,No
59,53,126966,52.1,2,4,19,4,Female,Urban,SUV,Yes,Yes,Low,Yes
60,53,86844,59,2,2,18,4,Male,Urban,SUV,Yes,No,Low,No
61,34,95772,22,1,1,1,3,Female,Rural,Sedan,No,No,Medium,No
62,49,51741,33.4,2,0,7,4,Female,Suburban,SUV,No,No,Low,No
63,35,75480,5,2,0,7,3,Male,Suburban,SUV,Yes,Yes,Low,No
64,53,75874,47.1,3,0,2,5,Male,Suburban,Sedan,Yes,Yes,Low,No
65,31,90977,37.2,2,7,5,3,Female,Suburban,SUV,Yes,Yes,Low,No
66,47,106031,33.6,1,9,4,1,Female,Urban,Sedan,No,No,Medium,No
67,56,78447,26.5,1,6,6,2,Male,Suburban,Hatchback,Yes,Yes,Low,No
68,52,63341,54.3,1,1,1,2,Male,Rural,Sedan,Yes,No,Low,No
69,68,100627,53.2,2,6,14,1,Male,Urban,SUV,No,Yes,Low,No
70,52,133893,61.1,2,5,3,1,Female,Suburban,Sedan,No,No,Medium,No
71,57,94741,50.8,1,0,8,5,Male,Suburban,SUV,Yes,Yes,Low,No
72,31,72875,47.2,1,9,12,4,Male,Urban,Sedan,Yes,Yes,Low,No
73,56,78737,37.5,2,0,2,2,Male,Rural,Sedan,Yes,Yes,Low,No
74,69,121824,57.2,1,11,5,4,Male,Urban,SUV,Yes,Yes,Low,No
75,59,62211,52,1,5,6,4,Female,Suburban,SUV,Yes,Yes,Low,No
76,67,123594,12.8,2,4,5,5,Male,Urban,SUV,No,Yes,Low,Yes
77,59,122042,28.3,3,6,14,5,Female,Urban,Sedan,No,Yes,Low,Yes
78,56,121956,57.1,2,2,0,5,Male,Rural,SUV,Yes,Yes,Low,Yes
79,63,63771,12.7,2,7,5,4,Female,Suburban,Sedan,Yes,No,Low,No
80,67,96749,5,2,0,1,2,Female,Rural,SUV,Yes,No,Low,No
81,41,76537,41.2,2,5,8,2,Female,Suburban,Sedan,Yes,Yes,Low,No
82,41,107585,5,2,6,18,5,Female,Urban,Truck,No,Yes,Low,Yes
83,64,30000,5,2,2,3,4,Female,Urban,Sedan,Yes,Yes,Low,No
84,31,89893,5,1,1,5,2,Male,Suburban,Sedan,Yes,Yes,Low,No
85,49,88350,48.7,2,1,0,4,Male,Rural,SUV,Yes,No,Low,No
86,40,107418,45.8,1,1,7,3,Female,Suburban,Hatchback,Yes,Yes,Low,No
87,54,57898,5,1,3,14,2,Male,Urban,SUV,No,No,Low,No
88,69,81093,43.9,1,0,3,2,Female,Rural,Sedan,Yes,No,Low,No
89,58,87431,5,2,4,6,1,Male,Urban,SUV,Yes,No,Low,No
90,30,121067,33.6,1,7,7,2,Other,Urban,Sedan,No,No,Medium,No
91,62,30000,37.1,2,3,9,1,Female,Urban,SUV,Yes,No,Low,No
92,38,30000,39.3,2,0,8,2,Male,Suburban,Sedan,Yes,Yes,Low,No
93,56,105640,43.9,1,11,9,2,Female,Urban,SUV,No,No,Low,No
94,64,96573,51.2,1,2,3,2,Female,Rural,Sedan,Yes,Yes,Low,No
95,53,61380,64.6,2,14,15,5,Male,Urban,Sedan,No,Yes,Low,Yes
96,32,70864,49.2,1,8,3,1,Male,Urban,Sedan,No,No,Medium,No
97,58,81778,5,1,4,13,2,Female,Urban,Hatchback,No,No,Low,No
98,61,89277,36,2,6,9,4,Female,Urban,SUV,No,Yes,Low,No
99,61,81143,5,2,2,2,3,Female,Rural,Hatchback,Yes,Yes,Low,Yes
100,53,44909,47.9,2,0,8,2,Male,Suburban,Truck,Yes,Yes,Low,No
101,58,85833,43.6,1,6,17,2,Female,Urban,Hatchback,No,No,Low,No
102,67,81277,49.3,1,0,3,4,Female,Rural,SUV,Yes,Yes,Low,No
103,48,30000,48.9,1,8,10,1,Female,Urban,Sedan,No,Yes,Low,No
104,68,114050,49.1,1,0,3,2,Male,Rural,Hatchback,Yes,No,Low,No
105,36,84529,5,2,7,4,2,Female,Suburban,Sedan,Yes,No,Low,No
106,46,112555,5,1,2,2,4,Male,Rural,Hatchback,Yes,Yes,Low,Yes
107,33,56888,11.7,2,10,11,1,Female,Urban,Sedan,Yes,Yes,Low,No
108,50,43932,43.3,2,3,8,5,Male,Suburban,Sedan,Yes,Yes,Low,No
109,49,88201,5,1,7,2,3,Female,Suburban,Truck,Yes,No,Low,No
110,66,76958,18.8,2,2,2,4,Male,Suburban,Sedan,Yes,Yes,Low,No
111,47,76495,5,1,5,1,1,Female,Suburban,Hatchback,Yes,No,Low,No
112,47,146435,43.9,1,4,6,5,Female,Suburban,Hatchback,Yes,No,Low,No
113,26,103890,27.9,2,4,13,2,Male,Urban,Sedan,Yes,Yes,Low,No
114,29,107778,30.9,2,9,11,3,Male,Urban,Hatchback,No,No,Low,No
115,68,116370,24.4,1,5,2,3,Female,Suburban,Sedan,Yes,No,Low,No
116,69,72989,22.4,2,3,5,3,Female,Suburban,Sedan,Yes,Yes,Low,No
117,25,49710,35.7,1,3,1,5,Female,Suburban,Truck,Yes,Yes,Low,No
118,66,79499,66.6,1,6,11,4,Female,Urban,SUV,No,Yes,Medium,No
119,66,81110,5,3,0,1,2,Male,Rural,Hatchback,Yes,Yes,Low,No
120,26,93922,27.9,1,7,4,2,Female,Suburban,Sedan,Yes,No,Low,No
121,39,96523,58.9,2,0,3,5,Female,Suburban,Truck,No,Yes,Medium,No
122,38,103550,36.8,1,6,5,3,Male,Suburban,Sedan,Yes,Yes,Low,No
123,43,104533,27.5,2,7,17,2,Female,Urban,Hatchback,No,No,Low,No
124,49,73462,30.1,1,0,1,4,Male,Rural,SUV,Yes,No,Medium,No
125,35,123547,59,2,2,7,3,Male,Suburban,Sedan,Yes,No,Low,No
126,69,30000,49,2,2,7,4,Male,Urban,Truck,No,No,Medium,No
127,40,59845,47.9,2,5,1,2,Female,Suburban,SUV,Yes,No,Low,No
128,46,100435,42.9,2,2,0,4,Male,Rural,Hatchback,Yes,No,Low,No
129,54,69446,5,1,5,8,5,Female,Suburban,Sedan,No,No,Medium,No
130,28,146967,28.4,2,5,13,4,Male,Urban,Sedan,No,Yes,Low,Yes
131,28,80777,5,2,2,10,1,Female,Urban,Sedan,No,No,Low,No
132,44,90506,5,2,7,4,2,Male,Suburban,Sedan,No,No,Low,No
133,41,64714,5,3,3,9,1,Female,Suburban,Sedan,Yes,Yes,Low,No
134,66,106769,65.1,3,9,5,4,Male,Urban,SUV,Yes,No,Low,No
135,32,64472,55.7,1,5,9,5,Male,Urban,Hatchback,Yes,Yes,Low,No
136,45,103547,32.1,1,5,3,4,Female,Suburban,Sedan,No,Yes,Medium,No
137,59,100545,71.3,1,13,15,3,Male,Urban,SUV,Yes,Yes,Low,No
138,49,67524,50.4,2,11,18,2,Male,Urban,Sedan,Yes,No,Low,No
139,50,122347,41.2,1,6,8,3,Female,Suburban,Truck,Yes,No,Low,No
140,51,81699,5,2,4,7,3,Male,Suburban,SUV,Yes,No,Low,No
141,26,103955,40.9,2,4,9,5,Male,Suburban,SUV,Yes,Yes,Low,Yes
142,67,78723,58.8,2,2,3,3,Male,Rural,SUV,Yes,No,Low,No
143,29,74450,5,1,2,18,5,Male,Urban,Sedan,No,Yes,Low,Yes
144,52,78957,5,2,11,6,4,Male,Urban,Sedan,Yes,Yes,Low,No
145,65,65469,61.4,1,7,8,1,Female,Urban,SUV,No,No,Low,No
146,48,93680,29.2,2,5,8,4,Female,Urban,Sedan,Yes,Yes,Low,No
147,64,120579,16.2,1,1,3,1,Male,Rural,Sedan,Yes,Yes,Low,No
148,32,64151,57.4,2,12,18,2,Male,Urban,Sedan,No,Yes,Low,No
149,63,99619,26.9,1,1,2,2,Male,Rural,SUV,Yes,Yes,Low,No
150,34,65766,5,2,6,18,1,Male,Urban,Sedan,No,No,Low,No
151,47,155959,46.7,1,2,3,1,Male,Rural,Sedan,Yes,No,Low,No
152,31,91613,5,2,4,16,4,Female,Urban,Truck,No,Yes,Low,No
153,53,97563,5,1,6,3,1,Female,Suburban,Sedan,Yes,Yes,Low,No
154,56,30000,49.5,2,2,6,1,Female,Suburban,SUV,Yes,Yes,Low,No
155,35,63919,29.5,2,1,8,5,Female,Suburban,Truck,Yes,Yes,Low,No
156,26,84554,28.4,1,3,16,1,Female,Urban,SUV,Yes,No,Low,No
157,64,30000,32.4,1,14,19,5,Male,Urban,Hatchback,No,No,Low,No
158,54,71949,42.1,2,1,3,5,Female,Rural,SUV,Yes,Yes,Low,Yes
159,56,114667,32.7,2,13,13,5,Male,Urban,SUV,Yes,Yes,Low,Yes
160,61,128821,48.7,1,2,1,1,Male,Rural,Sedan,Yes,Yes,Low,No
161,41,125951,37.2,2,1,9,3,Female,Suburban,Sedan,Yes,No,Low,No
162,65,103474,5,2,6,7,1,Male,Suburban,SUV,Yes,Yes,Low,No
163,26,52391,46.2,1,0,3,3,Other,Rural,Sedan,Yes,Yes,Low,No
164,31,86474,43.2,2,1,0,2,Male,Rural,Sedan,Yes,No,Low,No
165,58,30000,54.8,2,2,13,2,Male,Urban,Sedan,Yes,Yes,Low,No
166,45,64584,54.4,1,2,3,3,Female,Rural,SUV,Yes,No,Low,No
167,31,84595,38.3,2,12,13,5,Male,Urban,Hatchback,No,Yes,Low,No
168,64,59798,5,1,6,4,2,Male,Suburban,SUV,Yes,No,Low,No
169,56,111132,61.4,3,2,2,5,Female,Rural,SUV,Yes,Yes,Low,Yes
170,69,75904,59,2,9,15,3,Male,Urban,Sedan,No,No,Low,No
171,46,53598,26,1,7,5,3,Male,Suburban,SUV,Yes,No,Low,No
172,69,87487,26.6,2,4,1,3,Male,Suburban,Sedan,Yes,Yes,Low,Yes
173,49,93599,56.5,1,1,1,3,Male,Rural,Sedan,Yes,No,Low,No
174,29,86831,31.5,2,5,12,4,Male,Urban,Truck,Yes,Yes,Low,No
175,50,95845,5,2,14,10,2,Female,Urban,SUV,No,No,Low,No
176,49,106565,33.5,2,5,3,5,Male,Urban,Sedan,Yes,No,Low,No
177,52,129990,46.7,1,1,1,2,Female,Rural,Sedan,Yes,No,Low,No
178,26,107778,5,2,2,14,3,Male,Urban,Hatchback,No,Yes,Low,No
179,47,114739,40.4,1,3,4,1,Male,Suburban,Hatchback,Yes,Yes,Low,No
180,50,74099,31.4,1,0,3,3,Female,Rural,Truck,Yes,Yes,Low,No
181,53,69538,52.4,2,9,3,5,Female,Urban,SUV,No,Yes,Medium,Yes
182,55,81699,26.7,1,2,12,2,Male,Urban,Sedan,No,Yes,Low,No
183,58,102589,25.2,1,3,5,5,Female,Suburban,Sedan,Yes,Yes,Low,Yes
184,26,81785,5,1,13,4,5,Female,Urban,Sedan,No,Yes,Low,Yes
185,28,80728,5,2,2,17,3,Male,Urban,Sedan,No,Yes,Low,No
186,50,89354,39.3,2,10,10,5,Female,Urban,Sedan,Yes,No,Low,No
187,63,92325,54.5,1,6,16,5,Male,Urban,SUV,No,Yes,Low,No
188,55,99440,63.9,2,6,9,4,Male,Suburban,SUV,Yes,Yes,Low,No
189,28,115933,29.3,1,2,7,2,Male,Suburban,SUV,Yes,Yes,Low,No
190,51,115676,21.3,2,1,6,1,Female,Suburban,SUV,Yes,Yes,Low,No
191,32,91560,38.9,1,1,3,4,Female,Rural,Sedan,Yes,No,Low,No
192,26,30000,57.7,2,0,8,2,Male,Suburban,Sedan,Yes,No,Low,No
193,30,30000,5,1,11,13,4,Female,Urban,SUV,Yes,Yes,Low,No
194,56,92873,55.1,2,14,17,3,Male,Urban,Sedan,No,No,Low,No
195,56,113623,40.3,1,4,4,3,Male,Suburban,Hatchback,Yes,No,Low,No
196,58,78168,19.7,1,0,1,3,Male,Rural,SUV,Yes,Yes,Low,No
197,53,106533,24.2,1,3,6,2,Male,Suburban,Sedan,Yes,Yes,Low,No
198,26,119835,41.7,3,2,2,1,Male,Rural,Truck,Yes,Yes,Low,No
199,26,72969,37.4,1,0,3,3,Female,Rural,Hatchback,Yes,No,Low,No
200,29,66522,60.7,1,1,3,3,Male,Rural,SUV,Yes,Yes,Low,No
201,48,69585,37.4,1,1,1,4,Male,Rural,Sedan,Yes,Yes,Low,No
202,55,69768,29,2,7,19,1,Female,Urban,Sedan,No,No,Low,No
203,30,97980,46.6,1,12,13,5,Female,Urban,Hatchback,Yes,Yes,Low,Yes
204,34,65871,16.3,3,6,1,3,Male,Suburban,Sedan,Yes,No,Low,No
205,33,129919,22.2,2,0,1,1,Female,Suburban,SUV,Yes,No,Low,No
206,62,121657,33.6,2,0,0,2,Male,Rural,Hatchback,Yes,No,Low,No
207,30,78531,48,2,5,3,1,Female,Suburban,SUV,Yes,Yes,Low,No
208,58,30000,54.4,1,7,5,3,Male,Urban,SUV,No,No,Medium,No
209,51,93353,31.3,2,0,8,4,Female,Suburban,SUV,Yes,No,Low,No
210,50,74951,43.6,1,6,8,4,Male,Suburban,Hatchback,Yes,Yes,Low,No
211,30,83086,34,2,3,4,1,Male,Suburban,Sedan,Yes,No,Low,No
212,58,74099,31,2,0,1,5,Male,Suburban,Sedan,Yes,No,Low,No
213,56,78740,5,1,3,5,4,Male,Urban,Sedan,Yes,No,Low,No
214,37,61888,25,2,7,2,2,Female,Suburban,SUV,Yes,Yes,Low,No
215,49,78566,32.4,1,14,16,1,Female,Urban,SUV,No,Yes,Low,No
216,29,122347,67.5,1,5,5,2,Female,Suburban,SUV,Yes,No,Low,No
217,58,104860,54.1,1,0,1,5,Male,Rural,SUV,Yes,Yes,Low,Yes
218,57,93989,62.4,3,11,12,4,Female,Urban,Sedan,Yes,No,Low,No
219,62,83059,44,2,2,2,4,Male,Suburban,SUV,No,Yes,High,No
220,43,87877,39.3,1,6,9,3,Female,Suburban,Sedan,Yes,Yes,Low,No
221,29,30000,34.7,2,11,19,2,Female,Urban,SUV,No,No,Low,No
222,27,82460,33.4,2,4,12,4,Male,Urban,Sedan,Yes,Yes,Low,Yes
223,57,70829,47.9,2,2,14,4,Male,Urban,Sedan,No,Yes,Low,Yes
224,47,86924,45.4,1,3,3,1,Male,Suburban,SUV,Yes,Yes,Low,No
225,35,30000,5,3,1,3,5,Female,Rural,Sedan,Yes,No,Low,No
226,50,62225,52.5,3,8,16,1,Female,Urban,Sedan,No,Yes,Low,No
227,68,88345,5,4,12,9,2,Male,Urban,Hatchback,No,No,Low,No
228,63,63371,35.2,2,0,8,2,Female,Suburban,Sedan,Yes,Yes,Low,No
229,47,88637,30.5,2,6,8,5,Male,Suburban,Sedan,Yes,No,Low,No
230,68,86069,5,1,14,6,4,Female,Urban,Hatchback,No,No,Low,No
231,49,58764,30.4,2,0,1,1,Female,Rural,SUV,Yes,No,Low,No
232,37,30000,43.1,2,1,0,1,Male,Rural,SUV,Yes,Yes,Low,No
233,60,105587,52.4,3,1,3,5,Female,Suburban,Sedan,Yes,No,Low,No
234,40,84531,5,2,4,15,4,Male,Urban,SUV,Yes,Yes,Low,Yes
235,35,79856,39.3,2,14,15,1,Female,Urban,Truck,No,Yes,Low,No
236,34,113589,5,2,2,8,2,Male,Suburban,SUV,Yes,Yes,Low,No
237,43,91273,29.4,1,6,7,2,Female,Suburban,Sedan,Yes,Yes,Low,No
238,62,120720,5,1,2,0,2,Female,Rural,Sedan,Yes,Yes,Low,No
239,35,90838,28,2,5,5,1,Female,Suburban,SUV,Yes,Yes,Low,No
240,38,139330,5,1,3,7,3,Male,Suburban,SUV,Yes,No,Low,No
241,56,84851,50.4,1,3,4,3,Male,Suburban,Sedan,Yes,Yes,Low,No
242,35,30000,20,1,2,2,3,Female,Rural,Hatchback,Yes,Yes,Low,No
243,53,93726,31.3,1,2,1,5,Male,Suburban,SUV,Yes,Yes,Low,Yes
244,53,58383,61.8,3,8,5,2,Female,Urban,SUV,Yes,Yes,Low,No
245,55,118904,38.1,1,6,2,1,Female,Suburban,SUV,Yes,Yes,Low,No
246,63,73220,17.6,2,1,0,4,Female,Rural,Sedan,No,Yes,Medium,No
247,45,79897,50,3,5,4,2,Male,Suburban,Sedan,Yes,Yes,Low,No
248,69,30000,5,1,4,4,1,Female,Suburban,SUV,Yes,Yes,Low,No
249,44,81718,29.3,1,2,4,2,Male,Suburban,Sedan,Yes,Yes,Low,No
250,27,76983,35.3,3,4,4,3,Male,Suburban,SUV,Yes,Yes,Low,No
251,36,30000,70.9,1,9,3,1,Female,Urban,SUV,No,Yes,Medium,No
252,31,133621,66,2,6,6,1,Female,Suburban,Sedan,Yes,Yes,Low,No
253,45,91675,52.5,3,6,19,1,Female,Urban,Sedan,Yes,Yes,Low,No
254,42,66439,30.2,1,6,2,3,Male,Suburban,SUV,Yes,Yes,Low,No
255,47,30000,32,4,3,7,4,Male,Suburban,SUV,Yes,No,Low,No
256,61,89831,44.5,1,11,13,1,Male,Urban,Sedan,Yes,No,Low,No
257,46,94581,22.2,1,7,9,5,Male,Suburban,Hatchback,Yes,Yes,Low,No
258,42,132058,39.7,2,6,16,4,Male,Urban,SUV,No,Yes,Low,Yes
259,45,94814,40,1,5,14,5,Male,Urban,Hatchback,No,Yes,Low,Yes
260,64,30000,5,1,1,2,1,Female,Suburban,Sedan,Yes,No,Low,No
261,41,30000,31.5,1,2,16,5,Female,Urban,Hatchback,Yes,Yes,Low,Yes
262,52,74941,38.8,1,8,14,3,Female,Urban,Sedan,No,No,Low,No
263,31,30000,30.3,2,2,0,2,Male,Rural,SUV,Yes,No,Low,No
264,29,53600,21.7,2,8,7,3,Male,Urban,Sedan,Yes,Yes,Low,No
265,45,84595,55.3,3,3,16,1,Male,Urban,SUV,Yes,No,Low,No
266,47,92798,38,4,8,7,2,Male,Urban,Truck,No,No,Low,No
267,30,78047,55.7,1,8,19,5,Female,Urban,Sedan,Yes,No,Low,No
268,25,78871,28.7,1,4,2,2,Male,Suburban,SUV,Yes,Yes,Low,No
269,30,91882,40.6,1,11,10,1,Female,Urban,SUV,No,Yes,Low,No
270,45,119608,49.7,1,9,11,1,Male,Urban,Hatchback,Yes,No,Low,No
271,63,115513,53.7,1,5,5,5,Female,Suburban,SUV,No,No,Medium,No
272,61,74609,54.4,1,1,1,4,Male,Rural,Hatchback,Yes,No,Low,No
273,49,102593,34.3,1,6,17,2,Female,Urban,SUV,Yes,Yes,Low,No
274,44,56530,48.5,2,0,8,1,Male,Suburban,Sedan,Yes,Yes,Low,No
275,33,72896,21.1,2,10,15,5,Male,Urban,Sedan,No,Yes,Low,Yes
276,61,56563,21.3,4,0,0,1,Male,Rural,Hatchback,Yes,No,Low,No
277,55,124410,50.3,1,7,6,2,Male,Suburban,Sedan,Yes,Yes,Low,No
278,59,109476,42.4,1,6,9,4,Female,Suburban,Sedan,Yes,Yes,Low,Yes
279,61,72270,43.5,2,14,17,1,Male,Urban,Sedan,No,Yes,Low,No
280,65,131332,17.1,1,1,1,5,Other,Rural,Sedan,Yes,Yes,Low,Yes
281,53,54773,46.7,3,3,6,1,Female,Suburban,SUV,Yes,Yes,Low,No
282,38,104489,46.7,2,0,2,3,Male,Suburban,Sedan,Yes,Yes,Low,Yes
283,28,65470,5,1,13,9,4,Male,Urban,Sedan,No,No,Low,No
284,39,125064,40.1,2,1,3,3,Male,Suburban,Sedan,No,Yes,Medium,No
285,60,132951,26.6,3,2,2,4,Male,Suburban,Sedan,Yes,Yes,Low,Yes
286,52,81143,51.8,1,9,19,1,Male,Urban,SUV,No,No,Low,No
287,34,104555,62.1,1,7,4,4,Female,Urban,SUV,Yes,Yes,Low,No
288,29,118533,22.6,2,3,13,5,Female,Urban,SUV,Yes,Yes,Low,Yes
289,30,84560,56,2,14,7,3,Female,Urban,Truck,No,Yes,Low,No
290,35,30000,41.2,1,0,1,4,Female,Rural,Sedan,Yes,Yes,Low,No
291,49,106747,33.6,1,4,8,2,Male,Suburban,Sedan,Yes,Yes,Low,Yes
292,56,86649,5,2,2,0,5,Male,Rural,Sedan,Yes,Yes,Low,Yes
293,59,92283,50.7,3,13,7,1,Male,Urban,SUV,No,Yes,Low,No
294,34,79563,5,2,4,5,1,Female,Suburban,Sedan,Yes,No,Low,No
295,60,120101,53,1,2,7,4,Female,Suburban,Sedan,Yes,No,Low,No
296,33,88380,47,1,1,1,1,Female,Rural,Sedan,Yes,Yes,Low,No
297,56,91712,5,2,1,9,1,Male,Suburban,Hatchback,Yes,No,Low,No
298,41,81718,44.7,2,7,9,4,Female,Urban,SUV,No,Yes,Medium,No
299,52,72638,46.3,1,7,7,3,Male,Urban,Sedan,Yes,No,Low,No
300,57,97580,5,2,1,0,4,Male,Rural,Sedan,Yes,Yes,Low,Yes
301,33,81956,5,1,4,3,2,Male,Suburban,Hatchback,Yes,No,Low,No
302,52,111797,52.8,2,2,2,3,Male,Rural,Sedan,Yes,No,Low,No
303,66,59901,5,2,12,5,2,Female,Urban,Sedan,Yes,Yes,Low,Yes
304,46,73320,38.9,2,12,11,1,Female,Urban,Sedan,No,No,Medium,No
305,69,91353,39.1,2,0,1,1,Female,Rural,SUV,Yes,Yes,Low,No
306,27,91325,18.5,2,6,6,2,Female,Suburban,SUV,Yes,Yes,Low,No
307,43,87278,34.1,1,2,5,3,Female,Suburban,SUV,Yes,Yes,Low,No
308,64,77550,5,1,10,16,3,Male,Urban,SUV,Yes,No,Low,No
309,58,88069,71.4,1,6,5,5,Female,Suburban,Hatchback,No,Yes,Medium,No
310,36,119154,54.4,2,7,4,4,Female,Urban,Hatchback,No,Yes,Low,No
311,50,90161,52.5,2,6,5,1,Female,Suburban,Sedan,Yes,Yes,Low,No
312,63,68159,50,1,6,9,1,Female,Urban,SUV,Yes,Yes,Low,No
313,60,121363,38.5,2,10,15,4,Female,Urban,Hatchback,No,Yes,Low,Yes
314,27,64417,5,1,6,7,1,Female,Urban,Sedan,No,Yes,Low,No
315,44,70922,5,2,6,8,2,Female,Suburban,Sedan,No,Yes,Low,No
316,29,93683,47.8,1,2,1,1,Male,Rural,SUV,Yes,Yes,Low,No
317,38,80797,47.1,1,3,6,2,Female,Suburban,Sedan,Yes,Yes,Low,No
318,67,84999,21.7,1,6,7,4,Female,Suburban,Sedan,Yes,Yes,Low,No
319,58,100720,22.7,2,13,15,4,Male,Urban,Sedan,Yes,Yes,Low,Yes
320,39,131534,39.4,4,0,2,3,Female,Rural,SUV,Yes,Yes,Low,No
321,66,112134,32.1,1,3,3,3,Male,Suburban,Sedan,Yes,Yes,Low,No
322,40,83735,31.5,2,5,8,2,Female,Urban,Truck,No,No,Low,No
323,32,107481,31.7,1,6,16,3,Female,Urban,Sedan,Yes,Yes,Low,No
324,55,172334,31.3,2,5,4,4,Male,Suburban,Sedan,Yes,Yes,Low,Yes
325,49,75799,25.4,2,0,6,2,Female,Suburban,Sedan,Yes,Yes,Low,No
326,29,79856,44.3,1,9,19,5,Female,Urban,Sedan,No,Yes,Medium,Yes
327,63,96517,5,3,5,5,3,Male,Suburban,Hatchback,Yes,Yes,Low,Yes
328,40,53327,5,4,12,6,4,Male,Urban,SUV,Yes,No,Low,No
329,59,85982,43.1,2,0,5,5,Male,Suburban,Sedan,Yes,Yes,Low,Yes
330,59,72483,5,1,4,7,1,Female,Urban,Truck,No,No,Medium,No
331,39,86563,5,2,0,3,4,Male,Rural,Hatchback,Yes,No,Low,No
332,60,48894,47.4,1,4,9,5,Female,Urban,SUV,No,Yes,Medium,No
333,69,30000,5,2,0,0,3,Female,Rural,Sedan,Yes,No,Low,No
334,30,83557,52.6,1,13,5,3,Male,Urban,SUV,No,Yes,Medium,No
335,39,92494,48.2,2,2,5,5,Male,Suburban,Sedan,Yes,Yes,Low,Yes
336,26,81954,5,1,6,8,2,Male,Suburban,Sedan,Yes,No,Low,No
337,29,122980,36.3,1,1,3,4,Female,Rural,Sedan,Yes,Yes,Low,Yes
338,69,124823,51,1,4,6,5,Female,Urban,Sedan,Yes,Yes,Low,Yes
339,56,94236,30,1,12,18,5,Male,Urban,Hatchback,No,Yes,Low,No
340,36,69955,44.4,1,4,5,3,Male,Suburban,Sedan,Yes,Yes,Low,Yes
341,65,101062,16.9,2,1,0,3,Male,Rural,Sedan,Yes,Yes,Low,No
342,47,89281,23.6,2,5,16,2,Male,Urban,Sedan,No,No,Medium,No
343,69,93957,25.9,1,5,7,2,Female,Suburban,SUV,Yes,No,Low,No
344,32,94545,55.4,1,5,5,5,Female,Suburban,Sedan,Yes,Yes,Low,Yes
345,43,104489,30.6,2,2,16,5,Female,Urban,Sedan,Yes,Yes,Low,Yes
346,31,146538,45.1,3,2,12,1,Male,Urban,Sedan,Yes,Yes,Low,No
347,54,75621,33.7,1,6,4,3,Female,Suburban,Sedan,Yes,Yes,Low,No
348,60,87823,29.5,2,2,7,1,Female,Suburban,Sedan,No,Yes,Low,No
349,41,163069,47.5,1,7,14,2,Female,Urban,Sedan,Yes,Yes,Low,No
350,30,47784,42.7,3,11,19,2,Male,Urban,SUV,Yes,Yes,Low,No
351,50,83066,54.4,3,3,18,1,Female,Urban,Sedan,No,No,Medium,No
352,64,115922,60.4,1,8,19,2,Female,Urban,Sedan,Yes,No,Low,No
353,67,48168,27.7,2,4,18,1,Male,Urban,Sedan,No,No,Low,No
354,60,82669,31.4,1,14,11,5,Male,Urban,Sedan,Yes,No,Low,No
355,41,63750,57.2,2,3,6,3,Female,Suburban,Sedan,Yes,Yes,Low,No
356,46,82436,5,3,12,12,4,Male,Urban,Sedan,Yes,No,Low,No
357,55,71803,40.4,3,7,8,3,Female,Suburban,Sedan,Yes,Yes,Low,No
358,51,30000,22.2,1,13,8,2,Male,Urban,Sedan,No,No,Low,No
359,39,120741,5,2,2,7,2,Female,Urban,Hatchback,Yes,Yes,Low,No
360,55,132976,24.6,2,0,6,5,Male,Suburban,SUV,Yes,Yes,Low,Yes
361,33,68670,23.2,2,11,5,3,Female,Urban,Hatchback,No,Yes,Medium,No
362,44,30000,21.8,2,5,11,5,Female,Urban,SUV,No,Yes,Medium,No
363,56,84701,25.4,1,10,17,4,Female,Urban,SUV,Yes,Yes,Low,Yes
364,32,52615,54.7,2,2,8,1,Male,Suburban,SUV,No,Yes,Low,No
365,28,51906,52.2,2,13,3,5,Female,Urban,SUV,Yes,Yes,Low,Yes
366,61,124405,43.5,2,5,9,5,Female,Suburban,Sedan,Yes,Yes,Low,Yes
367,65,105796,5,1,0,5,1,Female,Suburban,Sedan,Yes,No,Low,No
368,67,107839,31.8,1,7,6,3,Male,Urban,Sedan,Yes,Yes,Low,No
369,46,114956,56.6,1,7,8,4,Male,Suburban,Hatchback,No,Yes,Low,Yes
370,62,105576,22,2,2,19,2,Male,Urban,SUV,No,Yes,Low,No
371,30,107191,49,3,6,7,3,Female,Suburban,Hatchback,Yes,Yes,Low,No
372,64,97937,5,4,11,6,3,Male,Urban,SUV,Yes,Yes,Low,No
373,58,84768,27.3,3,2,7,4,Female,Suburban,SUV,Yes,Yes,Low,No
374,37,92749,5,3,5,2,3,Female,Suburban,Sedan,Yes,Yes,Low,No
375,52,134591,5,1,3,3,1,Male,Suburban,Truck,Yes,No,Low,No
376,48,93383,5,1,6,9,1,Female,Suburban,Sedan,No,No,Medium,No
377,46,94032,43.2,2,1,3,3,Female,Suburban,Sedan,Yes,Yes,Low,No
378,58,114964,24.5,2,14,14,1,Female,Urban,Sedan,No,No,Low,No
379,62,142784,33.1,2,7,7,5,Other,Suburban,Sedan,Yes,Yes,Low,Yes
380,43,83086,20.2,1,2,0,5,Female,Rural,Sedan,Yes,No,Low,No
381,63,67890,5,1,12,18,2,Male,Urban,SUV,No,No,Low,No
382,29,80545,45.3,2,2,9,4,Female,Suburban,Hatchback,No,Yes,Low,No
383,53,30000,5,2,5,4,5,Male,Urban,Sedan,Yes,Yes,Low,No
384,69,90674,37.7,2,6,2,5,Female,Suburban,Sedan,Yes,Yes,Low,No
385,63,102751,46.8,2,7,6,2,Male,Urban,SUV,No,Yes,Low,No
386,43,76650,26,2,2,5,4,Other,Suburban,Sedan,Yes,No,Low,No
387,67,100018,19.9,2,0,0,1,Female,Rural,Sedan,Yes,No,Low,No
388,50,74075,46.3,1,2,4,5,Female,Suburban,Hatchback,Yes,Yes,Low,No
389,28,83950,38.7,2,10,18,3,Female,Urban,Sedan,Yes,Yes,Low,No
390,49,30000,35.8,1,0,3,2,Male,Suburban,Sedan,Yes,Yes,Low,No
391,30,121461,27,2,3,6,5,Female,Suburban,SUV,Yes,Yes,Low,Yes
392,36,73566,46.4,2,1,0,1,Female,Rural,SUV,Yes,Yes,Low,No
393,46,150609,40.5,3,10,9,5,Female,Urban,Sedan,No,Yes,Low,Yes
394,57,80791,33.2,2,4,9,4,Female,Suburban,Sedan,Yes,Yes,Low,Yes
395,33,111259,32.3,2,7,4,1,Male,Urban,SUV,No,Yes,Medium,No
396,34,75980,5,1,10,3,2,Female,Urban,Sedan,Yes,No,Low,No
397,45,30000,20.7,1,2,0,4,Male,Rural,Sedan,Yes,Yes,Low,No
398,35,30000,5,1,10,18,3,Male,Urban,SUV,No,Yes,Low,No
399,60,96418,50.3,2,3,4,5,Female,Suburban,Sedan,Yes,No,Low,No
400,56,123549,27.2,2,2,5,3,Male,Suburban,Sedan,Yes,No,Low,No
401,69,75512,56.4,2,10,10,3,Female,Urban,Truck,No,Yes,Low,No
402,26,82699,28.7,2,1,2,4,Male,Rural,Sedan,Yes,Yes,Low,Yes
403,59,90912,29.8,2,1,0,4,Male,Rural,Sedan,Yes,No,Low,No
404,54,99412,42,2,5,17,5,Female,Urban,SUV,No,No,Low,No
405,58,94858,21.3,2,2,2,1,Male,Rural,SUV,Yes,Yes,Low,No
406,50,30000,37.3,2,4,3,5,Male,Suburban,SUV,No,Yes,Medium,No
407,29,30000,64.7,2,0,9,5,Male,Suburban,Sedan,Yes,Yes,Low,No
408,34,121286,38.8,3,2,4,1,Female,Suburban,SUV,Yes,Yes,Low,No
409,61,84575,5,2,6,16,2,Male,Urban,Truck,Yes,No,Low,No
410,54,95813,40,2,2,16,2,Female,Urban,Truck,No,Yes,Medium,No
411,60,81951,5,3,9,12,1,Female,Urban,SUV,No,Yes,Low,No
412,44,142796,5,1,1,9,1,Female,Suburban,Sedan,Yes,Yes,Low,No
413,34,84560,43.9,3,6,4,4,Male,Suburban,Hatchback,No,Yes,Low,Yes
414,51,47784,54.4,2,7,4,2,Female,Suburban,SUV,Yes,Yes,Low,No
415,44,83027,42.7,2,0,0,3,Male,Rural,SUV,Yes,No,Low,No
416,43,127633,15.4,2,1,3,5,Female,Suburban,SUV,Yes,Yes,Low,Yes
417,59,84681,32.7,2,1,2,4,Female,Rural,SUV,Yes,No,Low,No
418,30,72949,35.4,1,5,4,2,Male,Suburban,Hatchback,Yes,Yes,Low,No
419,43,30000,20.1,1,7,1,3,Male,Suburban,Sedan,No,No,Medium,No
420,60,94959,49.4,2,7,9,1,Female,Suburban,Sedan,Yes,No,Low,No
421,28,67626,56.9,2,4,8,2,Male,Suburban,Sedan,Yes,Yes,Low,Yes
422,57,30000,29.3,2,4,6,2,Female,Suburban,Sedan,Yes,Yes,Low,No
423,38,81483,37.3,1,4,7,5,Male,Suburban,Sedan,Yes,Yes,Low,No
424,62,57000,34.8,1,6,2,2,Male,Suburban,Sedan,Yes,No,Low,No
425,30,129898,5,2,0,3,5,Male,Rural,SUV,Yes,Yes,Low,No
426,34,61458,16,2,0,3,3,Male,Suburban,SUV,Yes,Yes,Low,No
427,44,144722,49.9,1,4,4,5,Male,Suburban,Sedan,No,Yes,Low,Yes
428,57,105640,67.4,2,6,13,1,Female,Urban,SUV,No,Yes,Medium,No
429,55,57898,5,2,0,0,5,Female,Rural,Sedan,Yes,Yes,Low,Yes
430,33,105764,50.3,1,2,12,1,Female,Urban,Sedan,Yes,Yes,Low,No
431,59,93962,17.2,2,6,8,3,Male,Suburban,SUV,Yes,No,Low,No
432,62,77979,42.1,2,2,3,5,Male,Rural,Sedan,Yes,No,Low,No
433,29,77589,32.3,1,6,6,4,Female,Suburban,SUV,Yes,No,Low,No
434,61,115948,32,1,5,7,2,Female,Suburban,SUV,Yes,No,Low,No
435,59,67597,52,2,2,1,4,Male,Rural,Sedan,Yes,Yes,Low,No
436,62,73346,5,1,0,0,5,Male,Rural,SUV,Yes,Yes,Low,Yes
437,38,95247,60.8,1,13,16,2,Female,Urban,Hatchback,No,Yes,Low,No
438,60,110595,44.9,1,2,3,4,Male,Rural,Sedan,Yes,Yes,Low,Yes
439,38,83363,62,1,7,17,3,Male,Urban,SUV,Yes,No,Low,No
440,65,52349,5,2,2,3,3,Male,Rural,Hatchback,Yes,No,Low,No
441,56,80796,30.1,1,2,19,4,Male,Urban,Hatchback,No,No,Low,No
442,67,64584,5,1,6,17,1,Female,Urban,Sedan,No,No,Low,No
443,51,123053,5,2,0,3,3,Male,Suburban,Sedan,Yes,No,Low,No
444,63,30000,46.7,2,6,13,1,Female,Urban,Sedan,Yes,No,Low,No
445,66,30000,5,2,6,4,3,Female,Urban,SUV,Yes,No,Low,No
446,58,97937,5,1,4,7,2,Female,Urban,SUV,Yes,No,Low,No
447,41,81952,5,2,2,8,1,Female,Suburban,SUV,Yes,No,Low,No
448,65,30000,50.2,1,4,6,3,Male,Urban,Sedan,No,No,Medium,No
449,27,90557,35.4,1,5,13,4,Female,Urban,Truck,No,No,Low,No
450,33,39253,55,1,10,5,1,Male,Urban,SUV,Yes,No,Low,No
451,49,30000,39.7,3,12,17,2,Female,Urban,Sedan,No,No,Low,No
452,35,65726,28.9,1,2,10,1,Female,Urban,Sedan,No,Yes,Low,No
453,63,107950,37.5,3,14,17,1,Male,Urban,SUV,Yes,Yes,Low,No
454,58,95515,45.8,2,12,16,3,Female,Urban,SUV,Yes,Yes,Low,No
455,65,111837,18.9,3,2,5,4,Male,Suburban,Sedan,Yes,Yes,Low,No
456,54,78815,27.9,2,4,13,2,Male,Urban,Hatchback,No,No,Low,No
457,47,111951,17.8,2,11,18,5,Male,Urban,Hatchback,No,Yes,Low,Yes
458,39,113911,5,2,7,2,4,Male,Suburban,Sedan,Yes,Yes,Low,Yes
459,41,100872,29.1,1,9,10,4,Male,Urban,SUV,No,No,Medium,No
460,54,102773,16.2,2,2,1,2,Female,Rural,SUV,Yes,No,Low,No
461,32,98671,26.6,2,6,9,5,Female,Suburban,Truck,Yes,Yes,Low,No
462,46,30000,5,1,1,0,2,Male,Rural,SUV,Yes,Yes,Low,No
463,43,30000,34.1,3,13,5,2,Female,Urban,Sedan,No,Yes,Low,No
464,35,92372,38.7,1,2,9,1,Male,Suburban,SUV,Yes,No,Low,No
465,53,99425,5,2,9,17,2,Male,Urban,Sedan,No,Yes,Low,No
466,67,68480,28.6,1,14,6,3,Male,Urban,Hatchback,Yes,Yes,Low,No
467,55,86942,45.3,1,3,12,4,Female,Urban,SUV,Yes,Yes,Low,Yes
468,54,82768,37.5,1,10,6,4,Male,Urban,SUV,No,Yes,Low,No
469,57,132993,41.5,4,0,1,3,Male,Rural,Sedan,Yes,No,Low,No
470,33,64417,32.1,1,7,13,5,Female,Urban,Sedan,No,No,Medium,No
471,63,30000,44,2,0,3,4,Male,Rural,Sedan,Yes,No,Low,No
472,37,74057,39.7,1,2,3,5,Male,Rural,Sedan,Yes,Yes,Low,No
473,45,111282,60.3,1,14,8,4,Male,Urban,Sedan,No,Yes,Low,No
474,29,103132,5,1,2,2,2,Female,Rural,SUV,Yes,No,Low,No
475,44,69465,5,2,6,14,2,Female,Urban,Sedan,No,No,Low,No
476,36,105950,67.5,2,2,4,2,Male,Urban,SUV,No,Yes,High,No
477,28,87895,31.7,2,7,15,1,Male,Urban,Hatchback,Yes,Yes,Low,No
478,25,73947,42.3,4,5,7,4,Female,Suburban,SUV,Yes,No,Low,No
479,26,96537,49.4,2,7,4,4,Male,Suburban,SUV,Yes,Yes,Low,Yes
480,37,115933,53,3,1,8,4,Male,Suburban,SUV,Yes,No,Low,No
481,56,40588,30.4,1,13,16,3,Male,Urban,SUV,No,Yes,Low,No
482,27,114079,29.8,1,12,19,3,Male,Urban,Sedan,No,Yes,Low,No
483,32,43932,56,1,0,1,1,Female,Rural,Sedan,Yes,Yes,Low,No
484,60,97934,56.9,1,9,13,4,Female,Urban,Hatchback,Yes,Yes,Low,Yes
485,48,63737,61,2,13,16,5,Male,Urban,Sedan,Yes,Yes,Low,Yes
486,52,63844,23.9,2,4,6,4,Female,Suburban,Sedan,Yes,No,Low,No
487,52,67778,36.8,1,2,3,4,Male,Rural,Sedan,Yes,No,Low,No
488,43,133770,58.7,1,12,4,5,Male,Urban,Sedan,No,Yes,Low,Yes
489,42,94814,5,2,3,6,3,Female,Suburban,Sedan,Yes,Yes,Low,No
490,44,96526,37.8,1,1,0,2,Female,Rural,SUV,Yes,No,Low,No
491,35,57898,5,2,3,6,5,Male,Urban,Sedan,Yes,Yes,Low,Yes
492,69,88345,62.4,1,7,17,4,Male,Urban,Sedan,No,Yes,Low,No
493,56,93857,44.9,2,3,2,3,Male,Suburban,Sedan,Yes,No,Low,No
494,43,83023,5,2,6,9,4,Female,Urban,Sedan,Yes,Yes,Low,Yes
495,50,75874,29.1,2,10,4,2,Female,Urban,Hatchback,No,Yes,Low,No
496,50,52860,33,1,11,16,2,Female,Urban,SUV,Yes,No,Low,No
497,50,72963,58.4,1,12,7,2,Female,Urban,Sedan,Yes,Yes,Low,No
498,67,91818,5,1,2,2,3,Male,Rural,SUV,Yes,Yes,Low,Yes
499,56,74981,47.3,2,2,9,4,Female,Suburban,Sedan,Yes,No,Low,No
500,56,135849,37.8,1,12,10,3,Female,Urban,Hatchback,Yes,Yes,Low,Yes
501,62,121813,67.6,2,14,13,1,Female,Urban,SUV,No,No,Medium,No
502,41,107430,5,1,5,5,5,Male,Suburban,Hatchback,Yes,Yes,Low,Yes
503,42,58519,5,1,10,14,2,Male,Urban,Sedan,No,No,Low,No
504,50,69998,46.4,2,13,6,2,Male,Urban,Sedan,Yes,No,Low,No
505,25,87555,5,3,11,12,2,Female,Urban,SUV,No,No,Low,No
506,57,100878,42.2,3,9,4,5,Other,Urban,Sedan,No,Yes,Low,Yes
507,46,112750,18.1,3,3,8,5,Male,Suburban,SUV,Yes,No,Low,No
508,45,120518,32.2,1,1,2,1,Male,Suburban,Sedan,Yes,No,Low,No
509,62,72955,49.4,1,9,16,4,Male,Urban,SUV,Yes,No,Low,No
510,34,107315,59.9,3,1,9,4,Female,Suburban,SUV,No,Yes,Low,No
511,26,90150,24.5,2,6,1,1,Female,Suburban,Sedan,Yes,Yes,Low,No
512,66,111245,5,1,8,19,1,Female,Urban,SUV,No,Yes,Low,No
513,35,132490,24.8,1,6,1,5,Male,Suburban,Sedan,Yes,No,Low,No
514,48,126487,55.3,2,2,2,3,Female,Suburban,Truck,Yes,Yes,Low,No
515,37,123826,21.5,1,4,2,2,Female,Suburban,Hatchback,No,Yes,Low,No
516,27,81483,51.1,2,13,12,5,Male,Urban,Hatchback,Yes,Yes,Low,Yes
517,27,96991,23.2,1,7,12,4,Female,Urban,Truck,Yes,No,Low,No
518,52,76983,50.8,1,2,2,4,Female,Rural,Sedan,Yes,No,Low,No
519,41,95892,30.6,1,0,0,5,Male,Rural,SUV,Yes,Yes,Low,Yes
520,29,73556,5,3,11,16,3,Male,Urban,SUV,Yes,Yes,Low,No
521,55,89502,43.2,2,3,8,4,Male,Suburban,Sedan,Yes,No,Low,No
522,45,99524,16.3,1,0,3,2,Male,Rural,Hatchback,Yes,No,Low,No
523,39,90968,36.3,3,11,4,4,Male,Urban,SUV,No,No,Low,No
524,62,53904,43.3,1,6,5,3,Female,Suburban,SUV,Yes,No,Low,No
525,33,132704,26.6,1,10,14,3,Male,Urban,Sedan,No,Yes,Low,Yes
526,26,63919,54.7,2,11,6,5,Male,Urban,Sedan,No,Yes,Low,Yes
527,38,116449,5,2,7,4,3,Female,Urban,Hatchback,Yes,Yes,Low,No
528,53,85342,57,1,12,19,2,Male,Urban,Hatchback,No,Yes,Low,No
529,47,69982,39.3,1,0,0,1,Male,Rural,SUV,Yes,Yes,Low,No
530,37,30000,52.1,3,4,6,2,Male,Suburban,SUV,Yes,Yes,Low,No
531,29,91213,62.4,2,8,15,4,Female,Urban,SUV,Yes,No,Low,No
532,66,107542,5,2,4,1,1,Male,Suburban,Sedan,Yes,Yes,Low,No
533,34,64939,5,1,4,2,2,Male,Suburban,Sedan,Yes,No,Low,No
534,34,90198,51.9,1,14,14,2,Female,Urban,Sedan,Yes,No,Low,No
535,49,113361,5,1,1,2,2,Male,Rural,SUV,Yes,Yes,Low,Yes
536,36,88125,33.3,1,7,11,1,Female,Urban,SUV,No,Yes,Low,No
537,45,121053,45.2,1,2,4,1,Male,Suburban,Sedan,Yes,Yes,Low,No
538,47,77496,5,1,12,11,1,Female,Urban,SUV,No,Yes,Low,No
539,53,92372,36.4,2,2,2,2,Male,Suburban,Sedan,Yes,Yes,Low,No
540,69,98741,34.4,1,6,5,1,Female,Urban,Sedan,Yes,Yes,Low,No
541,36,115576,32.7,1,6,8,3,Male,Urban,Hatchback,Yes,Yes,Low,Yes
542,27,92431,52.2,1,0,9,2,Female,Suburban,SUV,Yes,No,Low,No
543,31,30000,19.7,3,2,5,3,Male,Urban,Sedan,No,Yes,Low,No
544,46,136587,46.2,2,0,9,5,Male,Suburban,SUV,Yes,Yes,Low,Yes
545,44,73479,5,1,3,16,4,Female,Urban,Truck,No,No,Low,No
546,43,67954,5,2,6,6,2,Male,Suburban,SUV,Yes,No,Low,No
547,37,133823,36.8,2,5,6,3,Female,Suburban,Sedan,No,Yes,Medium,No
548,44,52759,5,3,2,9,1,Male,Suburban,Sedan,Yes,Yes,Low,No
549,66,103414,46.5,2,2,7,1,Female,Suburban,Sedan,Yes,Yes,Low,No
550,66,101737,18.8,2,3,9,1,Female,Urban,Sedan,Yes,No,Low,No
551,50,82870,28.4,1,2,2,1,Male,Rural,SUV,Yes,Yes,Low,No
552,63,56845,12.3,2,2,14,1,Male,Urban,Sedan,No,No,Low,No
553,40,61559,5,1,8,12,4,Female,Urban,Truck,No,No,Low,No
554,40,85512,16.6,2,10,3,1,Male,Urban,Truck,No,Yes,Low,No
555,29,89578,44.1,2,0,7,5,Female,Suburban,SUV,Yes,Yes,Low,No
556,54,54729,48.2,2,3,12,4,Male,Urban,Sedan,Yes,No,Low,No
557,62,118431,31,1,0,2,2,Female,Rural,SUV,Yes,No,Low,No
558,51,73949,17.8,1,6,5,5,Female,Suburban,SUV,Yes,No,Low,No
559,45,79207,42.7,2,5,2,3,Female,Suburban,Sedan,Yes,Yes,Low,No
560,54,113030,30.4,1,7,3,1,Male,Suburban,Sedan,No,No,Medium,No
561,44,30000,32.3,1,5,7,5,Male,Urban,Hatchback,Yes,Yes,Low,No
562,40,85454,56.6,1,10,13,2,Male,Urban,Sedan,No,Yes,Low,No
563,35,115473,59.2,1,7,6,2,Male,Urban,Sedan,Yes,No,Low,No
564,64,87936,5,1,3,12,4,Female,Urban,Sedan,No,No,Low,No
565,51,79548,35.4,2,6,13,1,Female,Urban,Sedan,No,No,Low,No
566,61,109218,36.7,2,0,2,3,Female,Rural,Sedan,Yes,No,Low,No
567,61,107819,55.5,2,0,1,1,Male,Rural,SUV,Yes,No,Low,No
568,56,89501,39.5,2,7,17,4,Other,Urban,Sedan,Yes,Yes,Low,No
569,45,72623,37.5,2,11,12,1,Male,Urban,Sedan,No,Yes,Medium,No
570,32,91613,49.1,2,14,3,4,Female,Urban,Sedan,Yes,No,Low,No
571,67,54917,11,1,7,3,3,Male,Urban,SUV,Yes,No,Low,No
572,49,30000,43.9,1,5,6,4,Female,Suburban,SUV,No,No,Medium,No
573,47,148825,53,1,6,6,5,Male,Suburban,SUV,Yes,Yes,Low,Yes
574,46,148216,5,2,1,9,4,Male,Suburban,Sedan,Yes,Yes,Low,Yes
575,25,84584,47.1,2,2,2,1,Female,Suburban,Sedan,Yes,No,Low,No
576,34,94581,5,3,0,4,4,Male,Suburban,Truck,Yes,No,Low,No
577,33,139945,5,2,4,18,5,Female,Urban,SUV,Yes,Yes,Low,Yes
578,46,72376,32.7,2,6,4,1,Female,Suburban,Truck,Yes,No,Low,No
579,39,64488,38.8,3,3,1,1,Female,Suburban,SUV,No,Yes,Medium,No
580,36,86449,5,1,6,9,5,Female,Suburban,SUV,Yes,Yes,Low,Yes
581,62,93321,43.7,1,8,3,3,Male,Urban,Sedan,Yes,No,Low,No
582,59,70922,18.3,2,0,1,5,Female,Rural,Sedan,Yes,Yes,Low,Yes
583,33,82313,29.1,1,2,7,4,Female,Suburban,SUV,Yes,Yes,Low,No
584,66,30000,5,1,14,6,3,Male,Urban,Sedan,Yes,Yes,Low,No
585,47,64788,52.5,1,12,18,3,Male,Urban,SUV,Yes,No,Low,No
586,65,84730,5,2,3,9,2,Male,Suburban,Sedan,Yes,Yes,Low,No
587,63,69073,22.7,2,2,1,4,Female,Suburban,Sedan,Yes,Yes,Low,No
588,65,88877,38.8,3,2,2,3,Female,Rural,Sedan,Yes,No,Low,No
589,27,72317,57.4,2,2,5,5,Male,Urban,Sedan,No,No,Medium,No
590,47,120741,27,2,6,9,4,Male,Suburban,Sedan,Yes,Yes,Low,Yes
591,56,80713,20.4,2,4,5,5,Male,Suburban,Sedan,Yes,Yes,Low,Yes
592,41,82601,31.6,1,14,6,1,Male,Urban,Sedan,No,No,Low,No
593,43,61385,47.3,1,2,1,3,Male,Rural,Sedan,Yes,Yes,Low,No
594,50,79434,27.1,1,7,2,1,Female,Suburban,Hatchback,Yes,Yes,Low,No
595,47,74087,5,1,14,8,3,Male,Urban,Sedan,No,Yes,Low,No
596,51,133070,24.4,1,4,9,4,Male,Suburban,Hatchback,Yes,Yes,Low,No
597,27,80632,5,1,0,5,2,Female,Suburban,SUV,Yes,Yes,Low,No
598,65,49223,47.3,2,13,19,1,Female,Urban,Hatchback,Yes,Yes,Low,No
599,36,81815,23.2,2,3,12,1,Male,Urban,Sedan,Yes,No,Low,No
600,49,102882,5,3,1,2,2,Male,Rural,Hatchback,Yes,Yes,Low,No
601,34,46688,47.9,2,5,5,2,Male,Suburban,Sedan,Yes,No,Low,No
602,43,102893,47.2,2,0,2,3,Female,Suburban,Sedan,Yes,No,Low,No
603,50,64920,31.9,2,6,4,3,Male,Suburban,Sedan,Yes,No,Low,No
604,49,45419,5,1,2,1,3,Male,Suburban,Sedan,Yes,Yes,Low,No
605,25,58877,41.6,3,3,16,4,Other,Urban,Sedan,Yes,Yes,Low,Yes
606,58,93486,19.9,1,0,6,1,Female,Suburban,Hatchback,Yes,No,Low,No
607,68,85469,5,1,1,4,2,Female,Suburban,Hatchback,Yes,Yes,Low,No
608,62,70905,15.3,2,5,7,5,Female,Urban,SUV,Yes,No,Low,No
609,67,91282,5,2,3,14,1,Male,Urban,Sedan,Yes,Yes,Low,No
610,63,64927,27,3,13,13,2,Male,Urban,Sedan,No,Yes,Low,No
611,54,63371,54.3,3,4,12,1,Male,Urban,Sedan,Yes,No,Low,No
612,32,107517,47.6,1,6,9,2,Male,Urban,SUV,No,Yes,Low,No
613,44,66417,31.5,2,7,3,2,Female,Urban,Hatchback,No,Yes,Medium,No
614,43,51593,48.5,2,2,2,3,Male,Rural,SUV,Yes,Yes,Low,Yes
615,28,71954,5,2,4,5,2,Male,Suburban,SUV,Yes,No,Low,No
616,49,91675,5,2,11,13,4,Female,Urban,SUV,No,No,Low,No
617,61,107819,5,2,4,5,5,Male,Suburban,Sedan,Yes,Yes,Low,Yes
618,53,87430,47.4,1,2,3,4,Male,Suburban,Hatchback,Yes,Yes,Low,No
619,69,87779,17.2,2,6,10,3,Female,Urban,SUV,No,No,Low,No
620,59,51741,51.8,3,8,14,5,Male,Urban,Sedan,Yes,No,Low,No
621,38,73361,56.6,2,2,2,3,Male,Rural,Sedan,Yes,No,Low,No
622,49,58577,5,1,3,7,1,Male,Suburban,SUV,Yes,No,Low,No
623,29,128821,29,1,4,4,4,Male,Urban,SUV,Yes,Yes,Low,No
624,49,99295,16.6,1,0,9,4,Male,Suburban,Sedan,Yes,Yes,Low,No
625,54,79524,59.7,3,13,16,2,Female,Urban,SUV,No,No,Low,No
626,30,113668,46,1,0,1,2,Male,Rural,Sedan,Yes,Yes,Medium,No
627,45,72876,33.9,2,14,11,3,Female,Urban,Sedan,No,No,Low,No
628,36,94091,66.6,1,10,10,3,Male,Urban,Sedan,No,Yes,Medium,No
629,61,90859,34.2,2,12,17,1,Male,Urban,Sedan,Yes,Yes,Low,No
630,27,30000,34.7,2,3,17,2,Male,Urban,Hatchback,Yes,Yes,Low,No
631,26,121387,18.5,1,0,1,5,Male,Rural,Sedan,Yes,Yes,Low,Yes
632,67,95289,19.5,2,1,3,5,Female,Rural,Hatchback,Yes,No,Low,No
633,46,72637,48.5,1,5,3,3,Female,Suburban,Sedan,Yes,No,Low,No
634,32,70905,32.5,2,5,5,2,Male,Suburban,SUV,Yes,Yes,Low,No
635,47,75725,22.7,2,3,2,4,Female,Suburban,Truck,Yes,Yes,Low,Yes
636,42,113361,22.9,2,3,10,2,Male,Urban,SUV,Yes,Yes,Low,No
637,56,61838,36.4,1,7,5,2,Male,Suburban,Truck,Yes,Yes,Low,No
638,67,30000,29.7,1,12,5,5,Female,Urban,Sedan,No,Yes,Low,No
639,29,72270,5,1,2,4,2,Male,Suburban,SUV,Yes,No,Low,No
640,67,120774,5,3,2,7,2,Female,Suburban,Sedan,Yes,Yes,Low,No
641,35,81958,54.1,1,11,16,5,Female,Urban,SUV,No,Yes,Low,No
642,35,106546,57.4,2,7,6,4,Male,Urban,Sedan,No,Yes,Medium,No
643,69,123852,46.5,1,2,6,5,Male,Suburban,Sedan,Yes,Yes,Low,Yes
644,50,93562,26,2,6,12,5,Male,Urban,Sedan,No,No,Low,No
645,43,81451,13,2,7,9,5,Male,Suburban,SUV,Yes,Yes,Low,Yes
646,33,30000,48.1,1,7,9,2,Female,Suburban,SUV,Yes,No,Low,No
647,35,91374,45.4,2,13,16,2,Female,Urban,Hatchback,No,No,Low,No
648,25,47631,48.9,3,12,13,3,Male,Urban,Sedan,No,No,Low,No
649,51,107798,51.8,1,2,10,4,Male,Urban,Sedan,No,Yes,Low,Yes
650,26,92758,59.5,2,12,15,4,Male,Urban,SUV,Yes,No,Low,No
651,34,76650,43.9,1,11,5,3,Female,Urban,Sedan,Yes,No,Low,No
652,34,121294,5,2,3,9,4,Male,Suburban,SUV,Yes,No,Low,No
653,32,88125,29.2,1,6,5,4,Male,Suburban,Truck,Yes,Yes,Low,No
654,47,121947,19.8,2,2,5,1,Female,Suburban,Hatchback,No,No,Low,No
655,27,67470,5,1,2,1,2,Female,Suburban,Sedan,No,Yes,Medium,No
656,28,72429,30.7,2,13,14,4,Male,Urban,Truck,No,No,Low,No
657,47,71608,29.8,2,2,3,4,Female,Rural,SUV,Yes,Yes,Low,No
658,44,121433,5,1,14,16,2,Female,Urban,SUV,Yes,Yes,Low,No
659,26,100929,13.5,1,6,8,1,Female,Urban,Hatchback,No,Yes,Low,No
660,33,142476,29.3,1,4,9,1,Male,Urban,Sedan,Yes,No,Low,No
661,47,83819,26.8,1,0,0,3,Male,Rural,Sedan,Yes,Yes,Low,No
662,62,30000,56.1,3,7,5,2,Female,Urban,Hatchback,Yes,Yes,Low,No
663,43,30000,29.4,2,5,11,5,Male,Urban,Truck,Yes,Yes,Low,No
664,49,50593,5,1,5,5,1,Male,Suburban,Sedan,Yes,No,Low,No
665,29,110156,52.4,2,11,12,2,Female,Urban,Sedan,Yes,No,Low,No
666,52,91619,45.8,2,5,14,1,Female,Urban,SUV,No,Yes,Low,No
667,35,69965,25.9,2,2,13,3,Male,Urban,Truck,Yes,No,Low,No
668,39,30000,5,1,2,8,3,Female,Urban,Sedan,Yes,No,Low,No
669,46,81082,43.6,1,4,17,2,Female,Urban,Sedan,No,Yes,Low,No
670,30,30000,53.7,2,11,13,5,Male,Urban,Hatchback,No,Yes,Medium,No
671,49,51680,59.2,1,12,10,5,Male,Urban,Sedan,Yes,Yes,Low,No
672,36,55952,52.1,1,13,8,5,Male,Urban,SUV,No,No,Low,No
673,67,92831,34.5,2,0,1,3,Male,Rural,SUV,Yes,Yes,Low,No
674,58,130853,61.5,2,4,4,4,Female,Suburban,SUV,No,Yes,Medium,No
675,35,93711,13.1,1,12,18,4,Female,Urban,Sedan,No,No,Low,No
676,48,54768,32.3,1,2,3,3,Female,Suburban,Truck,Yes,No,Low,No
677,31,104489,5,2,0,8,3,Female,Suburban,Sedan,Yes,Yes,Low,No
678,29,105796,47.5,2,7,9,5,Male,Suburban,Hatchback,No,Yes,Low,Yes
679,62,84578,5,2,4,7,4,Female,Suburban,SUV,Yes,No,Low,No
680,63,117786,54,2,0,0,5,Male,Rural,Sedan,Yes,Yes,Low,Yes
681,61,69534,55.6,2,2,5,5,Female,Suburban,Truck,Yes,Yes,Low,Yes
682,40,106419,5,1,10,10,4,Female,Urban,Sedan,Yes,No,Low,No
683,49,93791,41.6,2,6,4,5,Male,Suburban,Sedan,Yes,Yes,Low,Yes
684,35,81954,40.6,2,0,1,1,Male,Suburban,SUV,Yes,No,Low,No
685,48,92887,33.2,2,10,8,4,Female,Urban,Sedan,Yes,No,Low,No
686,52,54729,38.9,2,7,1,2,Female,Suburban,Sedan,Yes,Yes,Low,No
687,30,81438,36.5,1,12,9,1,Male,Urban,Hatchback,No,Yes,Low,No
688,56,111303,21.2,2,2,12,5,Male,Urban,Truck,Yes,Yes,Low,Yes
689,69,94660,49.6,2,12,16,5,Male,Urban,Sedan,Yes,Yes,Low,Yes
690,48,65800,5,2,3,11,3,Female,Urban,Sedan,Yes,No,Low,No
691,38,92372,26.4,1,3,6,3,Male,Suburban,Sedan,Yes,Yes,Low,No
692,69,84926,32.9,1,8,10,3,Female,Urban,SUV,Yes,Yes,Low,No
693,63,96538,5,2,6,8,5,Male,Suburban,Sedan,Yes,Yes,Low,No
694,38,30000,36.7,3,3,11,2,Male,Urban,Sedan,Yes,No,Low,No
695,56,77563,29.7,1,2,1,2,Male,Rural,SUV,Yes,No,Low,No
696,29,59412,38.8,2,5,14,1,Female,Urban,Sedan,No,No,Low,No
697,63,140698,48.1,1,7,17,1,Male,Urban,SUV,No,Yes,Low,No
698,27,81277,50.4,2,1,8,3,Female,Suburban,SUV,Yes,Yes,Low,No
699,48,100533,54,1,11,11,4,Female,Urban,Sedan,Yes,Yes,Low,Yes
700,33,93552,5,1,0,3,3,Female,Suburban,Sedan,Yes,Yes,Low,No
701,39,64557,33.1,1,13,12,5,Male,Urban,SUV,Yes,Yes,Low,Yes
702,54,111789,52.6,2,2,0,2,Male,Rural,SUV,Yes,No,Low,No
703,25,57898,33.3,2,9,7,2,Female,Urban,SUV,Yes,No,Low,No
704,25,93791,55.6,2,2,8,5,Female,Suburban,Hatchback,Yes,Yes,Low,Yes
705,48,77421,25.7,2,6,15,3,Female,Urban,Sedan,Yes,No,Low,No
706,33,60467,53,2,1,0,1,Male,Rural,Sedan,Yes,No,Low,No
707,56,131068,59.7,1,3,5,3,Male,Urban,SUV,Yes,No,Low,No
708,48,75311,50.3,3,0,0,2,Male,Rural,SUV,Yes,No,Low,No
709,64,82436,5,1,5,13,5,Male,Urban,SUV,Yes,Yes,Low,Yes
710,66,83655,35.1,1,6,5,2,Male,Suburban,SUV,Yes,No,Low,No
711,44,86435,20.7,1,9,17,5,Male,Urban,SUV,No,Yes,Low,Yes
712,28,30000,29.3,1,2,2,3,Female,Suburban,Sedan,Yes,Yes,Low,No
713,54,137468,46.8,2,1,1,4,Male,Suburban,Hatchback,No,Yes,Medium,No
714,47,89980,5,1,3,3,1,Male,Urban,Sedan,No,Yes,Low,No
715,65,119401,27.9,1,5,8,1,Male,Suburban,SUV,Yes,Yes,Low,No
716,59,75541,5,2,4,5,4,Male,Suburban,Hatchback,Yes,No,Low,No
717,31,80501,28.8,1,13,10,4,Male,Urban,SUV,No,No,Low,No
718,65,59763,30.2,4,13,5,2,Female,Urban,Sedan,No,No,Low,No
719,32,69158,5,1,2,3,2,Male,Rural,Sedan,Yes,Yes,Low,No
720,64,120890,30.4,3,4,3,1,Female,Suburban,Sedan,Yes,Yes,Low,No
721,64,91415,42.7,1,13,8,5,Female,Urban,Sedan,No,No,Low,No
722,43,97624,11.6,2,3,8,5,Female,Suburban,Sedan,Yes,Yes,Low,Yes
723,32,45625,47,2,7,1,1,Male,Suburban,SUV,Yes,Yes,Low,No
724,50,83557,41,1,1,8,1,Male,Suburban,Sedan,Yes,No,Low,No
725,51,92649,5,2,7,9,4,Male,Suburban,Sedan,Yes,Yes,Low,No
726,26,56521,5,2,3,6,4,Male,Urban,SUV,Yes,Yes,Low,No
727,49,78840,54.5,2,4,8,2,Male,Suburban,Hatchback,Yes,Yes,Low,No
728,66,86077,43.8,2,3,9,1,Female,Urban,Sedan,No,No,Low,No
729,60,72892,48.9,2,6,5,3,Female,Suburban,Sedan,Yes,No,Low,No
730,26,127784,21.9,1,0,2,1,Female,Rural,Sedan,Yes,Yes,Low,No
731,40,121896,56.9,1,4,5,5,Male,Suburban,Hatchback,Yes,Yes,Low,Yes
732,64,79965,29.2,1,3,6,1,Male,Suburban,SUV,Yes,Yes,Low,No
733,58,30000,5,2,5,9,1,Female,Urban,Sedan,No,Yes,Medium,No
734,48,131332,5,2,10,3,2,Female,Urban,Sedan,No,Yes,Low,No
735,50,86800,69.8,2,1,7,1,Female,Suburban,Sedan,Yes,Yes,Low,No
736,63,135047,54.8,1,7,5,2,Female,Suburban,SUV,Yes,Yes,Low,No
737,52,120700,45.7,2,0,7,5,Male,Suburban,Sedan,Yes,No,Low,No
738,59,93818,31.8,2,0,3,3,Male,Suburban,Sedan,No,No,Medium,No
739,27,85629,27.9,1,1,7,1,Female,Suburban,Sedan,Yes,No,Low,No
740,30,95917,32.6,1,0,3,2,Female,Rural,SUV,Yes,Yes,Low,No
741,54,50824,21.1,2,2,16,1,Male,Urban,Hatchback,No,Yes,Low,No
742,58,88345,36.9,2,11,4,2,Male,Urban,Hatchback,Yes,No,Low,No
743,26,82870,39.7,2,12,13,3,Female,Urban,Sedan,No,Yes,Low,No
744,62,100943,41.2,1,4,9,4,Female,Suburban,SUV,Yes,Yes,Low,No
745,35,72971,5,1,3,9,4,Male,Suburban,Hatchback,Yes,No,Low,No
746,62,81417,56,2,11,19,4,Female,Urban,SUV,Yes,Yes,Low,No
747,65,30000,38,1,1,2,1,Female,Rural,Sedan,Yes,Yes,Low,No
748,64,134063,5,2,2,2,3,Male,Rural,Sedan,Yes,Yes,Low,Yes
749,30,96468,44,1,2,9,2,Male,Suburban,SUV,Yes,No,Low,No
750,40,90838,44.7,2,5,2,5,Female,Suburban,Sedan,Yes,Yes,Low,Yes
751,52,71627,46,2,6,4,5,Female,Suburban,Sedan,Yes,Yes,Low,Yes
752,65,82903,49.1,1,14,12,3,Male,Urban,SUV,Yes,Yes,Low,Yes
753,55,91732,5,1,4,15,4,Male,Urban,Truck,Yes,Yes,Low,No
754,58,62869,56.9,1,13,18,4,Male,Urban,Sedan,No,Yes,Medium,No
755,51,122945,5,1,3,9,2,Male,Urban,Sedan,Yes,Yes,Low,No
756,39,86844,44.2,2,0,7,1,Female,Suburban,Sedan,Yes,Yes,Low,No
757,31,137855,32.9,1,2,3,2,Female,Rural,SUV,Yes,Yes,Low,No
758,44,53784,51.8,3,4,8,3,Female,Suburban,Sedan,Yes,No,Low,No
759,37,117280,49.5,2,11,16,1,Male,Urban,Sedan,No,Yes,Low,No
760,41,30000,28.6,2,2,5,1,Female,Suburban,Sedan,Yes,Yes,Low,No
761,33,71784,39.7,2,2,9,3,Female,Suburban,Sedan,Yes,Yes,Low,No
762,43,79817,59.4,2,14,19,3,Male,Urban,Hatchback,No,Yes,Low,No
763,48,90195,43.4,2,7,19,3,Male,Urban,Sedan,No,No,Low,No
764,34,30000,44.1,1,7,7,2,Male,Urban,Sedan,Yes,Yes,Low,No
765,54,71929,41.7,1,0,8,4,Male,Suburban,Hatchback,Yes,Yes,Low,No
766,66,96537,26.4,2,1,6,4,Male,Suburban,Hatchback,Yes,Yes,Low,No
767,25,75874,36.7,2,7,15,4,Male,Urban,Sedan,Yes,Yes,Low,Yes
768,38,63341,27.5,1,8,11,4,Male,Urban,SUV,No,Yes,Medium,No
769,27,93430,53.6,1,10,18,3,Male,Urban,SUV,No,Yes,Low,No
770,47,83912,16.2,2,11,5,2,Male,Urban,Sedan,Yes,No,Low,No
771,27,71259,58.2,2,2,2,3,Male,Rural,Sedan,Yes,Yes,Medium,No
772,60,62271,45.1,1,4,10,4,Female,Urban,SUV,Yes,Yes,Low,No
773,58,97623,32.7,1,12,8,3,Female,Urban,Sedan,Yes,Yes,Low,Yes
774,42,81157,62.8,1,9,4,1,Female,Urban,Sedan,No,Yes,Low,No
775,52,111031,11,1,9,19,3,Male,Urban,Sedan,No,No,Low,No
776,57,82435,29.3,3,2,8,1,Male,Suburban,Sedan,Yes,Yes,Low,No
777,69,30000,5,1,11,8,4,Female,Urban,Sedan,No,No,Low,No
778,55,62943,5,2,12,14,3,Male,Urban,Hatchback,Yes,No,Low,No
779,25,72615,61.9,1,13,4,5,Female,Urban,Hatchback,Yes,Yes,Low,Yes
780,52,30000,5,4,13,10,5,Female,Urban,Truck,Yes,No,Low,No
781,58,120741,53.6,2,13,17,5,Male,Urban,Hatchback,Yes,Yes,Low,Yes
782,27,69450,38.5,1,1,1,3,Male,Rural,Sedan,Yes,Yes,Low,No
783,36,91619,48.4,3,13,3,4,Male,Urban,Sedan,No,Yes,Low,No
784,32,73624,32.7,1,6,2,1,Female,Suburban,Hatchback,Yes,No,Low,No
785,56,72987,5,1,1,3,1,Male,Rural,SUV,Yes,Yes,Low,No
786,31,94279,44.7,1,0,1,4,Male,Rural,Sedan,Yes,No,Low,No
787,64,85586,52.5,3,0,1,2,Female,Rural,SUV,Yes,No,Low,No
788,50,30000,30.1,2,4,9,4,Male,Suburban,Hatchback,Yes,Yes,Low,Yes
789,69,113978,48.5,1,13,12,1,Male,Urban,SUV,No,Yes,Low,No
790,26,104942,5,2,0,0,2,Male,Rural,Hatchback,Yes,No,Low,No
791,40,56798,24.6,2,0,8,2,Female,Suburban,Sedan,Yes,Yes,Low,No
792,56,30000,43.6,2,12,16,5,Female,Urban,Sedan,No,Yes,Low,Yes
793,57,93989,25,2,13,11,5,Female,Urban,Sedan,No,Yes,Low,Yes
794,37,132969,38.8,2,0,6,4,Male,Suburban,Sedan,Yes,No,Low,No
795,46,90662,17.4,1,0,4,1,Male,Suburban,SUV,Yes,Yes,Low,No
796,27,91262,61,2,2,2,4,Male,Rural,Hatchback,Yes,No,Low,No
797,58,64151,5,2,6,5,5,Male,Suburban,Hatchback,Yes,No,Low,No
798,27,82670,33.8,1,1,0,4,Female,Rural,SUV,Yes,Yes,Low,Yes
799,29,84715,47.1,1,10,5,4,Male,Urban,Hatchback,No,No,Medium,No
800,48,131789,50.1,1,12,18,1,Female,Urban,Sedan,No,Yes,Medium,No
801,46,30000,46.2,3,1,2,3,Male,Rural,Truck,Yes,No,Low,No
802,42,82870,31.6,1,5,13,3,Male,Urban,Sedan,Yes,Yes,Low,No
803,59,30000,54.8,1,4,3,3,Female,Suburban,Sedan,Yes,No,Low,No
804,47,69116,59.6,2,0,3,5,Female,Rural,Sedan,Yes,Yes,Low,No
805,58,89138,45.8,3,2,16,2,Male,Urban,Sedan,No,Yes,Low,No
806,39,132932,43.9,3,0,2,4,Female,Rural,Sedan,No,Yes,Low,No
807,66,93694,49.4,2,3,3,5,Male,Suburban,SUV,Yes,Yes,Low,Yes
808,45,100908,23.1,2,1,0,5,Male,Rural,Hatchback,Yes,Yes,Low,Yes
809,44,106745,31.9,1,14,15,4,Female,Urban,SUV,No,Yes,Low,Yes
810,31,82500,28,2,11,3,2,Female,Urban,Hatchback,No,No,Low,No
811,67,69340,19,2,2,3,3,Male,Rural,SUV,Yes,No,Low,No
812,41,131148,20.2,1,2,4,5,Female,Urban,SUV,No,Yes,Medium,No
813,45,94582,19.4,1,0,2,5,Male,Suburban,SUV,Yes,Yes,Low,Yes
814,52,105539,5,2,2,3,1,Male,Rural,SUV,Yes,No,Low,No
815,56,71722,35.4,3,13,7,3,Female,Urban,SUV,No,Yes,Low,No
816,32,71949,37.7,1,7,6,2,Male,Suburban,SUV,No,Yes,Medium,No
817,67,63362,36.5,2,2,2,4,Male,Rural,Sedan,Yes,No,Low,No
818,42,66522,53.4,3,5,5,2,Male,Urban,Truck,No,No,Medium,No
819,55,51365,38.8,1,7,5,1,Female,Urban,SUV,Yes,Yes,Low,No
820,35,84560,38.8,2,0,3,3,Male,Rural,SUV,Yes,Yes,Low,Yes
821,68,82813,46.6,1,1,2,5,Male,Rural,Hatchback,Yes,Yes,Low,Yes
822,35,30000,5,1,5,6,4,Female,Suburban,SUV,Yes,Yes,Low,No
823,36,47631,48,2,12,11,2,Male,Urban,Sedan,No,No,Medium,No
824,27,134502,5,1,0,6,5,Male,Suburban,Sedan,No,Yes,Low,Yes
825,26,136480,5,2,2,1,2,Male,Suburban,Sedan,No,Yes,Low,No
826,28,87835,22.3,2,6,9,4,Male,Suburban,SUV,Yes,Yes,Low,Yes
827,68,142784,37.1,2,2,4,2,Male,Suburban,Sedan,Yes,Yes,Low,No
828,26,132479,47.5,1,10,15,2,Male,Urban,SUV,No,Yes,Medium,No
829,58,92482,41.9,2,0,3,4,Female,Suburban,SUV,Yes,Yes,Low,Yes
830,26,94443,30.7,1,6,19,4,Male,Urban,Sedan,No,No,Low,No
831,27,53658,32.1,2,2,3,2,Male,Rural,Sedan,Yes,No,Low,No
832,32,109711,41.9,1,1,3,4,Male,Rural,SUV,Yes,No,Low,No
833,31,80946,38.2,2,11,11,3,Male,Urban,Truck,No,Yes,Low,No
834,43,30000,60.2,1,7,9,2,Male,Urban,Truck,No,Yes,Medium,No
835,25,91413,66.3,4,0,3,5,Female,Suburban,Sedan,Yes,Yes,Low,Yes
836,50,79563,66.3,1,3,7,1,Female,Suburban,SUV,Yes,Yes,Low,No
837,40,65414,38.6,1,2,4,1,Male,Suburban,SUV,Yes,Yes,Low,No
838,31,61515,26.8,2,3,7,1,Male,Urban,Sedan,No,Yes,Medium,No
839,55,78822,58.4,2,10,12,1,Female,Urban,Sedan,No,Yes,Medium,No
840,49,61183,67.9,1,4,5,3,Female,Suburban,Sedan,Yes,Yes,Low,No
841,25,39396,32,1,7,2,4,Male,Suburban,SUV,No,Yes,High,No
842,45,61385,25,2,14,15,5,Male,Urban,SUV,No,No,Low,No
843,55,94038,5,1,5,11,5,Female,Urban,Sedan,Yes,No,Low,No
844,25,94103,21.2,1,3,6,2,Male,Suburban,Sedan,Yes,No,Low,No
845,69,66975,5,2,3,9,3,Male,Urban,Sedan,No,Yes,Low,No
846,47,107936,52.8,2,6,12,3,Male,Urban,Sedan,Yes,Yes,Low,No
847,34,93598,46.1,2,14,14,5,Female,Urban,Sedan,Yes,No,Low,No
848,64,73536,45.8,1,2,2,1,Male,Rural,Sedan,Yes,Yes,Low,No
849,33,93726,45.7,3,7,14,3,Male,Urban,SUV,No,Yes,Low,No
850,44,131513,5,2,10,14,3,Male,Urban,SUV,No,Yes,Low,No
851,39,104589,51.5,1,2,2,3,Female,Rural,Sedan,Yes,No,Low,No
852,67,54314,61.9,1,2,5,1,Male,Urban,SUV,No,No,Medium,No
853,41,74555,5,1,4,6,5,Male,Suburban,Sedan,Yes,Yes,Low,Yes
854,55,78800,5,2,1,0,4,Female,Rural,Sedan,Yes,No,Low,No
855,39,132490,25.6,1,2,2,4,Male,Suburban,SUV,Yes,Yes,Low,Yes
856,59,77466,25.7,1,11,8,1,Male,Urban,Sedan,No,Yes,Low,No
857,36,48565,5,2,5,14,1,Female,Urban,Truck,Yes,Yes,Low,No
858,67,101938,21.7,1,2,1,4,Male,Suburban,Sedan,Yes,No,Low,No
859,32,82345,18.5,3,2,2,4,Female,Suburban,SUV,Yes,Yes,Low,Yes
860,41,86091,34,2,2,18,4,Female,Urban,Truck,No,Yes,Low,No
861,63,81051,46.4,1,0,0,3,Male,Rural,SUV,Yes,No,Low,No
862,37,69951,48,1,5,11,3,Female,Urban,Sedan,No,Yes,Low,No
863,55,119449,18.8,1,3,4,4,Male,Urban,Sedan,No,Yes,Medium,No
864,26,107761,5,2,0,1,3,Female,Rural,Sedan,Yes,Yes,Low,Yes
865,37,52411,34.6,1,1,3,2,Female,Suburban,SUV,Yes,Yes,Low,No
866,41,84851,41.2,1,1,1,3,Male,Rural,Sedan,Yes,Yes,Low,No
867,65,100860,5,2,7,5,1,Male,Suburban,Hatchback,Yes,No,Low,No
868,69,123501,12.1,1,5,17,5,Male,Urban,Sedan,Yes,Yes,Low,Yes
869,31,131482,34.5,1,7,13,3,Female,Urban,Truck,No,Yes,Low,No
870,53,98561,5,2,7,9,3,Female,Suburban,Sedan,Yes,No,Low,No
871,59,64557,66.3,1,1,0,3,Male,Rural,Sedan,Yes,Yes,Low,No
872,49,62674,22.5,1,5,5,4,Female,Suburban,Hatchback,Yes,Yes,Low,No
873,56,30000,45,2,2,2,1,Male,Rural,SUV,Yes,No,Low,No
874,47,95730,46.4,4,0,3,4,Male,Rural,Sedan,Yes,Yes,Low,Yes
875,58,132261,34.8,3,9,4,3,Male,Urban,Sedan,Yes,No,Low,No
876,42,97567,50.2,1,7,19,5,Female,Urban,Sedan,No,Yes,Low,No
877,34,119692,36.1,1,14,19,4,Female,Urban,Sedan,No,Yes,Low,No
878,47,52359,45.2,2,5,15,1,Female,Urban,SUV,No,Yes,Low,No
879,66,92819,45.4,1,12,18,1,Male,Urban,SUV,No,Yes,Low,No
880,35,55969,76.5,2,7,9,3,Female,Suburban,Hatchback,No,Yes,Medium,No
881,64,75797,36.1,2,3,3,2,Male,Suburban,SUV,Yes,Yes,Low,No
882,35,114488,24.3,1,1,9,4,Male,Suburban,Sedan,Yes,Yes,Low,No
883,67,116666,5,1,0,7,3,Male,Suburban,Sedan,Yes,No,Low,No
884,51,30000,5,1,2,3,1,Male,Rural,Sedan,Yes,Yes,Low,No
885,67,30000,50.7,2,1,2,4,Male,Rural,Sedan,Yes,Yes,Low,No
886,47,89604,5,1,8,10,4,Male,Urban,Sedan,No,No,Low,No
887,43,113589,59.5,1,5,8,1,Female,Suburban,SUV,Yes,Yes,Low,No
888,50,84575,58.9,2,1,8,2,Female,Suburban,SUV,Yes,Yes,Low,No
889,54,91325,36.2,1,4,9,3,Female,Suburban,Truck,Yes,Yes,Low,No
890,57,134936,5,2,2,3,2,Female,Rural,SUV,Yes,Yes,Low,No
891,60,30000,5,2,2,13,1,Male,Urban,Sedan,Yes,No,Low,No
892,29,77114,58.7,1,5,9,1,Male,Urban,SUV,No,No,Medium,No
893,53,91813,5,1,3,1,3,Male,Suburban,SUV,Yes,Yes,Low,No
894,27,77549,52.3,1,6,11,1,Male,Urban,Truck,Yes,No,Low,No
895,47,60772,46.1,2,5,9,4,Female,Urban,SUV,No,Yes,Low,No
896,60,81699,5,2,12,8,4,Male,Urban,Sedan,No,Yes,Medium,No
897,54,71057,35.3,1,8,17,3,Male,Urban,SUV,No,No,Low,No
898,31,81483,46.1,1,2,10,5,Female,Urban,Hatchback,No,Yes,Low,Yes
899,31,136587,52,2,12,19,3,Female,Urban,Sedan,No,Yes,Low,Yes
900,36,61185,46.2,2,5,6,5,Female,Suburban,Hatchback,Yes,Yes,Low,Yes
901,37,132776,27.2,2,2,10,2,Male,Urban,Hatchback,Yes,No,Low,No
902,57,90161,39.9,1,0,9,1,Male,Suburban,Hatchback,Yes,Yes,Low,No
903,69,100929,32,4,3,18,2,Male,Urban,SUV,No,Yes,Low,No
904,67,75736,31.3,2,13,15,2,Female,Urban,Sedan,No,No,Low,No
905,37,117410,37.1,2,2,1,2,Male,Rural,Sedan,Yes,No,Low,No
906,49,57185,25.3,2,2,1,1,Female,Rural,Hatchback,Yes,Yes,Low,No
907,66,84942,5,2,0,3,2,Male,Rural,Hatchback,Yes,Yes,Low,No
908,43,104084,32,1,0,3,5,Female,Suburban,Hatchback,Yes,No,Low,No
909,62,79342,22.7,4,7,15,2,Male,Urban,SUV,No,No,Low,No
910,26,85434,5,2,3,4,2,Male,Suburban,Sedan,Yes,Yes,Low,No
911,30,90667,36.7,1,6,9,5,Male,Suburban,SUV,Yes,Yes,Low,Yes
912,47,71608,49.7,1,2,9,5,Male,Urban,SUV,Yes,Yes,Low,Yes
913,50,84426,39.5,2,6,8,5,Female,Suburban,Sedan,Yes,No,Low,No
914,45,102781,49.4,2,4,4,2,Female,Urban,SUV,Yes,Yes,Low,No
915,51,159832,22.3,3,5,6,5,Female,Suburban,Sedan,Yes,Yes,Low,Yes
916,28,87487,5,1,0,5,4,Male,Suburban,Sedan,Yes,Yes,Low,Yes
917,47,163082,51.7,1,1,1,1,Male,Suburban,Sedan,Yes,No,Low,No
918,26,44214,42.8,3,2,8,2,Female,Urban,Sedan,No,Yes,Medium,No
919,43,121085,5,2,12,9,5,Female,Urban,Hatchback,No,Yes,Low,Yes
920,52,76798,5,2,2,2,4,Female,Rural,SUV,Yes,Yes,Low,No
921,66,116575,27,3,2,3,2,Female,Rural,Sedan,Yes,No,Low,No
922,56,30000,18.7,1,1,1,4,Female,Rural,Sedan,Yes,No,Low,No
923,48,91578,18.7,2,7,4,2,Female,Urban,Truck,No,Yes,Low,No
924,46,142960,5,1,3,3,2,Male,Suburban,Sedan,Yes,Yes,Low,No
925,44,78737,26.5,1,5,11,1,Female,Urban,Truck,No,Yes,Low,No
926,50,90920,5,3,12,12,4,Male,Urban,SUV,Yes,Yes,Low,No
927,60,71295,47.5,3,6,8,3,Male,Suburban,SUV,Yes,Yes,Low,No
928,63,92798,19.7,2,0,6,4,Female,Suburban,Sedan,Yes,No,Low,No
929,69,71088,23.5,1,2,3,1,Male,Rural,SUV,Yes,Yes,Low,No
930,54,102368,21.3,1,7,6,5,Female,Urban,Sedan,Yes,Yes,Low,Yes
931,35,138063,5,1,2,7,2,Male,Urban,Sedan,No,No,Low,No
932,69,62378,41.9,3,6,5,3,Female,Suburban,Sedan,Yes,Yes,Low,No
933,29,93682,5,1,11,16,4,Male,Urban,Sedan,Yes,No,Low,No
934,48,74846,5,2,4,8,5,Male,Suburban,SUV,Yes,Yes,Low,Yes
935,51,97511,5,2,5,6,4,Female,Suburban,Sedan,No,No,Low,No
936,59,91202,52.9,3,1,3,3,Male,Rural,Sedan,Yes,Yes,Low,No
937,69,131862,32.4,2,0,5,5,Female,Suburban,Sedan,No,Yes,Low,Yes
938,59,79342,41.9,1,7,15,4,Male,Urban,SUV,No,Yes,Low,No
939,51,84595,33,1,1,3,3,Male,Rural,SUV,Yes,No,Low,No
940,31,91361,5,2,3,1,1,Male,Suburban,Hatchback,Yes,Yes,Low,No
941,54,46678,27.7,1,2,9,4,Female,Suburban,Hatchback,Yes,No,Low,No
942,43,68630,36.1,2,6,14,3,Male,Urban,Sedan,No,No,Low,No
943,40,83066,5,2,6,17,2,Male,Urban,Sedan,Yes,No,Low,No
944,45,70325,25.8,2,1,1,3,Male,Rural,SUV,Yes,No,Low,No
945,46,83635,50.3,1,7,6,1,Female,Suburban,SUV,Yes,No,Low,No
946,67,123460,49.5,2,6,9,1,Male,Suburban,Hatchback,Yes,Yes,Low,No
947,65,40203,5,1,7,6,3,Male,Suburban,Truck,Yes,Yes,Low,No
948,55,88124,5,2,0,3,5,Male,Suburban,Hatchback,No,No,High,No
949,41,77532,71.4,2,0,0,2,Female,Rural,Sedan,No,Yes,Medium,No
950,28,77360,44.5,1,13,15,4,Female,Urban,Sedan,Yes,Yes,Low,No
951,39,74981,43.2,2,2,3,1,Male,Rural,Truck,Yes,Yes,Low,No
952,46,96481,30,1,6,7,4,Male,Suburban,SUV,Yes,No,Low,No
953,33,121801,58.9,1,2,3,4,Female,Rural,SUV,Yes,Yes,Low,No
954,48,73881,47.1,1,3,1,2,Male,Suburban,Sedan,Yes,Yes,Low,No
955,28,30000,24.9,2,10,4,1,Male,Urban,SUV,No,Yes,Medium,No
956,47,30000,35.8,1,2,3,2,Male,Rural,SUV,Yes,No,Low,No
957,30,99297,28.6,2,3,17,1,Male,Urban,Sedan,No,Yes,Low,No
958,50,144313,5.7,2,6,12,5,Male,Urban,SUV,Yes,Yes,Low,Yes
959,40,107239,5,1,2,2,3,Male,Rural,Truck,Yes,No,Low,No
960,26,140560,44.5,2,2,8,3,Female,Suburban,Sedan,Yes,Yes,Low,Yes
961,64,139905,52.6,2,0,5,5,Female,Suburban,Hatchback,Yes,Yes,Low,Yes
962,69,30000,28.8,2,2,9,2,Male,Suburban,Sedan,No,Yes,Medium,No
963,47,66535,22.6,3,11,9,1,Male,Urban,Sedan,Yes,Yes,Low,No
964,41,107985,67.9,1,13,3,3,Male,Urban,Sedan,Yes,Yes,Low,No
965,67,91203,30.7,2,2,3,1,Male,Suburban,Sedan,Yes,No,Low,No
966,27,155860,32.8,2,0,3,5,Male,Rural,SUV,Yes,No,Low,No
967,63,30000,49.1,1,2,1,1,Female,Rural,SUV,Yes,No,Low,No
968,28,83033,29.8,2,7,4,3,Female,Suburban,Sedan,Yes,No,Low,No
969,31,93694,5,3,2,5,4,Female,Suburban,SUV,Yes,Yes,Low,Yes
970,51,86854,43.1,1,7,7,1,Female,Urban,Hatchback,No,Yes,Low,No
971,33,90422,5,2,12,14,4,Female,Urban,Sedan,No,Yes,Low,Yes
972,26,81133,59.4,2,9,11,2,Female,Urban,SUV,No,Yes,Low,No
973,66,106086,5,1,12,12,5,Male,Urban,SUV,No,Yes,Low,Yes
974,28,81159,57.6,1,1,8,5,Female,Suburban,SUV,Yes,Yes,Low,No
975,69,30000,47.1,2,7,8,3,Male,Suburban,Hatchback,Yes,No,Low,No
976,64,61366,46.8,2,1,8,4,Female,Suburban,SUV,Yes,Yes,Low,No
977,62,99628,42.2,1,7,11,4,Female,Urban,Sedan,Yes,Yes,Low,No
978,32,97624,41.5,1,2,9,5,Male,Suburban,Hatchback,Yes,Yes,Low,Yes
979,52,93544,52.7,2,2,0,2,Male,Rural,Sedan,Yes,Yes,Low,No
980,38,93300,45,4,14,19,5,Male,Urban,SUV,No,Yes,Low,Yes
981,54,111580,5,3,2,2,2,Female,Rural,Hatchback,Yes,No,Low,No
982,37,30000,53.7,2,2,3,2,Male,Rural,Truck,Yes,Yes,Low,No
983,62,94443,69.5,2,2,8,1,Female,Suburban,Sedan,No,Yes,Medium,No
984,54,64559,34.9,1,1,3,1,Female,Rural,Sedan,Yes,No,Low,No
985,47,30000,41.3,1,6,16,4,Male,Urban,Sedan,No,No,Medium,No
986,54,97580,51,2,4,8,4,Male,Suburban,SUV,Yes,Yes,Low,Yes
987,51,30000,56.6,2,14,7,1,Female,Urban,SUV,No,Yes,Low,No
988,68,82977,5,4,7,8,2,Female,Suburban,Sedan,Yes,No,Low,No
989,64,49729,5,2,7,10,1,Male,Urban,SUV,No,No,Low,No
990,37,112134,35.3,2,13,13,5,Male,Urban,SUV,No,Yes,Low,Yes
991,33,90830,36.5,1,0,1,3,Female,Rural,SUV,No,Yes,Medium,No
992,44,81954,39.8,2,4,3,4,Female,Suburban,Truck,Yes,No,Low,No
993,42,123547,5,1,1,2,5,Male,Rural,SUV,Yes,Yes,Low,Yes
994,33,61548,27.4,1,0,4,1,Male,Suburban,Sedan,Yes,Yes,Low,No
995,69,69804,48.5,2,2,8,5,Female,Suburban,Sedan,Yes,Yes,Low,No
996,26,72600,61.5,1,8,13,1,Female,Urban,Sedan,Yes,No,Low,No
997,60,85475,58.3,2,6,4,2,Male,Suburban,Sedan,Yes,No,Low,No
998,49,132991,36.7,2,1,3,5,Male,Rural,Sedan,Yes,Yes,Low,No
999,64,82977,18.2,2,5,4,5,Female,Suburban,Sedan,Yes,Yes,Low,Yes
1000,36,74460,5,1,3,13,1,Male,Urban,Sedan,Yes,Yes,Low,No
1001,59,68466,5,2,2,1,4,Male,Rural,Sedan,Yes,Yes,Low,No
1002,28,56522,27.7,2,7,8,3,Male,Urban,Sedan,No,No,Low,No
1003,67,96664,42.6,2,1,3,3,Female,Suburban,Sedan,Yes,No,Low,No
1004,26,121797,43.9,1,0,3,3,Male,Rural,Sedan,Yes,Yes,Low,No
1005,45,105952,27.3,1,2,16,4,Male,Urban,Hatchback,Yes,Yes,Low,No
1006,66,86436,53.1,1,12,3,2,Male,Urban,SUV,No,Yes,Medium,No
1007,64,138014,5,1,4,6,5,Female,Suburban,Sedan,Yes,Yes,Low,Yes
1008,43,123547,5,2,5,7,5,Female,Urban,SUV,No,Yes,Low,No
1009,63,83973,5,1,3,1,2,Female,Suburban,SUV,Yes,Yes,Low,No
1010,44,67941,40,2,5,10,5,Male,Urban,SUV,No,No,Low,No
1011,27,81098,36.5,1,3,18,5,Male,Urban,Sedan,Yes,No,Low,No
1012,32,85434,47.2,1,2,7,2,Male,Suburban,Sedan,Yes,Yes,Low,No
1013,44,97640,53.3,1,0,5,1,Female,Suburban,Hatchback,Yes,No,Low,No
1014,41,88638,53.9,2,1,3,5,Female,Suburban,SUV,No,Yes,Medium,Yes
1015,32,81815,22.3,1,6,9,5,Male,Suburban,SUV,Yes,No,Low,No
1016,52,86831,5,2,1,6,3,Male,Suburban,Sedan,Yes,No,Low,No
1017,48,158030,31.5,2,1,6,3,Female,Suburban,Sedan,Yes,Yes,Low,Yes
1018,25,107561,46.6,3,5,6,2,Male,Urban,Sedan,No,Yes,Low,No
1019,48,96468,36.1,2,8,3,5,Female,Urban,SUV,Yes,No,Low,No
1020,43,96198,5,2,13,6,3,Male,Urban,Truck,Yes,Yes,Low,No
1021,60,87249,45.4,2,5,2,3,Female,Suburban,SUV,Yes,Yes,Low,No
1022,54,92776,33,2,4,3,1,Male,Suburban,SUV,Yes,Yes,Low,No
1023,32,92473,56.8,2,3,7,4,Male,Suburban,SUV,Yes,Yes,Low,Yes
1024,29,95883,30.1,3,6,9,4,Female,Suburban,SUV,Yes,No,Low,No
1025,31,63733,64.9,2,14,10,3,Female,Urban,SUV,No,Yes,Low,No
1026,54,75953,53.3,1,1,9,1,Female,Suburban,SUV,Yes,Yes,Low,No
1027,50,70922,47.9,2,3,6,4,Female,Suburban,SUV,Yes,No,Low,No
1028,25,94598,45.1,2,4,18,1,Female,Urban,SUV,Yes,Yes,Low,No
1029,34,78731,35.4,1,2,5,3,Female,Urban,Truck,No,No,Medium,No
1030,27,77563,5,1,7,5,2,Male,Urban,Truck,No,Yes,Low,No
1031,38,30000,33.4,2,14,10,1,Female,Urban,Sedan,No,Yes,Low,No
1032,44,133977,56.8,2,2,3,5,Female,Rural,Sedan,Yes,Yes,Low,Yes
1033,62,106026,50.9,2,13,19,5,Male,Urban,SUV,No,No,Low,No
1034,54,96623,18.5,2,7,10,2,Female,Urban,Hatchback,No,Yes,Low,No
1035,39,98444,34.3,3,3,6,1,Male,Suburban,Sedan,Yes,No,Low,No
1036,50,59754,30.5,1,6,6,4,Female,Suburban,Sedan,Yes,No,Low,No
1037,53,108869,30.1,1,13,13,1,Male,Urban,Sedan,Yes,Yes,Low,No
1038,66,94308,42.9,2,2,6,3,Female,Suburban,SUV,Yes,No,Low,No
1039,46,30000,5,1,0,0,4,Male,Rural,Truck,Yes,No,Low,No
1040,30,93904,30.4,2,0,5,1,Female,Suburban,SUV,Yes,Yes,Low,No
1041,49,113631,70.4,1,8,16,5,Female,Urban,Hatchback,No,No,Medium,Yes
1042,39,55962,31,1,7,3,1,Female,Suburban,SUV,No,Yes,Medium,No
1043,58,77425,51.5,2,13,16,1,Female,Urban,Sedan,Yes,No,Low,No
1044,67,80731,5,2,6,4,4,Male,Suburban,SUV,Yes,Yes,Low,Yes
1045,35,77515,41.7,1,0,6,3,Female,Suburban,Sedan,No,Yes,Medium,No
1046,28,96517,37.7,2,6,15,4,Male,Urban,SUV,Yes,No,Low,No
1047,46,122823,59.2,2,11,16,2,Female,Urban,Sedan,No,Yes,Low,No
1048,66,80966,47.5,1,2,2,5,Female,Rural,Sedan,Yes,Yes,Low,Yes
1049,69,95813,25.8,3,0,6,4,Female,Suburban,SUV,Yes,No,Low,Yes
1050,54,97982,5,3,1,3,2,Female,Rural,Hatchback,Yes,No,Low,No
1051,33,70401,39.9,3,12,6,2,Male,Urban,SUV,No,No,Low,No
1052,43,54795,52.1,2,6,12,2,Male,Urban,Sedan,No,No,Low,No
1053,63,89990,54.1,2,0,6,1,Male,Suburban,SUV,Yes,No,Low,No
1054,67,140630,5,2,14,17,5,Male,Urban,Truck,No,No,Low,No
1055,35,66496,5,1,2,2,3,Female,Rural,Sedan,Yes,No,Low,No
1056,50,59870,56.8,2,2,2,2,Female,Suburban,Sedan,Yes,Yes,Low,No
1057,55,74987,56.9,2,6,7,1,Male,Suburban,SUV,Yes,Yes,Low,No
1058,53,113111,37.1,2,0,3,5,Male,Suburban,Hatchback,Yes,Yes,Low,Yes
1059,58,78911,25.9,2,0,3,4,Female,Rural,SUV,Yes,Yes,Low,Yes
1060,36,53786,42.3,2,6,12,4,Female,Urban,Sedan,Yes,No,Low,No
1061,55,95898,5,2,0,1,3,Female,Rural,Hatchback,Yes,Yes,Low,Yes
1062,50,72874,28.7,1,10,13,2,Male,Urban,SUV,No,Yes,Medium,No
1063,68,117587,57.1,1,10,5,2,Male,Urban,SUV,No,Yes,Low,No
1064,62,78274,66.5,3,6,15,1,Female,Urban,Sedan,Yes,Yes,Low,No
1065,47,78738,48.3,2,2,1,5,Female,Rural,Truck,Yes,No,Low,No
1066,57,59713,58.5,2,2,0,1,Male,Rural,Hatchback,Yes,No,Low,No
1067,46,83760,48.5,2,3,6,2,Male,Suburban,Sedan,No,No,Low,No
1068,62,49710,38.6,1,0,6,1,Female,Suburban,Truck,No,Yes,Medium,No
1069,69,77155,36.1,3,13,6,2,Female,Urban,SUV,No,Yes,Medium,Yes
1070,32,30000,5,2,10,14,4,Male,Urban,SUV,No,No,Low,No
1071,52,117675,44.5,2,0,6,4,Female,Suburban,Hatchback,Yes,Yes,Low,Yes
1072,30,30000,34.3,1,6,19,4,Female,Urban,Sedan,Yes,Yes,Low,No
1073,69,48894,32.7,2,8,15,3,Male,Urban,Sedan,No,No,Low,No
1074,55,65881,43.4,3,5,3,3,Female,Suburban,SUV,Yes,Yes,Low,No
1075,65,70879,17.8,2,0,3,2,Male,Rural,SUV,Yes,Yes,Low,No
1076,44,30000,16.3,1,7,3,2,Female,Suburban,Sedan,Yes,Yes,Low,No
1077,57,92283,21.9,3,5,4,5,Male,Suburban,SUV,Yes,No,Low,No
1078,27,76978,14.8,2,14,16,3,Male,Urban,Sedan,No,Yes,Low,Yes
1079,66,104792,35.8,2,7,7,2,Male,Suburban,SUV,No,No,Medium,No
1080,62,68933,79.2,3,4,10,2,Female,Urban,Sedan,No,No,Medium,No
1081,45,30000,47.9,2,7,9,4,Male,Suburban,Hatchback,Yes,Yes,Low,No
1082,49,53414,10.2,4,5,4,5,Male,Urban,SUV,Yes,Yes,Low,Yes
1083,26,75822,34.2,4,6,9,2,Male,Suburban,Hatchback,Yes,Yes,Low,No
1084,42,67575,23.3,1,0,1,4,Female,Rural,Hatchback,Yes,No,Low,No
1085,57,96195,46.6,3,0,3,4,Female,Rural,Sedan,Yes,Yes,Low,Yes
1086,66,99724,18.3,2,7,7,1,Female,Suburban,Sedan,Yes,No,Low,No
1087,60,30000,22.7,1,2,2,3,Female,Rural,SUV,Yes,No,Low,No
1088,51,73824,21.3,2,1,1,3,Male,Rural,SUV,Yes,Yes,Low,No
1089,63,104447,57,1,2,9,1,Male,Suburban,Sedan,Yes,No,Low,No
1090,68,64637,5,2,6,16,2,Female,Urban,Sedan,Yes,Yes,Low,No
1091,47,101793,32.2,2,1,3,1,Male,Rural,Sedan,Yes,No,Low,No
1092,55,96658,53,2,3,8,1,Male,Suburban,SUV,Yes,Yes,Low,No
1093,66,55300,18.1,1,2,3,3,Female,Rural,Sedan,Yes,No,Low,No
1094,36,102382,27.8,1,5,2,2,Male,Suburban,SUV,No,No,Medium,No
1095,61,81484,32.3,2,12,9,2,Female,Urban,Sedan,Yes,Yes,Low,No
1096,33,121246,37,1,2,3,1,Female,Suburban,SUV,Yes,No,Low,No
1097,61,91330,5,3,7,4,2,Male,Urban,Sedan,No,Yes,Low,No
1098,39,92864,5,2,3,6,5,Female,Suburban,SUV,Yes,Yes,Low,Yes
1099,60,78815,54.5,2,3,3,4,Male,Urban,SUV,Yes,Yes,Low,Yes
1100,62,84839,48.9,1,13,13,4,Male,Urban,Sedan,No,No,Low,No
1101,48,123826,48.3,2,4,5,4,Female,Urban,SUV,No,No,Medium,No
1102,33,80968,25.6,1,2,4,1,Female,Suburban,Truck,Yes,Yes,Low,No
1103,27,152046,5,2,13,16,2,Male,Urban,SUV,Yes,Yes,Low,No
1104,68,96739,5,2,0,1,1,Male,Rural,SUV,Yes,Yes,Low,No
1105,30,119892,48.1,2,2,4,4,Female,Suburban,Truck,Yes,No,Low,No
1106,39,91882,5,1,1,1,5,Female,Rural,Sedan,Yes,Yes,Low,Yes
1107,39,104573,27,2,3,3,2,Male,Suburban,SUV,No,Yes,Medium,No
1108,44,87649,54.5,1,6,4,1,Female,Suburban,SUV,Yes,Yes,Low,No
1109,32,106933,61.8,1,7,8,1,Male,Suburban,SUV,Yes,Yes,Low,No
1110,41,94855,30.1,2,2,5,1,Female,Urban,Sedan,Yes,Yes,Low,No
1111,65,52214,53.9,2,3,4,2,Female,Urban,Sedan,No,Yes,Medium,No
1112,64,81478,35.3,1,8,17,1,Female,Urban,SUV,No,Yes,Medium,No
1113,51,66929,52.3,1,0,5,5,Female,Suburban,SUV,Yes,No,Low,No
1114,35,88616,48.7,1,13,13,4,Male,Urban,Hatchback,No,No,Low,No
1115,66,46779,36.4,1,0,0,4,Male,Rural,Sedan,Yes,Yes,Low,No
1116,46,101981,48.2,2,7,8,2,Female,Urban,Sedan,Yes,Yes,Low,No
1117,39,117626,52.5,3,4,8,1,Male,Suburban,SUV,Yes,Yes,Low,No
1118,66,79401,35.3,2,0,3,4,Male,Suburban,SUV,Yes,Yes,Low,Yes
1119,57,67778,44,2,2,1,5,Female,Suburban,SUV,Yes,Yes,Low,Yes
1120,55,30000,48.5,1,13,17,1,Female,Urban,Sedan,Yes,Yes,Low,No
1121,45,75416,39.4,2,1,2,1,Male,Rural,SUV,Yes,Yes,Low,No
1122,51,119457,24.8,4,5,9,4,Male,Suburban,Sedan,Yes,No,Low,No
1123,49,133517,62.1,3,10,15,3,Female,Urban,SUV,Yes,Yes,Low,No
1124,66,77531,26.1,2,1,0,2,Female,Rural,Sedan,Yes,Yes,Low,No
1125,39,76967,56.8,3,0,5,4,Female,Suburban,Sedan,Yes,No,Low,No
1126,41,96530,40.7,1,2,3,2,Male,Rural,SUV,Yes,No,Low,No
1127,44,84575,5,2,7,16,4,Male,Urban,SUV,Yes,Yes,Low,Yes
1128,68,82440,76.4,1,0,0,4,Female,Rural,Hatchback,No,No,Medium,No
1129,58,86906,16.9,1,5,3,3,Female,Suburban,SUV,Yes,Yes,Low,No
1130,34,83489,23.6,1,2,0,1,Male,Rural,Sedan,Yes,Yes,Low,No
1131,54,74071,44.5,2,7,7,4,Male,Suburban,Sedan,Yes,Yes,Low,No
1132,39,68799,70.4,4,0,8,1,Male,Suburban,Truck,No,No,Medium,No
1133,29,94976,22.3,2,1,1,4,Male,Suburban,Hatchback,Yes,Yes,Low,No
1134,49,110621,51.9,1,1,4,2,Male,Suburban,SUV,Yes,Yes,Low,No
1135,51,71890,5,3,2,1,4,Female,Rural,SUV,Yes,Yes,Low,No
1136,37,104726,17.2,2,2,3,5,Female,Rural,Truck,Yes,No,Low,No
1137,30,84531,55.9,1,4,4,4,Male,Suburban,Sedan,Yes,Yes,Low,Yes
1138,51,76623,24.9,2,3,1,4,Male,Suburban,SUV,Yes,Yes,Low,No
1139,25,154867,46.9,1,1,2,4,Male,Rural,SUV,Yes,Yes,Low,Yes
1140,46,59414,38.8,2,1,3,4,Male,Suburban,Sedan,Yes,Yes,Low,No
1141,61,68445,27.9,1,2,2,5,Male,Rural,SUV,Yes,Yes,Low,Yes
1142,31,90836,27.5,2,7,8,5,Female,Suburban,Sedan,No,No,Medium,No
1143,69,84734,5,1,5,18,3,Male,Urban,Sedan,Yes,Yes,Low,No
1144,47,78845,34,1,6,8,4,Female,Urban,Sedan,Yes,Yes,Low,No
1145,54,30000,22.5,1,2,2,3,Male,Rural,Sedan,Yes,No,Low,No
1146,29,108869,42.7,1,2,19,1,Male,Urban,Sedan,No,No,Low,No
1147,50,30000,52.7,1,1,3,2,Female,Rural,SUV,Yes,Yes,Low,No
1148,25,70886,50.3,1,2,1,4,Male,Rural,Hatchback,Yes,Yes,Low,No
1149,57,124701,27.8,1,3,11,2,Male,Urban,Sedan,No,Yes,Low,No
1150,53,132979,39.4,1,1,2,3,Male,Rural,Hatchback,Yes,Yes,Low,Yes
1151,46,84949,47.4,1,1,6,4,Male,Suburban,Sedan,Yes,Yes,Low,Yes
1152,60,67840,5,2,1,0,4,Male,Rural,SUV,Yes,No,Low,No
1153,50,87026,18.9,1,2,1,5,Female,Rural,Sedan,Yes,Yes,Low,No
1154,49,71701,35.6,2,7,9,3,Female,Suburban,Sedan,Yes,No,Low,No
1155,63,64916,24.5,1,3,7,1,Male,Suburban,SUV,Yes,Yes,Low,No
1156,54,84440,5,1,12,12,4,Female,Urban,Sedan,Yes,Yes,Low,Yes
1157,60,85825,65.2,1,3,4,2,Female,Urban,SUV,No,Yes,Medium,No
1158,63,65800,15.9,1,2,3,5,Female,Rural,Sedan,Yes,Yes,Low,Yes
1159,69,30000,31.1,1,2,0,2,Male,Rural,SUV,No,Yes,Medium,No
1160,53,77528,59.5,2,14,5,1,Male,Urban,Sedan,No,Yes,Low,No
1161,43,30000,20.6,3,4,9,5,Female,Suburban,SUV,Yes,No,Low,No
1162,56,65003,31.1,2,4,15,2,Female,Urban,SUV,No,No,Low,No
1163,54,30000,5,1,7,9,3,Male,Suburban,Truck,Yes,Yes,Low,No
1164,66,90344,49,1,11,16,1,Female,Urban,SUV,No,Yes,Low,No
1165,48,81956,55.3,2,2,9,1,Male,Suburban,Sedan,Yes,No,Low,No
1166,58,79158,31.7,1,8,13,1,Male,Urban,Sedan,No,No,Low,No
1167,28,122389,45.4,1,4,6,5,Male,Suburban,Sedan,Yes,Yes,Low,Yes
1168,26,74195,56.3,1,2,6,1,Female,Suburban,Sedan,Yes,No,Low,No
1169,55,67836,5,1,1,6,3,Male,Suburban,SUV,No,Yes,Low,No
1170,51,53532,64.2,1,9,17,3,Female,Urban,Sedan,No,Yes,Low,No
1171,39,51904,24.5,1,0,4,3,Female,Suburban,SUV,Yes,Yes,Low,Yes
1172,49,77960,58.4,2,0,2,1,Female,Rural,SUV,Yes,No,Low,No
1173,48,59449,47,3,5,15,4,Male,Urban,SUV,No,No,Medium,No
1174,61,134063,58.3,2,8,16,2,Female,Urban,SUV,Yes,Yes,Low,Yes
1175,43,71949,55.8,2,3,7,4,Female,Suburban,SUV,No,No,Medium,No
1176,50,64896,5,4,7,17,4,Female,Urban,Sedan,No,No,Low,No
1177,46,89170,5,2,0,1,2,Male,Rural,Hatchback,Yes,Yes,Low,No
1178,60,76549,44.6,1,2,3,4,Female,Rural,Sedan,Yes,Yes,Low,Yes
1179,61,79497,51,1,11,14,5,Male,Urban,SUV,No,Yes,Low,Yes
1180,29,112134,26.2,1,1,3,2,Male,Rural,SUV,Yes,Yes,Low,No
1181,41,86938,44.6,3,7,9,1,Female,Suburban,Sedan,Yes,Yes,Low,No
1182,69,133621,5,2,6,14,2,Female,Urban,SUV,No,Yes,Low,No
1183,38,108847,46,2,5,9,1,Female,Urban,SUV,No,Yes,Low,No
1184,37,78845,55.9,2,3,16,5,Male,Urban,SUV,No,Yes,Low,Yes
1185,62,100893,5,1,11,16,5,Male,Urban,SUV,Yes,Yes,Low,Yes
1186,33,105569,45.8,1,8,11,2,Male,Urban,Sedan,No,No,Low,No
1187,37,131482,54,3,7,3,3,Female,Urban,Sedan,Yes,Yes,Low,No
1188,58,30000,5,3,4,13,4,Male,Urban,Hatchback,No,Yes,Low,No
1189,31,74507,5,1,5,14,2,Female,Urban,SUV,Yes,No,Low,No
1190,42,103445,5,1,14,8,1,Female,Urban,Sedan,Yes,Yes,Low,No
1191,44,58857,5,2,2,3,5,Male,Suburban,SUV,Yes,Yes,Low,Yes
1192,58,30000,50.2,1,1,5,1,Female,Suburban,SUV,No,No,Low,No
1193,51,125744,61.9,1,9,18,4,Male,Urban,Hatchback,No,Yes,Low,No
1194,56,69435,50,1,4,3,2,Male,Suburban,Sedan,Yes,Yes,Low,No
1195,53,65800,5,1,2,1,2,Female,Rural,Sedan,Yes,Yes,Low,No
1196,64,30000,46,2,4,1,5,Male,Suburban,Truck,Yes,Yes,Low,No
1197,66,90740,5,3,3,8,1,Male,Urban,Sedan,Yes,No,Low,No
1198,33,104912,56.7,1,14,15,2,Female,Urban,Sedan,No,Yes,Low,No
1199,48,51878,37.7,3,9,18,1,Male,Urban,SUV,Yes,Yes,Low,No
1200,48,124042,71,2,13,3,2,Male,Urban,SUV,Yes,No,Low,No
1201,57,76650,51.1,1,12,15,3,Female,Urban,Truck,Yes,Yes,Low,No
1202,48,56521,24.4,3,0,3,3,Female,Rural,SUV,Yes,Yes,Low,No
1203,44,86407,5,2,1,6,4,Male,Suburban,Sedan,Yes,Yes,Low,Yes
1204,39,116041,38.3,2,0,3,1,Female,Rural,Truck,Yes,Yes,Low,No
1205,29,64019,5,1,2,1,1,Male,Rural,Hatchback,Yes,No,Low,No
1206,66,50525,31.6,1,11,15,4,Female,Urban,Truck,Yes,Yes,Low,No
1207,27,81825,5,3,1,9,3,Male,Suburban,Sedan,Yes,No,Low,No
1208,44,79890,34.1,1,4,6,1,Female,Suburban,SUV,Yes,Yes,Low,No
1209,51,92831,5,2,14,7,3,Female,Urban,Sedan,Yes,Yes,Low,No
1210,64,30000,17.7,2,2,4,4,Male,Urban,Truck,No,No,Low,No
1211,25,64559,43.5,2,0,1,5,Male,Suburban,SUV,Yes,Yes,Low,Yes
1212,56,112446,42,1,14,7,2,Female,Urban,Sedan,Yes,No,Low,No
1213,34,130118,5,1,2,2,2,Male,Suburban,SUV,Yes,No,Low,No
1214,43,107721,48.6,1,8,15,3,Female,Urban,SUV,No,No,Low,No
1215,61,65790,5,3,7,14,2,Female,Urban,Sedan,No,Yes,Low,No
1216,49,87679,51.8,1,2,2,5,Male,Rural,SUV,Yes,Yes,Low,No
1217,42,134640,5,4,9,3,3,Female,Urban,SUV,Yes,Yes,Low,Yes
1218,60,97909,32.6,1,14,10,4,Male,Urban,Sedan,No,Yes,Low,No
1219,62,114733,41.9,1,2,3,5,Female,Rural,Sedan,Yes,Yes,Low,Yes
1220,69,30000,36.8,2,1,3,1,Female,Rural,SUV,Yes,Yes,Low,No
1221,38,63750,47.7,1,1,1,2,Female,Rural,Sedan,Yes,Yes,Low,No
1222,26,97563,34.8,1,3,7,1,Female,Urban,SUV,Yes,Yes,Low,No
1223,48,51901,5,1,2,0,1,Female,Rural,Sedan,Yes,Yes,Low,No
1224,60,65800,5,1,7,4,2,Male,Urban,Sedan,No,No,Low,No
1225,58,58345,50.5,3,6,2,5,Male,Suburban,SUV,Yes,No,Low,No
1226,47,30000,47.4,3,4,13,1,Male,Urban,Sedan,No,No,Medium,No
1227,36,61825,29.5,1,5,13,3,Male,Urban,Sedan,No,Yes,Medium,No
1228,42,72600,23.2,2,0,2,2,Male,Rural,SUV,Yes,Yes,Low,No
1229,39,94863,5,1,11,6,1,Female,Urban,SUV,No,No,Low,No
1230,42,84575,26.9,1,12,15,5,Male,Urban,Sedan,Yes,No,Low,No
1231,68,93556,31.7,1,12,5,2,Male,Urban,SUV,Yes,No,Low,No
1232,27,94270,69.5,2,2,2,2,Male,Rural,SUV,Yes,Yes,Low,Yes
1233,57,94069,5,1,5,7,2,Male,Suburban,SUV,Yes,Yes,Low,No
1234,36,53431,50.5,1,5,1,4,Female,Suburban,Hatchback,Yes,Yes,Low,No
1235,31,100974,36.1,2,11,15,3,Male,Urban,SUV,No,Yes,Low,No
1236,68,91619,5,2,7,9,4,Male,Urban,SUV,Yes,Yes,Low,Yes
1237,33,91652,46.3,1,2,8,1,Male,Suburban,Sedan,Yes,No,Low,No
1238,68,113977,40.4,1,1,3,3,Male,Suburban,Sedan,Yes,Yes,Low,No
1239,26,57622,46.4,2,1,2,4,Female,Suburban,SUV,Yes,Yes,Low,No
1240,38,103664,24.2,1,3,5,4,Female,Suburban,Sedan,Yes,Yes,Low,No
1241,56,30000,25.3,2,12,3,4,Male,Urban,Sedan,No,No,Low,No
1242,52,122345,40.3,2,6,5,4,Male,Suburban,Hatchback,No,Yes,Low,Yes
1243,28,30000,5,1,6,18,2,Female,Urban,SUV,No,Yes,Low,No
1244,40,61411,38.5,2,3,7,3,Female,Urban,Hatchback,No,No,Medium,No
1245,46,114908,5,2,7,6,3,Female,Suburban,SUV,Yes,No,Low,No
1246,34,88909,31.2,2,9,5,3,Female,Urban,Hatchback,No,No,Low,No
1247,28,60440,47.5,1,1,5,4,Male,Suburban,Sedan,Yes,Yes,Low,No
1248,54,87468,59.5,2,6,15,1,Female,Urban,Sedan,Yes,No,Low,No
1249,47,123547,54.4,2,5,5,3,Male,Suburban,Truck,Yes,Yes,Low,No
1250,37,30000,12.7,3,2,9,1,Male,Suburban,Sedan,Yes,Yes,Low,No
1251,47,74555,33.3,1,5,6,1,Male,Suburban,Hatchback,No,Yes,Medium,No
1252,29,131181,61.8,1,7,6,4,Female,Suburban,Sedan,Yes,Yes,Low,Yes
1253,41,106565,5,1,13,19,1,Male,Urban,Hatchback,No,Yes,Low,No
1254,44,115513,53.4,2,9,18,3,Female,Urban,Sedan,Yes,No,Low,No
1255,48,79144,48,3,2,4,4,Male,Urban,Truck,No,No,Medium,No
1256,63,54325,49.6,3,9,18,3,Female,Urban,SUV,Yes,Yes,Low,Yes
1257,62,100860,23.6,2,7,13,5,Female,Urban,SUV,Yes,Yes,Low,Yes
1258,48,106442,47.1,3,1,2,3,Male,Rural,Sedan,Yes,Yes,Low,No
1259,46,78845,43.5,1,7,9,3,Female,Suburban,SUV,Yes,No,Low,No
1260,67,30000,20.8,1,0,3,2,Male,Rural,Sedan,Yes,Yes,Low,No
1261,49,102368,40.9,1,12,7,1,Female,Urban,SUV,No,Yes,Low,No
1262,46,62341,5,2,14,18,5,Female,Urban,Hatchback,No,No,Low,No
1263,35,78529,56.5,2,12,6,4,Male,Urban,SUV,Yes,Yes,Low,Yes
1264,44,77550,5,2,3,4,5,Female,Suburban,Sedan,Yes,Yes,Low,No
1265,45,50358,41.9,1,1,3,3,Female,Rural,Sedan,No,No,Medium,No
1266,50,112761,48.3,1,5,8,3,Male,Urban,Sedan,No,Yes,Low,No
1267,49,149380,32.7,1,4,7,1,Male,Suburban,SUV,Yes,No,Low,No
1268,35,101633,49.9,2,4,14,4,Male,Urban,SUV,No,Yes,Low,Yes
1269,35,97563,43.4,2,3,5,5,Male,Suburban,Sedan,Yes,Yes,Low,Yes
1270,55,68713,65,2,11,8,2,Male,Urban,SUV,No,No,Low,No
1271,26,55717,69.6,2,3,4,5,Male,Urban,Sedan,No,No,Medium,No
1272,59,65853,49.7,2,3,3,1,Male,Suburban,SUV,Yes,Yes,Low,No
1273,44,91560,5,3,12,7,4,Male,Urban,Hatchback,Yes,No,Low,No
1274,37,67840,27.4,4,5,1,2,Male,Suburban,SUV,Yes,No,Low,No
1275,32,83314,5,1,7,4,2,Female,Suburban,Sedan,No,No,Low,No
1276,62,92744,37.7,2,12,10,1,Male,Urban,Sedan,No,Yes,Low,No
1277,54,88402,23.9,1,6,6,1,Male,Suburban,SUV,Yes,Yes,Low,No
1278,46,64559,40.4,1,8,16,4,Male,Urban,SUV,No,Yes,Low,No
1279,39,113931,60.5,2,1,2,3,Male,Rural,SUV,Yes,No,Low,No
1280,65,75946,5,1,6,6,3,Female,Urban,Sedan,No,Yes,Low,No
1281,44,121801,36.1,2,3,12,2,Male,Urban,Sedan,Yes,Yes,Low,No
1282,39,81438,5,1,6,7,1,Female,Urban,Sedan,No,Yes,Low,No
1283,34,72637,17.3,1,10,16,1,Female,Urban,Sedan,No,Yes,Low,No
1284,33,60499,16.7,2,11,9,1,Male,Urban,Sedan,No,Yes,Medium,No
1285,41,65722,70.2,1,0,1,1,Male,Rural,Sedan,Yes,Yes,Low,No
1286,32,96749,5,2,5,9,1,Female,Urban,SUV,No,Yes,Low,No
1287,30,96481,49,2,1,7,2,Male,Suburban,Sedan,Yes,Yes,Low,No
1288,62,121075,51,1,12,13,5,Male,Urban,Sedan,Yes,Yes,Low,Yes
1289,36,72483,5,2,0,1,5,Male,Suburban,Sedan,No,Yes,Medium,No
1290,48,30000,55.7,2,7,6,1,Male,Suburban,Sedan,Yes,Yes,Low,No
1291,50,156697,58.2,2,11,5,4,Male,Urban,Truck,Yes,Yes,Low,Yes
1292,28,51878,35.3,1,2,2,2,Female,Suburban,SUV,Yes,No,Low,No
1293,47,94763,24.9,2,7,18,4,Male,Urban,Sedan,Yes,No,Low,Yes
1294,59,81728,49.3,2,9,7,3,Male,Urban,SUV,Yes,No,Low,No
1295,37,71643,32.4,1,2,0,4,Male,Rural,Hatchback,Yes,No,Low,No
1296,46,30000,5,1,3,3,3,Female,Suburban,Sedan,Yes,Yes,Low,No
1297,49,65800,33.2,1,9,10,5,Male,Urban,SUV,Yes,Yes,Low,No
1298,41,93321,36.7,3,7,6,5,Female,Suburban,SUV,Yes,Yes,Low,Yes
1299,67,121807,52.1,1,3,8,3,Male,Urban,SUV,No,Yes,Medium,No
1300,57,61541,36.6,1,9,12,5,Male,Urban,SUV,Yes,Yes,Low,Yes
1301,57,99017,27.4,1,8,18,3,Male,Urban,Sedan,No,No,Low,No
1302,59,97741,36.9,2,4,4,1,Female,Suburban,SUV,Yes,No,Low,No
1303,53,84889,17.6,1,6,8,3,Female,Suburban,SUV,Yes,Yes,Low,No
1304,67,120191,41.6,3,10,11,4,Male,Urban,Sedan,No,No,Low,No
1305,37,54721,60.5,1,7,7,1,Female,Suburban,Sedan,Yes,No,Low,No
1306,26,82460,5,2,5,1,4,Male,Suburban,Truck,Yes,No,Low,No
1307,44,101419,41.3,1,5,6,2,Female,Urban,Hatchback,Yes,Yes,Low,No
1308,48,109210,36.1,1,6,15,2,Male,Urban,SUV,No,Yes,Low,No
1309,26,120774,42.9,2,8,14,4,Male,Urban,SUV,Yes,Yes,Low,Yes
1310,35,117719,40.5,2,2,3,5,Female,Rural,Hatchback,Yes,Yes,Low,Yes
1311,64,80596,52.2,2,3,7,5,Female,Suburban,SUV,Yes,Yes,Low,Yes
1312,47,92744,5,1,11,7,2,Male,Urban,SUV,No,No,Low,No
1313,39,99724,22.8,1,11,16,1,Female,Urban,Hatchback,Yes,No,Low,No
1314,52,59262,56.9,3,2,1,4,Male,Rural,SUV,Yes,Yes,Low,No
1315,30,63386,52.1,3,6,7,1,Male,Urban,SUV,No,No,Medium,No
1316,58,94878,5,1,7,13,2,Female,Urban,SUV,No,No,Low,No
1317,50,63737,41.5,1,2,2,4,Male,Rural,Sedan,Yes,No,Low,No
1318,51,86844,5,2,7,16,2,Female,Urban,SUV,No,Yes,Low,No
1319,46,90838,5,2,7,2,4,Male,Suburban,SUV,Yes,Yes,Low,No
1320,57,123466,18.2,2,4,5,3,Female,Suburban,SUV,Yes,Yes,Low,No
1321,39,71149,40.6,2,10,15,2,Male,Urban,Truck,No,No,Low,No
1322,63,71747,56.9,1,1,0,3,Male,Rural,SUV,Yes,No,Low,No
1323,60,110173,46.9,2,2,3,4,Female,Rural,Truck,Yes,Yes,Low,Yes
1324,42,92831,5,1,6,5,2,Female,Suburban,Hatchback,Yes,No,Low,No
1325,68,39148,45.4,1,2,4,2,Male,Urban,Hatchback,Yes,No,Low,No
1326,37,30000,5,2,2,1,4,Male,Suburban,Sedan,Yes,Yes,Low,No
1327,51,62737,34,2,7,7,3,Female,Suburban,SUV,Yes,No,Low,No
1328,41,72483,51.7,2,9,8,1,Male,Urban,SUV,No,Yes,Medium,No
1329,51,141884,15.2,1,10,19,2,Male,Urban,Sedan,No,Yes,Low,No
1330,66,94036,22.4,1,2,16,1,Female,Urban,Sedan,No,Yes,Low,No
1331,61,90950,5,2,7,3,1,Female,Urban,Sedan,Yes,No,Low,No
1332,65,88062,25,4,13,19,5,Female,Urban,Sedan,Yes,No,Low,No
1333,31,130973,5,1,4,12,1,Male,Urban,SUV,Yes,No,Low,No
1334,25,126424,51.8,2,6,19,2,Male,Urban,Sedan,No,No,Medium,No
1335,57,91435,66.6,1,1,3,2,Female,Rural,Sedan,Yes,Yes,Low,No
1336,27,102679,5,2,3,3,5,Female,Urban,Hatchback,Yes,No,Low,No
1337,41,59469,5,1,12,13,2,Male,Urban,Sedan,No,Yes,Low,No
1338,30,79668,37.4,3,12,3,2,Female,Urban,SUV,No,No,Low,No
1339,61,106516,66.8,1,0,6,2,Male,Suburban,Sedan,No,Yes,Medium,No
1340,42,53357,5,2,13,7,4,Male,Urban,Sedan,No,Yes,Low,No
1341,62,72637,26.5,2,0,1,5,Male,Rural,Sedan,Yes,Yes,Low,No
1342,56,64711,5,2,9,9,2,Female,Urban,SUV,No,No,Low,No
1343,36,56530,5,4,0,0,5,Male,Rural,Sedan,Yes,Yes,Low,Yes
1344,38,88393,50.5,1,1,3,5,Male,Rural,SUV,Yes,Yes,Low,No
1345,53,30000,21.2,1,14,7,2,Male,Urban,SUV,No,No,Low,No
1346,52,30000,35.1,2,2,11,1,Female,Urban,Sedan,No,Yes,Low,No
1347,60,30000,18.4,2,14,10,3,Female,Urban,Sedan,No,Yes,Low,No
1348,31,70445,34.5,1,14,13,3,Male,Urban,SUV,No,No,Medium,No
1349,47,73979,33.8,1,13,15,3,Male,Urban,SUV,Yes,No,Low,No
1350,56,104916,43.2,1,2,2,4,Female,Rural,Hatchback,Yes,Yes,Low,No
1351,52,67836,37.4,3,14,4,4,Male,Urban,Hatchback,No,Yes,Medium,No
1352,51,91292,18.8,2,11,6,2,Male,Urban,Hatchback,Yes,No,Low,No
1353,65,140561,5,1,5,14,1,Male,Urban,Sedan,Yes,Yes,Low,No
1354,50,124835,42.3,2,2,4,5,Male,Suburban,Sedan,Yes,Yes,Low,Yes
1355,25,44738,41.6,2,12,8,1,Female,Urban,SUV,No,Yes,Low,No
1356,64,147723,60.2,2,5,6,4,Male,Suburban,SUV,Yes,Yes,Low,No
1357,63,129746,64.6,1,1,3,1,Male,Rural,Hatchback,Yes,Yes,Low,No
1358,63,97973,38.8,2,12,9,5,Female,Urban,SUV,No,Yes,Low,Yes
1359,25,46447,67.6,3,6,9,1,Male,Suburban,SUV,Yes,Yes,Low,No
1360,32,86831,5,2,4,9,5,Female,Suburban,SUV,No,No,Low,No
1361,58,107532,63,2,12,6,3,Female,Urban,Sedan,No,Yes,Medium,No
1362,54,120861,55.3,2,1,4,4,Male,Suburban,SUV,Yes,Yes,Low,Yes
1363,61,68630,65.4,1,11,6,1,Female,Urban,Hatchback,No,No,Medium,No
1364,31,101134,20,1,12,6,5,Male,Urban,Sedan,Yes,No,Low,No
1365,43,80777,25.2,1,2,0,3,Male,Rural,SUV,Yes,Yes,Low,No
1366,52,120741,5,2,6,5,5,Male,Suburban,Sedan,Yes,Yes,Low,Yes
1367,39,136009,40.5,2,12,14,4,Female,Urban,Sedan,Yes,Yes,Low,Yes
1368,55,72454,5,2,7,8,1,Female,Urban,Sedan,No,No,Low,No
1369,34,142955,54.9,2,1,5,5,Female,Suburban,SUV,Yes,Yes,Low,Yes
1370,33,30000,55.6,2,3,1,4,Male,Suburban,SUV,Yes,No,Low,No
1371,37,131711,40.7,1,0,1,2,Male,Rural,Hatchback,Yes,No,Low,No
1372,55,72270,5,3,1,6,2,Female,Suburban,SUV,Yes,Yes,Low,No
1373,47,139549,24.2,2,8,15,1,Female,Urban,Hatchback,No,No,Low,No
1374,46,94651,27,2,3,1,4,Female,Suburban,Sedan,Yes,Yes,Low,Yes
1375,45,70922,56.1,1,1,2,1,Male,Rural,SUV,Yes,No,Low,No
1376,41,81484,5,2,2,3,1,Male,Rural,Sedan,Yes,Yes,Low,No
1377,36,30000,5,1,14,10,5,Female,Urban,SUV,No,Yes,Low,Yes
1378,50,84529,5,1,7,7,4,Male,Suburban,SUV,Yes,No,Low,No
1379,60,95640,67.4,2,2,2,1,Male,Rural,SUV,Yes,No,Low,No
1380,42,129746,21.3,1,1,1,1,Male,Rural,Hatchback,Yes,Yes,Low,No
1381,42,74861,5,1,2,9,4,Female,Suburban,Sedan,No,Yes,Low,No
1382,40,59971,32.4,1,11,17,2,Male,Urban,Sedan,Yes,Yes,Low,No
1383,37,142885,21.7,3,0,0,2,Male,Rural,Sedan,Yes,No,Low,No
1384,50,58767,40.6,2,10,4,1,Female,Urban,Sedan,No,No,Low,No
1385,43,92677,29.9,1,2,4,3,Female,Suburban,Sedan,Yes,Yes,Low,No
1386,51,84421,61.9,1,5,4,5,Female,Suburban,SUV,Yes,Yes,Low,Yes
1387,44,97769,46.5,1,12,10,3,Female,Urban,SUV,No,Yes,Medium,No
1388,41,102751,35.4,1,7,9,3,Female,Urban,Hatchback,Yes,No,Low,No
1389,54,30000,5,1,2,6,2,Male,Suburban,SUV,Yes,Yes,Low,No
1390,48,47733,44.9,1,1,1,1,Male,Rural,Sedan,Yes,No,Low,No
1391,57,123460,5,1,2,1,3,Female,Rural,SUV,Yes,Yes,Low,No
1392,42,70867,41.2,2,6,5,2,Female,Suburban,SUV,Yes,No,Low,No
1393,25,85800,44.9,2,5,8,3,Male,Suburban,Sedan,No,No,Medium,No
1394,32,104618,37.1,1,7,12,5,Female,Urban,SUV,Yes,Yes,Low,No
1395,68,93028,33.6,1,14,7,2,Male,Urban,SUV,Yes,Yes,Low,No
1396,28,104851,22.3,1,11,18,3,Female,Urban,Sedan,Yes,Yes,Low,No
1397,65,86042,5,1,3,9,1,Male,Suburban,Sedan,Yes,Yes,Low,No
1398,37,88345,30.3,1,4,5,1,Male,Urban,Sedan,No,No,Medium,No
1399,54,65903,56.1,2,6,8,3,Male,Suburban,SUV,Yes,No,Low,No
1400,50,80577,48.3,1,7,9,3,Male,Suburban,Sedan,Yes,Yes,Low,No
1401,29,30000,5,1,5,7,5,Male,Suburban,Sedan,No,No,Medium,No
1402,31,129834,22.7,2,1,3,1,Female,Suburban,Hatchback,Yes,Yes,Low,No
1403,37,89326,5,1,0,3,4,Female,Suburban,SUV,Yes,No,Low,No
1404,49,76543,5,1,0,0,2,Female,Rural,Sedan,Yes,No,Low,No
1405,55,94443,23.2,3,5,4,5,Female,Suburban,SUV,No,Yes,Medium,No
1406,61,52416,5,2,11,16,2,Male,Urban,Sedan,No,No,Low,No
1407,35,30000,12.6,1,7,12,5,Male,Urban,Sedan,No,No,Medium,No
1408,26,63733,20.1,2,7,6,1,Male,Suburban,Sedan,Yes,Yes,Low,No
1409,41,122966,37.5,2,0,3,2,Female,Suburban,SUV,Yes,No,Low,No
1410,36,77900,54.9,1,11,6,3,Female,Urban,Hatchback,Yes,Yes,Low,No
1411,62,83947,5,2,6,9,3,Male,Urban,Hatchback,Yes,No,Low,No
1412,27,30000,36.9,2,3,7,4,Male,Suburban,Sedan,Yes,Yes,Low,No
1413,31,70886,39,2,9,17,4,Female,Urban,SUV,Yes,No,Low,No
1414,51,110227,22.4,1,2,2,5,Male,Rural,SUV,Yes,Yes,Low,Yes
1415,49,111206,45.6,2,6,5,5,Female,Suburban,SUV,Yes,Yes,Low,Yes
1416,53,136057,5,2,2,3,2,Female,Rural,SUV,Yes,Yes,Low,Yes
1417,66,95987,36.4,1,4,5,5,Male,Suburban,Truck,Yes,Yes,Low,No
1418,41,57867,32.3,2,5,6,2,Male,Suburban,SUV,Yes,No,Low,No
1419,47,73344,5,2,12,17,5,Male,Urban,SUV,Yes,Yes,Low,No
1420,63,85800,36.1,1,11,18,2,Female,Urban,Sedan,No,Yes,Low,No
1421,55,91783,5,1,0,9,1,Male,Suburban,Sedan,Yes,No,Low,No
1422,62,141115,5,2,5,12,3,Male,Urban,Sedan,No,No,Low,No
1423,43,82499,24.9,2,1,9,4,Female,Suburban,Sedan,Yes,Yes,Low,No
1424,39,99747,33,1,2,3,2,Male,Rural,SUV,Yes,Yes,Low,No
1425,35,75874,38.7,2,0,3,5,Male,Rural,SUV,Yes,No,Low,No
1426,30,67797,37.5,4,0,0,1,Female,Rural,Sedan,Yes,Yes,Low,No
1427,63,30000,5,1,14,3,2,Male,Urban,SUV,No,No,Low,No
1428,28,112279,21.9,1,12,19,5,Female,Urban,SUV,No,Yes,Low,Yes
1429,44,121480,37.5,1,4,5,1,Male,Suburban,SUV,Yes,Yes,Low,No
1430,62,84012,5,2,7,5,1,Female,Urban,Hatchback,No,Yes,Low,No
1431,30,130651,28.5,2,1,1,2,Male,Rural,Sedan,Yes,Yes,Low,No
1432,68,72618,27.6,2,6,9,3,Male,Suburban,Sedan,Yes,Yes,Low,No
1433,29,30000,5,2,2,2,3,Female,Rural,SUV,Yes,Yes,Low,No
1434,45,130953,26,2,0,1,3,Female,Suburban,SUV,No,Yes,Medium,No
1435,61,30000,67.6,1,2,3,2,Male,Suburban,SUV,No,Yes,Medium,No
1436,37,30000,42.9,2,3,5,3,Other,Suburban,SUV,Yes,No,Low,No
1437,62,95715,41.1,1,4,18,4,Female,Urban,Sedan,Yes,Yes,Low,Yes
1438,29,76983,53.3,2,5,8,4,Female,Suburban,Sedan,Yes,Yes,Low,No
1439,30,85132,5,2,9,13,3,Male,Urban,Sedan,Yes,No,Low,No
1440,62,69340,37.6,1,4,2,5,Female,Suburban,SUV,Yes,No,Low,No
1441,65,96767,33,2,5,3,2,Female,Suburban,Hatchback,Yes,Yes,Low,No
1442,56,102331,41.5,1,9,5,1,Male,Urban,Sedan,No,No,Low,No
1443,43,30000,24.9,2,4,4,2,Male,Suburban,Truck,Yes,No,Low,No
1444,39,96481,5,2,7,7,5,Male,Suburban,Sedan,Yes,Yes,Low,Yes
1445,38,133659,22.2,2,11,17,2,Male,Urban,SUV,No,Yes,Low,No
1446,31,122567,5,2,1,3,2,Male,Rural,Sedan,Yes,Yes,Low,No
1447,68,82911,56.3,1,4,6,5,Male,Suburban,SUV,Yes,Yes,Low,No
1448,30,102773,40.4,1,11,12,4,Male,Urban,SUV,No,No,Low,No
1449,44,59080,43.2,1,1,2,5,Male,Rural,Hatchback,Yes,No,Low,No
1450,46,123547,36.9,1,1,1,4,Female,Rural,Hatchback,Yes,Yes,Low,No
1451,60,78890,31,2,4,6,5,Male,Suburban,SUV,Yes,Yes,Low,Yes
1452,55,86415,5,2,1,2,2,Female,Rural,SUV,Yes,Yes,Low,No
1453,30,67541,51.8,1,3,17,1,Female,Urban,SUV,No,No,Low,No
1454,36,93021,37.3,1,3,13,3,Male,Urban,SUV,Yes,No,Low,No
1455,65,118522,70.6,1,3,8,3,Female,Suburban,Sedan,Yes,Yes,Low,No
1456,42,75871,41.9,1,7,1,1,Male,Suburban,SUV,Yes,No,Low,No
1457,62,80622,61.9,1,12,19,2,Female,Urban,Truck,No,Yes,Low,No
1458,45,82872,45.4,2,7,17,4,Male,Urban,SUV,No,Yes,Low,Yes
1459,64,116666,22,1,4,3,1,Male,Suburban,SUV,Yes,Yes,Low,No
1460,66,30000,24.6,2,6,17,1,Male,Urban,SUV,No,No,Low,No
1461,29,100796,5,3,12,13,5,Female,Urban,Sedan,Yes,Yes,Low,Yes
1462,55,30000,5,1,1,0,2,Male,Rural,Sedan,No,Yes,Medium,No
1463,59,30000,49.3,1,4,9,5,Male,Suburban,SUV,No,No,Medium,No
1464,46,72716,35.3,2,12,9,5,Male,Urban,Sedan,Yes,Yes,Low,Yes
1465,26,77563,41.6,3,4,15,2,Male,Urban,Sedan,No,No,Low,No
1466,28,63869,46.8,2,7,8,1,Female,Urban,Sedan,No,No,Medium,No
1467,59,68392,24.9,3,3,2,1,Male,Suburban,Sedan,Yes,No,Low,No
1468,47,61760,41.4,2,7,6,4,Male,Urban,SUV,Yes,No,Low,No
1469,27,91766,19.4,2,2,3,2,Male,Rural,Sedan,Yes,No,Low,No
1470,37,124429,18.6,1,5,6,1,Female,Suburban,Sedan,Yes,Yes,Low,No
1471,69,114869,44,3,0,3,2,Female,Rural,Sedan,Yes,Yes,Low,No
1472,36,115317,49.5,2,3,11,2,Male,Urban,Sedan,Yes,Yes,Low,No
1473,40,76946,12.1,1,2,13,4,Female,Urban,Sedan,Yes,No,Low,No
1474,68,67819,5,2,2,4,4,Male,Suburban,Sedan,Yes,Yes,Low,No
1475,58,84555,5,1,3,5,1,Male,Suburban,Sedan,Yes,Yes,Low,No
1476,29,80777,5,1,10,6,2,Male,Urban,Sedan,No,Yes,Low,No
1477,56,86891,22.1,1,5,16,3,Male,Urban,SUV,Yes,No,Low,No
1478,47,121669,5,4,2,3,4,Male,Suburban,Sedan,Yes,Yes,Low,Yes
1479,66,51595,46.1,1,6,9,2,Female,Suburban,Sedan,Yes,No,Low,No
1480,45,87658,5,2,1,2,3,Female,Rural,Sedan,Yes,No,Low,No
1481,39,84229,32.7,2,2,8,1,Male,Suburban,SUV,Yes,Yes,Low,No
1482,38,60467,38.8,1,10,16,1,Male,Urban,Sedan,Yes,No,Low,No
1483,36,84605,32,3,4,9,3,Male,Suburban,Hatchback,Yes,Yes,Low,No
1484,44,30000,21,2,6,14,1,Female,Urban,Sedan,Yes,Yes,Low,No
1485,60,95898,31.7,2,4,9,3,Male,Suburban,Sedan,Yes,Yes,Low,No
1486,52,121286,47.1,1,4,1,2,Female,Suburban,SUV,Yes,No,Low,No
1487,55,47429,16.8,2,6,3,3,Female,Urban,Sedan,No,No,Low,No
1488,59,57981,17.6,2,0,9,4,Female,Suburban,Sedan,Yes,No,Low,No
1489,62,89986,70.6,1,1,6,1,Male,Suburban,SUV,Yes,Yes,Low,No
1490,66,74497,5,2,7,10,3,Male,Urban,Sedan,No,Yes,Low,No
1491,46,30000,28.3,2,13,8,5,Male,Urban,Sedan,No,Yes,Low,Yes
1492,58,60438,36.7,1,2,0,4,Male,Rural,Sedan,Yes,No,Low,No
1493,28,30000,35,2,8,10,4,Male,Urban,SUV,No,Yes,Low,No
1494,56,47631,5,2,3,6,2,Female,Suburban,SUV,Yes,Yes,Low,No
1495,68,88638,54.9,2,5,8,5,Male,Suburban,SUV,Yes,Yes,Low,Yes
1496,50,88625,13.2,1,1,4,5,Female,Suburban,SUV,Yes,Yes,Low,Yes
1497,38,75963,5,2,0,3,5,Male,Rural,SUV,Yes,Yes,Low,Yes
1498,36,133967,43.2,3,2,0,5,Male,Rural,Sedan,Yes,Yes,Low,Yes
1499,68,44989,41.8,2,4,5,1,Male,Suburban,SUV,Yes,Yes,Low,No
1500,64,108147,34.4,2,3,1,3,Female,Suburban,Hatchback,Yes,No,Low,No
1501,42,165523,17.9,2,2,0,4,Female,Rural,Hatchback,Yes,No,Low,No
1502,42,71019,5,1,1,3,3,Male,Rural,SUV,Yes,Yes,Low,No
1503,40,107470,26.4,2,3,17,5,Male,Urban,SUV,Yes,Yes,Low,Yes
1504,57,84529,14.2,1,5,14,5,Male,Urban,SUV,No,No,Low,No
1505,34,152781,50.8,3,10,19,4,Male,Urban,Sedan,No,Yes,Low,No
1506,45,154110,43.1,2,7,16,1,Male,Urban,Sedan,Yes,Yes,Low,No
1507,64,106563,47.3,1,1,3,5,Male,Rural,Sedan,Yes,No,Low,No
1508,63,82301,50.9,1,3,17,1,Female,Urban,SUV,Yes,Yes,Low,No
1509,34,72223,26.4,1,1,2,2,Male,Rural,SUV,Yes,Yes,Low,No
1510,65,115356,37.9,2,1,1,5,Male,Suburban,SUV,Yes,Yes,Low,Yes
1511,36,127476,34.1,2,4,3,4,Male,Urban,Sedan,No,Yes,Medium,Yes
1512,36,99424,5,3,12,16,2,Female,Urban,SUV,No,No,Low,No
1513,32,90740,5,1,10,7,5,Male,Urban,Hatchback,No,Yes,Low,Yes
1514,56,120534,5,2,5,4,5,Male,Suburban,Sedan,Yes,Yes,Low,Yes
1515,58,67414,41.9,1,0,3,3,Male,Suburban,Truck,Yes,Yes,Low,No
1516,52,96530,32.4,3,3,18,1,Male,Urban,Sedan,No,No,Medium,No
1517,48,68784,48.1,3,6,9,2,Female,Suburban,SUV,Yes,No,Low,No
1518,33,83691,46.2,1,11,13,4,Male,Urban,SUV,No,No,Low,No
1519,34,74472,40.8,1,5,7,2,Female,Suburban,SUV,Yes,No,Low,No
1520,47,83634,46,1,5,2,3,Male,Suburban,Sedan,Yes,Yes,Low,No
1521,63,94699,60.4,1,6,5,2,Female,Urban,SUV,Yes,No,Low,No
1522,54,110518,50.1,2,9,4,5,Male,Urban,Sedan,No,Yes,Medium,Yes
1523,66,64711,30.4,2,0,3,5,Female,Rural,Hatchback,Yes,Yes,Low,Yes
1524,43,90422,42.1,1,8,17,5,Male,Urban,SUV,No,Yes,Low,Yes
1525,64,66471,20.7,2,10,11,3,Male,Urban,Sedan,Yes,No,Low,No
1526,31,54326,5,1,7,6,2,Female,Suburban,SUV,Yes,Yes,Low,No
1527,53,92887,34,4,4,18,3,Male,Urban,Sedan,No,Yes,Low,No
1528,29,89051,61.8,3,3,4,2,Male,Suburban,Sedan,No,Yes,Medium,No
1529,67,65746,5,2,7,8,1,Male,Suburban,Sedan,Yes,Yes,Low,No
1530,38,56962,65.4,1,13,6,1,Female,Urban,SUV,Yes,No,Low,No
1531,49,87818,16.2,1,5,6,2,Female,Suburban,Sedan,Yes,Yes,Low,No
1532,55,78845,8.9,2,14,3,5,Female,Urban,SUV,No,Yes,Low,Yes
1533,42,96739,16.2,1,4,7,5,Male,Suburban,SUV,Yes,No,Low,No
1534,36,59534,50.3,2,2,1,3,Male,Rural,Truck,Yes,Yes,Low,Yes
1535,32,122564,39.3,1,6,1,2,Male,Suburban,Truck,Yes,Yes,Low,No
1536,44,86909,30.9,2,0,1,4,Male,Rural,SUV,Yes,No,Low,No
1537,54,116041,36.1,2,2,3,5,Male,Rural,SUV,Yes,Yes,Low,Yes
1538,43,132998,49.6,1,0,9,5,Female,Suburban,Sedan,Yes,Yes,Low,Yes
1539,44,53521,46.6,3,0,1,1,Male,Suburban,SUV,Yes,No,Low,No
1540,65,82670,5,1,7,5,4,Male,Urban,Hatchback,No,Yes,Medium,No
1541,33,64731,50.3,1,8,13,5,Male,Urban,SUV,No,No,Low,No
1542,34,66471,30.3,2,7,6,1,Female,Suburban,Sedan,No,No,Medium,No
1543,54,59336,33.9,2,5,17,3,Male,Urban,Sedan,No,No,Low,No
1544,28,89831,28.5,3,8,19,3,Male,Urban,Sedan,No,Yes,Low,No
1545,48,80595,43.5,1,3,1,3,Male,Suburban,Sedan,Yes,No,Low,No
1546,48,78817,28.7,2,10,12,3,Female,Urban,Sedan,No,No,Low,No
1547,29,76983,5,3,6,4,4,Female,Suburban,Sedan,Yes,Yes,Low,Yes
1548,44,95950,5,1,0,1,1,Female,Rural,SUV,Yes,Yes,Low,No
1549,46,73490,24.2,2,11,18,1,Female,Urban,Hatchback,No,Yes,Low,No
1550,43,102541,5,2,0,3,4,Male,Rural,Sedan,Yes,Yes,Low,No
1551,57,86147,30.7,3,6,6,3,Male,Suburban,Sedan,Yes,Yes,Low,Yes
1552,43,86924,5,2,2,11,4,Male,Urban,Sedan,Yes,No,Low,Yes
1553,25,123826,40.3,2,2,6,5,Female,Urban,SUV,No,Yes,Medium,Yes
1554,65,30000,52.4,2,10,13,4,Male,Urban,SUV,Yes,No,Low,No
1555,69,90815,48.1,1,13,11,3,Male,Urban,Sedan,Yes,Yes,Low,Yes
1556,44,56835,38.6,1,3,2,1,Male,Suburban,Sedan,Yes,Yes,Low,No
1557,68,108208,5,3,9,17,2,Female,Urban,Sedan,No,Yes,Low,No
1558,33,30000,30.1,1,11,16,2,Male,Urban,Sedan,No,Yes,Low,No
1559,31,138530,36.8,1,3,3,5,Female,Suburban,Sedan,Yes,Yes,Low,Yes
1560,55,90190,21.3,2,1,1,4,Male,Rural,Hatchback,Yes,Yes,Low,No
1561,26,119654,41.9,2,8,11,1,Male,Urban,SUV,No,No,Low,No
1562,25,58891,5,2,4,3,2,Male,Suburban,SUV,Yes,Yes,Low,No
1563,65,61360,44.1,1,0,3,2,Male,Suburban,Sedan,Yes,Yes,Low,No
1564,42,92819,52.3,3,5,2,3,Female,Suburban,SUV,Yes,Yes,Low,Yes
1565,37,30000,55.5,1,7,7,1,Female,Suburban,SUV,Yes,Yes,Low,No
1566,43,58813,64.6,2,4,9,5,Female,Urban,SUV,Yes,Yes,Low,No
1567,69,103088,24.6,1,4,7,4,Female,Urban,Sedan,No,Yes,Medium,No
1568,59,120902,50,3,0,6,4,Female,Suburban,SUV,Yes,Yes,Low,Yes
1569,67,74109,53.3,1,5,7,5,Male,Suburban,SUV,Yes,Yes,Low,Yes
1570,51,55977,5,1,7,7,2,Male,Suburban,SUV,Yes,Yes,Low,No
1571,26,30000,34.9,1,5,14,5,Female,Urban,Hatchback,Yes,Yes,Low,Yes
1572,43,128555,21.9,2,2,1,5,Male,Rural,Hatchback,Yes,Yes,Low,Yes
1573,52,138555,29.5,1,7,7,5,Female,Suburban,SUV,Yes,Yes,Low,Yes
1574,54,30000,50.8,2,8,4,2,Male,Urban,SUV,No,Yes,Medium,No
1575,66,91882,50,2,13,6,4,Male,Urban,Hatchback,Yes,Yes,Low,Yes
1576,56,134796,5,2,1,6,1,Female,Suburban,Sedan,Yes,Yes,Low,No
1577,26,104075,5,4,7,9,4,Male,Urban,SUV,Yes,Yes,Low,No
1578,39,91289,5,2,2,2,1,Female,Suburban,Sedan,Yes,No,Low,No
1579,51,94598,41.9,1,2,3,3,Female,Rural,Sedan,Yes,No,Low,No
1580,54,56530,5,2,1,0,4,Male,Rural,Sedan,Yes,No,Low,No
1581,58,155701,33.1,1,0,9,4,Female,Suburban,SUV,Yes,Yes,Low,Yes
1582,36,30000,28.8,2,1,0,4,Female,Rural,Sedan,No,Yes,Medium,No
1583,36,82440,54.9,3,3,6,2,Female,Urban,Sedan,Yes,Yes,Low,No
1584,27,73469,44,3,7,1,1,Female,Suburban,SUV,Yes,Yes,Low,No
1585,54,91603,50.5,1,4,1,1,Female,Suburban,SUV,No,Yes,Medium,No
1586,46,117715,20.2,1,4,4,3,Female,Suburban,Sedan,Yes,No,Low,No
1587,64,65144,53.5,2,13,18,1,Female,Urban,Hatchback,No,No,Low,No
1588,47,88861,5,2,4,5,5,Male,Suburban,Sedan,Yes,Yes,Low,No
1589,62,72676,48.9,1,13,15,1,Male,Urban,SUV,No,No,Low,No
1590,31,72224,23.9,2,7,5,5,Male,Urban,SUV,Yes,Yes,Low,Yes
1591,27,103847,5,1,6,5,1,Male,Urban,Sedan,No,Yes,Low,No
1592,35,90844,29.4,1,5,3,1,Female,Suburban,SUV,Yes,Yes,Low,No
1593,29,89980,5,2,0,2,4,Female,Rural,SUV,Yes,Yes,Low,Yes
1594,51,63733,5,1,9,12,3,Female,Urban,SUV,No,No,Low,No
1595,55,132490,5,1,7,9,5,Male,Urban,Hatchback,Yes,Yes,Low,Yes
1596,61,73500,48.3,2,2,8,4,Male,Urban,SUV,Yes,Yes,Low,No
1597,27,69964,49.4,2,9,18,2,Male,Urban,SUV,No,No,Low,No
1598,66,58607,41,2,12,19,3,Male,Urban,Sedan,Yes,Yes,Low,No
1599,55,80931,5,4,2,2,1,Male,Rural,Sedan,Yes,Yes,Low,No
1600,37,127432,31,2,5,3,4,Female,Suburban,Sedan,Yes,Yes,Low,No
1601,31,53746,55.9,1,7,4,4,Male,Suburban,Sedan,Yes,Yes,Low,No
1602,43,108869,56.8,2,8,12,4,Male,Urban,Sedan,No,No,Medium,No
1603,54,63828,47,2,11,11,3,Female,Urban,Sedan,Yes,Yes,Low,No
1604,35,147974,11.6,1,2,18,4,Female,Urban,SUV,No,Yes,Low,Yes
1605,25,101318,40.5,2,1,0,2,Male,Rural,SUV,Yes,Yes,Low,No
1606,32,86095,5,1,3,5,2,Male,Urban,Truck,Yes,Yes,Low,No
1607,53,55300,42.9,1,10,7,5,Female,Urban,Sedan,Yes,Yes,Low,Yes
1608,40,84701,28.4,1,2,10,3,Male,Urban,SUV,Yes,Yes,Low,No
1609,42,107814,5,1,0,7,3,Male,Suburban,Sedan,Yes,Yes,Low,No
1610,44,81231,58.7,3,3,5,5,Male,Suburban,Hatchback,Yes,No,Low,No
1611,49,87365,22,1,0,8,2,Female,Suburban,Sedan,Yes,Yes,Low,No
1612,61,70905,50.6,2,2,2,3,Female,Rural,SUV,Yes,Yes,Low,No
1613,34,75480,41.1,2,14,12,5,Male,Urban,Sedan,Yes,Yes,Low,Yes
1614,67,84589,37.1,1,6,7,4,Female,Urban,SUV,Yes,No,Low,No
1615,28,113067,37,2,9,4,1,Male,Urban,Sedan,No,Yes,Low,No
1616,36,45926,60,3,7,13,2,Male,Urban,Sedan,No,Yes,Medium,No
1617,31,51146,55.9,2,6,4,3,Female,Suburban,Sedan,No,Yes,Medium,No
1618,66,116799,48.2,2,1,3,2,Male,Rural,SUV,Yes,Yes,Low,No
1619,28,44906,70.5,1,2,9,2,Male,Suburban,Sedan,No,No,Medium,No
1620,55,57194,24.9,2,1,5,1,Male,Suburban,Sedan,Yes,Yes,Low,No
1621,30,66947,29.8,3,2,3,3,Male,Rural,SUV,Yes,No,Low,No
1622,44,102678,64.9,1,1,6,1,Male,Suburban,Truck,Yes,No,Low,No
1623,62,85743,43.7,2,0,3,3,Male,Suburban,Sedan,Yes,Yes,Low,No
1624,67,98396,58.7,3,4,15,3,Male,Urban,SUV,Yes,Yes,Low,No
1625,62,88393,24.8,2,2,2,3,Female,Suburban,Sedan,Yes,Yes,Low,Yes
1626,54,66344,60,3,11,11,3,Female,Urban,SUV,Yes,No,Low,No
1627,55,63637,49.2,2,14,9,4,Female,Urban,Hatchback,No,Yes,Medium,No
1628,49,30000,46.4,2,12,8,2,Male,Urban,Sedan,No,No,Low,No
1629,68,67986,28.9,2,4,4,4,Female,Suburban,Hatchback,Yes,Yes,Low,No
1630,50,30000,28,1,13,19,2,Male,Urban,SUV,No,Yes,Low,No
1631,26,132358,36.4,1,4,9,5,Male,Urban,SUV,Yes,Yes,Low,Yes
1632,42,126680,52.2,1,0,4,3,Male,Suburban,Sedan,Yes,Yes,Low,No
1633,30,77902,57.4,2,11,7,1,Male,Urban,Truck,Yes,Yes,Low,No
1634,32,104573,5,3,2,3,3,Female,Rural,Hatchback,Yes,Yes,Low,Yes
1635,36,91209,58.9,1,0,1,4,Female,Rural,Sedan,Yes,No,Low,No
1636,36,30000,37.4,1,10,15,4,Female,Urban,SUV,Yes,No,Low,No
1637,32,113067,5,2,6,14,1,Male,Urban,Truck,No,No,Low,No
1638,45,82665,5,2,4,4,2,Female,Suburban,Hatchback,Yes,Yes,Low,No
1639,37,121836,47.2,1,14,9,5,Female,Urban,SUV,Yes,No,Low,No
1640,29,92226,5,2,7,2,5,Male,Suburban,Truck,Yes,Yes,Low,Yes
1641,29,89354,27.4,1,10,10,2,Male,Urban,SUV,No,Yes,Low,No
1642,51,67720,59,2,8,9,4,Female,Urban,Hatchback,Yes,Yes,Low,No
1643,62,87712,49.3,1,4,10,5,Male,Urban,Sedan,No,No,Medium,No
1644,67,69396,23.6,1,4,18,4,Male,Urban,Sedan,No,Yes,Medium,Yes
1645,42,81622,55.3,3,11,7,4,Male,Urban,Sedan,Yes,Yes,Low,Yes
1646,43,56825,5,2,2,17,3,Male,Urban,Sedan,No,No,Low,No
1647,37,108152,42.2,2,7,16,1,Male,Urban,SUV,Yes,Yes,Low,No
1648,26,79417,52.3,2,2,0,1,Male,Rural,Sedan,Yes,No,Low,No
1649,47,75953,54.9,1,1,2,3,Male,Suburban,Sedan,Yes,Yes,Low,No
1650,54,104947,58.7,2,2,2,1,Female,Rural,Hatchback,Yes,Yes,Low,No
1651,45,73462,34.5,2,14,14,4,Female,Urban,Sedan,Yes,Yes,Low,No
1652,54,92372,46.7,2,4,12,2,Male,Urban,Sedan,Yes,Yes,Low,No
1653,52,80797,5,2,0,5,1,Male,Suburban,Hatchback,Yes,Yes,Low,No
1654,29,96537,38.8,3,3,11,4,Male,Urban,SUV,No,Yes,Low,Yes
1655,42,30000,5,1,6,4,1,Female,Suburban,SUV,Yes,Yes,Low,No
1656,41,30000,50.5,2,7,1,1,Female,Suburban,SUV,Yes,Yes,Low,No
1657,56,64498,50.9,1,13,7,1,Male,Urban,Sedan,No,No,Medium,No
1658,50,132932,19.4,1,0,0,2,Female,Rural,Hatchback,Yes,Yes,Low,No
1659,41,58922,61.8,1,3,6,1,Male,Urban,SUV,No,Yes,Medium,No
1660,55,102331,5,1,0,2,1,Female,Rural,SUV,Yes,Yes,Low,No
1661,48,88393,17.8,2,2,5,1,Male,Suburban,Sedan,Yes,Yes,Low,No
1662,47,95452,26.4,1,1,1,4,Male,Rural,Hatchback,Yes,Yes,Low,No
1663,68,92897,34.3,2,6,5,4,Other,Suburban,Sedan,Yes,Yes,Low,No
1664,32,123832,49.3,1,5,8,5,Female,Urban,SUV,No,Yes,Low,Yes
1665,52,107418,5,2,3,8,5,Female,Suburban,Sedan,Yes,Yes,Low,Yes
1666,36,64468,30,1,2,14,1,Female,Urban,Truck,Yes,Yes,Low,No
1667,49,94699,16,1,0,2,4,Female,Rural,SUV,Yes,No,Low,No
1668,67,82374,62.3,2,14,6,2,Female,Urban,Sedan,Yes,No,Low,No
1669,40,94814,21.7,1,3,2,1,Female,Suburban,SUV,Yes,No,Low,No
1670,65,74902,49.4,2,6,9,2,Male,Suburban,Sedan,Yes,No,Low,No
1671,66,93683,5,2,4,4,4,Male,Suburban,SUV,Yes,Yes,Low,Yes
1672,53,61790,27.3,1,14,18,1,Female,Urban,Sedan,No,Yes,Low,No
1673,27,83745,36.4,3,3,5,3,Male,Suburban,Truck,Yes,Yes,Low,No
1674,35,96468,19.5,1,5,1,2,Male,Suburban,Sedan,Yes,Yes,Low,No
1675,62,95149,47.9,2,2,8,1,Female,Suburban,SUV,Yes,Yes,Low,No
1676,64,80546,54.1,2,2,1,5,Female,Rural,Hatchback,Yes,Yes,Low,Yes
1677,27,62212,33.4,1,1,2,4,Male,Rural,Sedan,No,No,Medium,No
1678,39,71846,43.8,1,4,7,4,Male,Urban,Truck,No,Yes,Medium,No
1679,41,95621,26.3,1,3,11,5,Female,Urban,Hatchback,Yes,Yes,Low,No
1680,53,111031,43.7,1,13,16,2,Female,Urban,Sedan,Yes,Yes,Low,No
1681,41,52859,41.9,2,13,13,1,Male,Urban,Sedan,No,No,Low,No
1682,26,109294,11,2,6,16,5,Male,Urban,Sedan,Yes,Yes,Low,Yes
1683,62,78418,5,2,1,0,4,Female,Rural,SUV,Yes,Yes,Low,Yes
1684,64,30000,5,1,4,9,4,Female,Suburban,Sedan,Yes,Yes,Low,No
1685,31,102773,34,1,7,3,1,Female,Urban,Sedan,Yes,Yes,Low,No
1686,39,108302,5,1,4,3,2,Female,Suburban,Sedan,Yes,Yes,Low,No
1687,51,132715,48.7,1,0,9,5,Male,Suburban,SUV,Yes,Yes,Low,Yes
1688,38,56522,58.9,1,1,0,2,Male,Rural,Sedan,Yes,No,Low,No
1689,36,130373,36.2,2,0,1,2,Male,Rural,Hatchback,Yes,Yes,Low,No
1690,67,102231,5,3,7,14,5,Female,Urban,SUV,No,No,Low,No
1691,56,157600,50.1,1,5,6,5,Male,Suburban,SUV,Yes,Yes,Low,Yes
1692,60,59845,27.6,2,5,7,5,Female,Suburban,Sedan,Yes,Yes,Low,Yes
1693,39,142687,5,3,2,6,1,Female,Urban,Sedan,No,Yes,Low,No
1694,60,91361,5,2,2,3,3,Female,Rural,SUV,Yes,Yes,Low,No
1695,68,105863,41.4,2,4,6,5,Male,Suburban,Sedan,Yes,Yes,Low,Yes
1696,63,87718,21,1,3,8,3,Male,Suburban,Sedan,No,Yes,Low,No
1697,57,110158,41.2,1,7,3,2,Male,Urban,Sedan,No,Yes,Medium,No
1698,40,83745,45,1,0,3,4,Male,Rural,SUV,Yes,No,Low,No
1699,33,96468,5,2,1,3,3,Male,Rural,Sedan,Yes,Yes,Low,No
1700,50,78720,43.2,1,14,16,3,Female,Urban,Hatchback,No,Yes,Low,No
1701,59,30000,5,3,5,5,2,Female,Suburban,Sedan,Yes,Yes,Low,No
1702,52,94810,53.8,1,4,9,2,Male,Suburban,Hatchback,Yes,Yes,Low,No
1703,45,79595,33.6,2,6,7,1,Female,Suburban,SUV,Yes,Yes,Low,No
1704,59,77364,43.7,2,9,4,1,Male,Urban,Truck,No,No,Medium,No
1705,60,74356,5,1,9,9,4,Female,Urban,Sedan,No,Yes,Low,No
1706,61,30000,41.8,2,0,2,4,Female,Rural,Sedan,Yes,No,Low,No
1707,38,95613,30.1,2,0,3,1,Female,Rural,Sedan,Yes,Yes,Low,No
1708,57,52736,67.6,1,3,1,2,Male,Suburban,SUV,Yes,Yes,Low,No
1709,61,30000,24.7,1,1,3,2,Female,Rural,Sedan,Yes,No,Low,No
1710,69,129990,31.8,2,5,9,2,Female,Suburban,Sedan,Yes,Yes,Low,No
1711,63,62267,5,2,3,16,3,Male,Urban,Sedan,No,No,Low,No
1712,62,49618,23.3,1,3,6,3,Female,Suburban,Sedan,Yes,No,Low,No
1713,66,91607,58.9,2,1,4,3,Female,Suburban,Sedan,Yes,Yes,Low,No
1714,47,100016,57.2,1,5,7,3,Female,Suburban,Hatchback,Yes,No,Low,No
1715,63,118810,17.8,2,4,2,1,Male,Suburban,Truck,No,Yes,Low,No
1716,31,70829,5,1,9,16,3,Other,Urban,SUV,No,Yes,Low,No
1717,34,95950,21,3,9,19,5,Male,Urban,SUV,No,No,Low,No
1718,57,92864,37.4,1,14,6,4,Male,Urban,Sedan,No,No,Low,No
1719,46,151110,39.7,3,2,17,3,Male,Urban,SUV,No,Yes,Low,Yes
1720,59,96588,47.6,1,4,4,1,Male,Suburban,Sedan,No,No,Low,No
1721,29,147723,57.9,3,2,0,2,Male,Rural,Hatchback,Yes,Yes,Low,Yes
1722,52,97120,5,2,0,1,5,Male,Rural,SUV,Yes,Yes,Low,Yes
1723,38,74481,5,1,0,3,5,Female,Suburban,Sedan,No,No,Medium,No
1724,31,30000,36.9,2,6,11,3,Female,Urban,SUV,No,Yes,Low,No
1725,54,30000,40.2,2,6,13,1,Female,Urban,Sedan,No,Yes,Low,No
1726,36,91412,45.6,2,5,6,1,Male,Suburban,Hatchback,No,No,Medium,No
1727,46,146677,5.6,2,1,2,1,Male,Rural,Sedan,Yes,Yes,Low,No
1728,32,102589,32.7,3,2,6,5,Male,Suburban,Truck,Yes,Yes,Low,Yes
1729,36,94493,45.2,1,0,1,1,Male,Rural,Truck,Yes,Yes,Low,No
1730,67,66514,40.3,3,4,12,4,Male,Urban,Sedan,No,No,Medium,No
1731,50,30000,19.8,1,0,0,2,Male,Rural,Sedan,Yes,Yes,Low,No
1732,55,72760,5,1,7,6,4,Female,Suburban,Sedan,Yes,No,Low,No
1733,49,105718,36.8,2,2,2,4,Female,Rural,SUV,Yes,Yes,Low,Yes
1734,40,47784,33.3,3,8,16,4,Male,Urban,Sedan,No,Yes,Low,No
1735,49,49434,32.3,1,3,4,2,Female,Suburban,SUV,No,Yes,High,No
1736,46,59841,34.3,1,9,12,5,Female,Urban,SUV,Yes,Yes,Low,No
1737,61,125699,75.1,1,2,10,3,Female,Urban,Hatchback,No,Yes,Medium,No
1738,69,30000,45.7,3,8,4,1,Male,Urban,SUV,No,Yes,Medium,No
1739,58,47784,52.3,2,3,8,5,Female,Urban,Sedan,No,No,Low,No
1740,39,104763,45.1,3,8,19,4,Male,Urban,SUV,No,No,Low,No
1741,53,46781,52,1,5,15,4,Male,Urban,Truck,No,Yes,Low,No
1742,62,87877,63.2,1,6,5,1,Male,Urban,SUV,Yes,Yes,Low,No
1743,39,131789,50.8,3,9,16,4,Female,Urban,Sedan,No,No,Medium,No
1744,55,132982,28.9,2,2,2,4,Male,Rural,SUV,Yes,Yes,Low,No
1745,53,30000,5,1,6,1,3,Male,Suburban,SUV,Yes,Yes,Low,No
1746,47,67839,35.7,2,9,16,2,Female,Urban,SUV,No,No,Low,No
1747,67,95938,5,2,13,5,1,Male,Urban,Sedan,No,No,Low,No
1748,30,74541,65.5,1,3,2,1,Male,Suburban,Sedan,No,Yes,Medium,No
1749,48,87801,52.5,1,2,1,2,Female,Rural,Sedan,Yes,Yes,Low,No
1750,62,65003,5,2,11,14,2,Male,Urban,SUV,No,No,Low,No
1751,53,85132,42.8,1,13,4,1,Male,Urban,SUV,Yes,Yes,Low,No
1752,42,30000,39.5,2,3,8,4,Male,Suburban,SUV,Yes,No,Low,No
1753,69,84555,41.5,1,4,6,5,Male,Suburban,Sedan,Yes,Yes,Low,Yes
1754,25,152758,42.9,1,6,3,5,Female,Suburban,Sedan,Yes,Yes,Low,Yes
1755,48,68719,37,3,13,19,4,Male,Urban,Hatchback,Yes,Yes,Low,Yes
1756,27,79524,5,1,1,5,5,Male,Suburban,Sedan,No,Yes,Medium,No
1757,28,76537,46,2,7,16,3,Female,Urban,Hatchback,No,Yes,Low,Yes
1758,41,95197,5,2,0,2,1,Male,Rural,Hatchback,Yes,No,Low,No
1759,37,30000,5,2,8,9,3,Female,Urban,Sedan,No,No,Low,No
1760,37,84578,5,1,0,7,4,Female,Suburban,SUV,Yes,Yes,Low,Yes
1761,41,46905,5,1,7,8,1,Female,Urban,Truck,No,No,Low,No
1762,55,73513,29.8,3,3,6,3,Male,Suburban,Hatchback,Yes,No,Low,No
1763,53,72317,45.1,1,2,11,3,Male,Urban,Hatchback,Yes,No,Low,No
1764,40,63435,47,1,5,14,2,Male,Urban,SUV,Yes,Yes,Low,No
1765,37,94560,5,1,2,12,3,Male,Urban,SUV,Yes,Yes,Low,Yes
1766,61,82832,47.2,2,2,6,4,Male,Urban,Sedan,Yes,Yes,Low,No
1767,46,77922,38,1,2,1,3,Female,Rural,Sedan,Yes,No,Low,No
1768,60,30000,32.7,2,3,11,2,Female,Urban,Sedan,Yes,Yes,Low,No
1769,39,30000,38.9,2,14,4,4,Female,Urban,Hatchback,No,No,Low,No
1770,40,44767,38.3,1,2,0,5,Male,Rural,Hatchback,Yes,Yes,Low,No
1771,64,85104,5,1,9,8,2,Male,Urban,Sedan,No,Yes,Low,No
1772,25,77534,61.9,3,4,3,3,Female,Suburban,Sedan,Yes,Yes,Low,No
1773,43,106431,39,2,11,18,1,Male,Urban,Sedan,Yes,Yes,Low,No
1774,46,113337,5,1,2,1,3,Female,Rural,Hatchback,Yes,No,Low,No
1775,28,90191,55.1,1,7,5,2,Female,Suburban,Sedan,No,No,High,No
1776,58,30000,5,2,2,3,2,Male,Rural,Sedan,Yes,Yes,Low,No
1777,27,71784,5,2,5,3,1,Female,Suburban,Sedan,Yes,Yes,Low,No
1778,31,84701,5,2,4,16,4,Male,Urban,SUV,No,No,Low,No
1779,66,121711,44.7,2,7,18,2,Male,Urban,Sedan,No,Yes,Medium,No
1780,46,132998,5,1,3,11,1,Male,Urban,Truck,No,Yes,Low,No
1781,54,109194,61.1,1,2,19,3,Female,Urban,SUV,Yes,Yes,Low,Yes
1782,64,75595,30.7,2,9,3,3,Female,Urban,Hatchback,No,No,Low,No
1783,50,128801,26.4,3,2,0,4,Female,Rural,SUV,Yes,Yes,Low,Yes
1784,56,94863,46.6,3,13,4,3,Female,Urban,SUV,Yes,Yes,Low,No
1785,63,101200,5,1,3,14,4,Female,Urban,Hatchback,Yes,Yes,Low,No
1786,29,123577,40.1,2,13,11,1,Female,Urban,SUV,No,Yes,Low,No
1787,62,82465,57.3,2,7,16,1,Female,Urban,Sedan,No,Yes,Low,No
1788,26,30000,5,3,3,2,3,Male,Suburban,Sedan,Yes,No,Low,No
1789,26,93300,5,1,7,17,1,Male,Urban,SUV,No,Yes,Low,No
1790,31,30000,5,2,1,2,4,Female,Rural,Sedan,Yes,No,Low,No
1791,58,76945,29.6,1,4,4,1,Male,Suburban,Sedan,Yes,Yes,Low,No
1792,49,77909,36.2,2,8,3,5,Female,Urban,Sedan,No,Yes,Low,Yes
1793,40,30000,24.2,1,2,1,1,Female,Rural,Truck,Yes,Yes,Low,No
1794,37,64391,17.4,2,12,10,1,Male,Urban,Hatchback,Yes,Yes,Low,No
1795,43,67414,5,1,1,9,5,Male,Suburban,Truck,Yes,Yes,Low,Yes
1796,62,105817,67.4,2,1,2,1,Female,Rural,Sedan,Yes,Yes,Low,No
1797,40,95896,5,2,2,3,5,Male,Rural,Sedan,Yes,Yes,Low,No
1798,45,61636,37.1,2,1,3,4,Male,Suburban,SUV,Yes,Yes,Low,No
1799,52,56766,51.8,2,1,0,4,Male,Rural,SUV,Yes,No,Low,No
1800,31,66492,58.9,2,11,3,4,Female,Urban,SUV,No,Yes,Medium,No
1801,40,63828,5,2,2,7,3,Female,Suburban,SUV,Yes,Yes,Low,Yes
1802,31,86943,50.9,1,0,3,1,Male,Rural,Hatchback,Yes,No,Low,No
1803,42,90753,32,3,9,14,3,Male,Urban,Sedan,No,Yes,Low,No
1804,39,126575,43.4,1,11,18,3,Male,Urban,Sedan,No,Yes,Low,No
1805,61,82465,22.6,2,2,0,3,Female,Rural,Sedan,Yes,Yes,Low,Yes
1806,47,49862,19.1,1,1,9,4,Female,Suburban,Hatchback,Yes,Yes,Low,No
1807,26,86800,45.8,2,7,12,5,Male,Urban,SUV,No,Yes,Low,Yes
1808,28,79548,42.7,1,9,8,1,Male,Urban,SUV,No,Yes,Medium,No
1809,54,153682,5,2,1,2,1,Male,Rural,Sedan,Yes,No,Low,No
1810,65,84916,27,2,2,3,4,Male,Rural,Sedan,Yes,Yes,Low,No
1811,55,95939,5,1,0,2,2,Male,Rural,SUV,Yes,Yes,Low,No
1812,34,112352,38.7,2,8,5,3,Male,Urban,Sedan,Yes,No,Low,No
1813,48,76920,41.2,1,8,13,1,Male,Urban,Sedan,No,Yes,Low,No
1814,43,81590,32.5,1,3,18,1,Male,Urban,Hatchback,No,No,Low,No
1815,45,107519,35.7,1,13,16,1,Female,Urban,Sedan,No,Yes,Low,No
1816,65,83622,5,1,6,8,3,Female,Urban,SUV,Yes,Yes,Low,No
1817,47,85629,35.9,1,1,4,4,Male,Suburban,Sedan,Yes,No,Low,No
1818,31,102300,56.9,1,1,2,2,Female,Rural,Sedan,Yes,Yes,Low,No
1819,60,112343,57.2,2,8,10,5,Male,Urban,Truck,No,Yes,Low,Yes
1820,59,80192,36.4,2,2,5,1,Male,Suburban,SUV,Yes,No,Low,No
1821,32,61007,58.7,2,13,19,2,Female,Urban,Sedan,No,No,Low,No
1822,63,62967,52.7,2,2,2,5,Male,Rural,Sedan,Yes,No,Low,No
1823,29,52859,43.2,2,8,3,1,Male,Urban,SUV,No,Yes,Medium,No
1824,44,134436,36.8,2,6,12,2,Male,Urban,Hatchback,Yes,Yes,Low,No
1825,47,113067,58.6,2,11,3,4,Male,Urban,Sedan,Yes,Yes,Low,Yes
1826,57,90912,31.2,2,3,2,2,Male,Suburban,Hatchback,Yes,No,Low,No
1827,61,30000,5,1,4,3,1,Male,Suburban,Truck,Yes,No,Low,No
1828,66,94036,25.1,1,2,6,3,Female,Suburban,Sedan,Yes,No,Low,No
1829,42,82933,21.7,2,0,3,3,Female,Rural,SUV,Yes,Yes,Low,No
1830,56,92796,5,2,1,3,5,Male,Rural,Sedan,Yes,Yes,Low,No
1831,49,72955,5,1,2,2,5,Female,Rural,Hatchback,Yes,Yes,Low,No
1832,41,90967,32.8,3,4,5,4,Male,Suburban,Sedan,Yes,Yes,Low,Yes
1833,43,95594,5,2,9,6,4,Male,Urban,Sedan,No,No,Medium,No
1834,30,30000,26.3,2,12,3,4,Male,Urban,Truck,No,Yes,Low,No
1835,25,30000,5,1,9,18,3,Female,Urban,SUV,No,Yes,Low,No
1836,65,112555,66.1,1,1,3,1,Male,Suburban,SUV,Yes,Yes,Low,No
1837,58,97973,30.5,2,6,5,4,Female,Urban,Sedan,Yes,No,Low,No
1838,57,81098,32.1,1,0,3,5,Male,Rural,SUV,Yes,No,Medium,No
1839,41,102319,33.4,3,0,2,1,Female,Rural,SUV,Yes,No,Low,No
1840,30,107701,49.7,2,0,3,1,Female,Rural,Sedan,Yes,Yes,Low,No
1841,25,51344,54.9,1,6,10,2,Male,Urban,SUV,Yes,Yes,Low,No
1842,50,107430,42.4,2,0,2,2,Male,Rural,Hatchback,Yes,Yes,Low,No
1843,56,30000,32.8,1,10,16,2,Male,Urban,Sedan,No,Yes,Low,No
1844,36,51593,5,1,13,5,3,Female,Urban,Sedan,No,Yes,Low,No
1845,44,122278,43.9,2,2,4,3,Female,Urban,SUV,Yes,Yes,Low,No
1846,69,68367,68.2,1,2,2,2,Female,Rural,SUV,Yes,Yes,Low,No
1847,36,62711,42.7,3,9,17,1,Male,Urban,Hatchback,No,No,Low,No
1848,32,30000,52.1,2,4,6,5,Male,Urban,Sedan,Yes,Yes,Low,No
1849,53,96811,67.1,1,9,4,2,Female,Urban,Sedan,No,Yes,Medium,No
1850,59,61661,38.5,1,3,6,2,Male,Suburban,SUV,Yes,No,Low,No
1851,56,113067,35.3,2,7,6,5,Male,Suburban,SUV,Yes,Yes,Low,Yes
1852,56,120101,5,3,6,10,2,Female,Urban,Sedan,No,Yes,Medium,No
1853,59,105596,62.8,1,13,12,1,Female,Urban,Sedan,No,Yes,Low,No
1854,59,62930,5,2,0,5,1,Male,Suburban,SUV,Yes,Yes,Low,No
1855,31,82768,46.1,3,1,1,4,Male,Rural,SUV,Yes,Yes,Low,No
1856,33,102280,28,1,3,12,5,Male,Urban,SUV,Yes,No,Low,No
1857,41,120813,22.2,1,2,13,2,Female,Urban,Hatchback,Yes,No,Low,No
1858,52,46679,5,1,4,10,1,Male,Urban,Hatchback,No,No,Low,No
1859,33,151315,52,1,2,1,1,Female,Rural,Sedan,Yes,No,Low,No
1860,44,80777,52.5,1,2,0,1,Female,Rural,Sedan,Yes,Yes,Low,No
1861,60,93059,11.6,1,0,0,1,Female,Rural,Truck,Yes,No,Low,No
1862,47,80181,28.9,2,0,3,2,Male,Suburban,Sedan,No,No,Medium,No
1863,29,55725,53.4,2,7,9,2,Male,Urban,SUV,Yes,No,Low,No
1864,26,72955,35.3,2,13,19,1,Male,Urban,Sedan,No,No,Low,No
1865,56,122743,5,1,7,3,4,Male,Suburban,Sedan,Yes,Yes,Low,Yes
1866,53,71644,27.3,2,2,16,2,Male,Urban,Sedan,No,No,Low,No
1867,33,58811,47.1,4,0,1,2,Female,Rural,Sedan,Yes,No,Low,No
1868,31,93962,46.5,3,14,10,5,Male,Urban,SUV,Yes,Yes,Low,Yes
1869,37,106588,57.5,2,6,4,3,Female,Suburban,SUV,Yes,No,Low,No
1870,30,104558,46.2,1,1,4,1,Male,Suburban,Sedan,Yes,No,Low,No
1871,26,51808,52.8,1,0,2,5,Female,Rural,SUV,Yes,No,Low,No
1872,49,70864,63.5,2,7,5,1,Male,Suburban,SUV,Yes,Yes,Low,No
1873,48,68986,56.6,1,2,3,1,Female,Urban,Hatchback,No,Yes,Medium,No
1874,51,87848,23.3,2,5,19,2,Male,Urban,Hatchback,No,Yes,Low,No
1875,37,124042,5,2,5,8,5,Female,Suburban,Sedan,Yes,Yes,Low,Yes
1876,53,81751,37.8,1,6,5,1,Male,Urban,Sedan,No,Yes,Medium,No
1877,65,67819,37.6,1,3,14,3,Male,Urban,SUV,No,Yes,Medium,No
1878,64,127763,50.8,2,0,9,4,Male,Suburban,SUV,Yes,Yes,Low,Yes
1879,56,91209,34.5,2,0,9,4,Female,Suburban,Sedan,Yes,No,Low,No
1880,44,69336,59.5,1,2,3,5,Female,Rural,Hatchback,Yes,No,Low,No
1881,30,60411,5,2,5,13,3,Male,Urban,Sedan,No,Yes,Low,No
1882,35,68679,5,3,4,7,5,Male,Suburban,Hatchback,Yes,Yes,Low,Yes
1883,54,30000,49.3,4,7,9,5,Male,Suburban,Sedan,Yes,No,Low,No
1884,62,30000,5,2,0,0,4,Male,Rural,Hatchback,Yes,Yes,Low,No
1885,62,92796,40.1,2,7,5,3,Male,Suburban,Sedan,Yes,Yes,Low,No
1886,50,84774,5,2,3,6,4,Male,Suburban,Sedan,Yes,Yes,Low,No
1887,36,93321,45.2,2,13,6,1,Male,Urban,Sedan,No,No,Medium,No
1888,51,66728,31.4,1,1,6,3,Male,Suburban,Sedan,No,No,Medium,No
1889,48,121286,36.2,2,2,2,5,Male,Suburban,SUV,Yes,Yes,Low,Yes
1890,44,95614,38.5,2,11,14,4,Male,Urban,Truck,Yes,Yes,Low,No
1891,26,56795,33.6,1,1,2,5,Female,Rural,Sedan,Yes,Yes,Low,No
1892,40,79497,23.6,1,3,5,5,Female,Suburban,Sedan,Yes,Yes,Low,Yes
1893,47,78447,5,2,1,5,3,Female,Suburban,SUV,Yes,Yes,Low,Yes
1894,44,65398,47.8,2,5,7,3,Female,Suburban,Sedan,Yes,No,Low,No
1895,46,78527,58.6,2,14,17,5,Male,Urban,Sedan,Yes,No,Low,No
1896,50,104447,50.1,3,9,17,5,Male,Urban,Sedan,Yes,Yes,Low,Yes
1897,28,93035,47,2,5,3,2,Female,Suburban,Sedan,Yes,No,Low,No
1898,68,113371,5,2,1,3,4,Female,Rural,Hatchback,Yes,Yes,Low,Yes
1899,60,102030,36.7,1,5,12,3,Male,Urban,Sedan,No,Yes,Low,No
1900,31,93427,45.9,1,2,2,4,Female,Rural,Truck,Yes,Yes,Low,No
1901,51,54917,5,2,2,18,2,Female,Urban,Sedan,No,No,Low,No
1902,29,104084,5,2,6,8,1,Female,Suburban,Sedan,Yes,No,Low,No
1903,62,65800,12.7,2,4,7,2,Female,Suburban,Sedan,Yes,Yes,Low,No
1904,49,88345,58.9,2,3,18,3,Female,Urban,SUV,No,Yes,Medium,No
1905,40,109402,52.8,1,13,6,4,Female,Urban,Sedan,No,Yes,Low,Yes
1906,26,99724,5,1,3,14,1,Male,Urban,Sedan,No,Yes,Low,No
1907,32,30000,49.2,1,3,9,5,Male,Suburban,Sedan,Yes,No,Low,No
1908,35,63383,39.7,1,2,0,3,Female,Rural,SUV,Yes,Yes,Low,No
1909,69,133381,55.9,2,4,8,1,Male,Suburban,Sedan,Yes,No,Low,No
1910,25,81966,5,1,7,9,3,Male,Suburban,SUV,Yes,No,Low,No
1911,25,93028,30.9,1,13,19,5,Male,Urban,Sedan,No,Yes,Low,Yes
1912,46,139956,5,1,0,0,5,Female,Rural,SUV,Yes,Yes,Low,Yes
1913,26,30000,50,1,1,2,3,Male,Rural,SUV,Yes,Yes,Low,No
1914,68,122345,51.6,3,4,5,1,Other,Suburban,SUV,Yes,Yes,Low,No
1915,30,85880,25.8,1,0,0,4,Male,Rural,SUV,Yes,Yes,Low,Yes
1916,65,147723,38.5,1,6,7,4,Male,Suburban,Sedan,Yes,Yes,Low,Yes
1917,32,121962,55.7,1,2,9,3,Female,Suburban,SUV,Yes,Yes,Low,No
1918,32,30000,44,1,13,18,2,Male,Urban,SUV,No,No,Low,No
1919,42,126575,19.8,2,2,3,3,Female,Rural,SUV,Yes,Yes,Low,Yes
1920,54,71095,46.6,1,7,9,4,Female,Suburban,Sedan,No,No,Medium,No
1921,31,72673,38.8,2,6,5,1,Male,Suburban,Sedan,Yes,Yes,Low,No
1922,57,70905,61.6,2,3,14,3,Male,Urban,SUV,No,Yes,Low,No
1923,25,87836,34.5,2,2,9,1,Male,Suburban,Sedan,Yes,No,Low,No
1924,55,84562,5,1,6,5,5,Male,Suburban,Hatchback,Yes,No,Low,No
1925,61,74846,5,2,4,13,1,Female,Urban,Sedan,Yes,Yes,Low,No
1926,51,84934,42.6,1,4,4,4,Female,Suburban,SUV,Yes,Yes,Low,Yes
1927,53,56513,49.7,1,0,0,4,Male,Rural,Hatchback,Yes,Yes,Low,Yes
1928,45,73436,69,1,3,5,3,Male,Suburban,SUV,Yes,No,Low,No
1929,48,94745,34.7,1,2,0,1,Male,Rural,SUV,Yes,No,Low,No
1930,37,107510,5,3,11,12,5,Female,Urban,Sedan,Yes,No,Low,No
1931,27,87916,38.9,2,0,3,5,Male,Suburban,Hatchback,Yes,Yes,Low,Yes
1932,64,121085,36.7,1,4,3,1,Female,Suburban,Sedan,Yes,Yes,Low,No
1933,47,95594,32.3,1,9,11,2,Male,Urban,SUV,No,Yes,Low,No
1934,69,96521,26,1,0,8,5,Male,Suburban,SUV,Yes,Yes,Low,No
1935,52,46623,5,2,7,16,5,Male,Urban,Sedan,No,No,Low,No
1936,29,80622,29.3,1,11,16,1,Female,Urban,Truck,Yes,No,Low,No
1937,50,82481,69.5,1,0,1,5,Male,Suburban,SUV,Yes,No,Low,No
1938,48,85469,43.3,1,3,8,2,Male,Suburban,Hatchback,Yes,No,Low,No
1939,28,72465,33.9,3,9,6,2,Female,Urban,Truck,No,No,Medium,No
1940,64,51901,31.7,2,10,13,2,Male,Urban,SUV,Yes,No,Low,No
1941,35,69396,45.8,1,6,5,2,Male,Suburban,Sedan,Yes,Yes,Low,No
1942,68,90350,5,2,6,16,1,Male,Urban,Sedan,No,No,Low,No
1943,45,87835,22,2,1,9,1,Male,Suburban,Sedan,Yes,Yes,Low,No
1944,37,68790,44.8,1,5,18,3,Male,Urban,SUV,Yes,No,Low,No
1945,68,79651,48.1,1,3,6,1,Female,Urban,Sedan,Yes,No,Low,No
1946,43,81648,27.9,2,10,8,2,Female,Urban,Sedan,No,Yes,Low,No
1947,51,96533,5,3,6,16,4,Female,Urban,Truck,No,No,Low,No
1948,25,66514,36.4,1,2,2,5,Male,Rural,SUV,Yes,No,Low,No
1949,35,92265,42,1,1,0,5,Male,Rural,SUV,Yes,Yes,Low,Yes
1950,37,148216,22.9,2,2,4,2,Male,Suburban,SUV,Yes,No,Low,No
1951,69,92144,45.5,4,5,5,5,Male,Suburban,Sedan,Yes,Yes,Low,Yes
1952,69,86505,5,1,1,8,5,Female,Suburban,SUV,Yes,Yes,Low,Yes
1953,56,142610,32.4,2,5,9,2,Male,Suburban,Sedan,Yes,Yes,Low,No
1954,43,115976,5,1,4,11,3,Female,Urban,SUV,No,Yes,Low,Yes
1955,49,30000,40.4,1,6,8,1,Female,Urban,Sedan,Yes,Yes,Low,No
1956,47,81110,37.8,1,2,1,4,Female,Rural,SUV,Yes,Yes,Low,No
1957,56,75480,43.4,1,3,10,5,Male,Urban,Sedan,No,Yes,Medium,No
1958,31,79043,36.1,2,12,15,4,Male,Urban,SUV,No,No,Low,No
1959,55,79855,5,1,6,3,2,Male,Suburban,SUV,Yes,Yes,Low,No
1960,64,56877,65.5,2,5,13,4,Male,Urban,SUV,No,No,Medium,No
1961,37,121778,56.6,1,2,3,5,Male,Rural,Sedan,Yes,Yes,Low,Yes
1962,42,54739,52.8,1,6,4,2,Female,Suburban,Hatchback,Yes,No,Low,No
1963,55,115620,56.8,2,9,16,3,Male,Urban,Sedan,No,Yes,Low,Yes
1964,26,90519,45.4,2,7,9,2,Male,Suburban,SUV,Yes,Yes,Low,No
1965,61,98185,52.3,2,1,1,5,Male,Suburban,SUV,Yes,No,Low,No
1966,57,86825,21.2,1,8,16,4,Female,Urban,SUV,No,Yes,Medium,No
1967,33,91675,36.4,2,4,3,2,Female,Urban,Sedan,Yes,No,Low,No
1968,36,81143,5,1,11,17,1,Female,Urban,Sedan,Yes,Yes,Low,No
1969,40,86306,39.5,1,2,1,5,Male,Suburban,Sedan,Yes,Yes,Low,Yes
1970,54,80728,50.5,1,2,0,3,Female,Rural,SUV,Yes,No,Low,No
1971,45,30000,5,2,14,17,5,Male,Urban,Sedan,No,No,Low,No
1972,66,58922,47.5,1,8,6,1,Male,Urban,SUV,No,Yes,Low,No
1973,67,85132,45.3,2,4,5,2,Female,Urban,Sedan,No,Yes,Medium,No
1974,41,91675,48.3,2,4,7,5,Male,Suburban,SUV,Yes,Yes,Low,No
1975,53,81844,37.3,2,4,3,2,Male,Suburban,SUV,Yes,Yes,Low,No
1976,68,107854,5,2,2,0,4,Female,Rural,Sedan,Yes,Yes,Low,Yes
1977,32,133907,24.7,2,4,9,1,Female,Suburban,SUV,Yes,No,Low,No
1978,43,131472,37.2,1,7,6,5,Male,Suburban,SUV,Yes,Yes,Low,Yes
1979,63,118939,48,2,7,8,1,Male,Suburban,SUV,Yes,Yes,Low,No
1980,39,103320,21.1,1,2,3,5,Male,Rural,Sedan,Yes,No,Low,No
1981,67,87778,12.2,1,8,4,2,Male,Urban,Sedan,No,Yes,Low,No
1982,62,86661,5,1,5,18,3,Male,Urban,Sedan,No,No,Low,No
1983,50,109578,33,2,2,10,3,Female,Urban,Sedan,Yes,Yes,Low,No
1984,46,71934,30.3,3,7,2,3,Male,Suburban,SUV,Yes,No,Low,No
1985,27,51878,34.3,2,4,9,1,Female,Suburban,SUV,Yes,No,Low,No
1986,34,83635,26.9,3,2,3,1,Female,Suburban,Sedan,Yes,No,Low,No
1987,47,121378,39,2,2,2,2,Male,Rural,Hatchback,Yes,Yes,Low,No
1988,30,104473,28.8,2,14,19,4,Male,Urban,Truck,Yes,No,Low,No
1989,63,80942,5,1,2,3,4,Female,Rural,Hatchback,Yes,Yes,Low,Yes
1990,56,74986,20.5,2,5,15,2,Male,Urban,SUV,No,Yes,Low,No
1991,62,82465,20.9,2,4,4,1,Female,Suburban,Sedan,Yes,No,Low,No
1992,37,154110,43.8,2,5,3,4,Female,Suburban,SUV,Yes,Yes,Low,Yes
1993,69,93856,5,1,4,19,2,Male,Urban,Sedan,No,No,Low,No
1994,27,86877,41.3,3,10,19,3,Female,Urban,Truck,No,No,Low,No
1995,58,113828,32.4,2,2,1,2,Female,Rural,Sedan,Yes,Yes,Low,No
1996,36,75888,27.8,3,7,5,2,Male,Suburban,Sedan,Yes,Yes,Low,Yes
1997,48,87823,16.3,1,5,7,2,Male,Suburban,Truck,Yes,Yes,Low,No
1998,33,92372,23.1,2,2,2,3,Male,Rural,Sedan,Yes,No,Low,No
1999,52,104084,36.9,2,4,6,5,Male,Suburban,Sedan,Yes,Yes,Low,Yes
2000,41,75830,5,3,0,1,1,Male,Rural,SUV,Yes,No,Low,No
2001,30,72955,28.2,2,5,8,1,Female,Suburban,Sedan,Yes,No,Low,No
2002,25,91619,5,1,7,5,3,Female,Suburban,SUV,Yes,No,Low,No
2003,50,96990,5,1,0,1,2,Female,Rural,SUV,Yes,No,Low,No
2004,30,85464,5,1,3,4,2,Female,Suburban,Sedan,Yes,No,Low,No
2005,28,83410,5,1,7,6,2,Female,Suburban,SUV,Yes,Yes,Low,No
2006,46,70523,24.4,3,5,5,2,Male,Suburban,Hatchback,Yes,Yes,Low,No
2007,67,91582,5,1,2,8,1,Female,Suburban,SUV,Yes,Yes,Low,No
2008,65,64472,37.5,1,12,16,4,Male,Urban,Hatchback,No,No,Medium,No
2009,26,97623,26.8,1,6,13,4,Female,Urban,SUV,Yes,Yes,Low,No
2010,37,105917,52.8,2,3,8,4,Male,Suburban,Sedan,Yes,No,Low,No
2011,42,105534,18.8,1,5,7,1,Male,Urban,Sedan,Yes,Yes,Low,No
2012,56,85894,5,2,3,17,5,Male,Urban,SUV,Yes,Yes,Low,No
2013,31,75943,28,1,6,1,3,Male,Suburban,SUV,Yes,No,Low,No
2014,43,30000,49.6,1,5,9,3,Female,Suburban,SUV,Yes,Yes,Low,No
2015,67,165571,15.2,1,3,3,3,Female,Suburban,Sedan,Yes,Yes,Low,No
2016,27,104098,42.6,1,2,10,3,Male,Urban,Hatchback,Yes,Yes,Low,No
2017,36,91560,32.1,2,3,6,5,Female,Urban,Hatchback,Yes,No,Low,No
2018,27,122980,5,1,1,2,4,Male,Rural,Sedan,Yes,Yes,Low,Yes
2019,26,110975,5,2,4,5,3,Male,Urban,Sedan,Yes,Yes,Low,No
2020,27,86800,5,2,2,0,3,Female,Rural,Sedan,Yes,No,Low,No
2021,36,117006,58.2,1,7,17,5,Female,Urban,Sedan,No,Yes,Low,Yes
2022,48,49277,20.4,2,13,8,5,Male,Urban,Sedan,No,Yes,Low,No
2023,63,121067,49.8,1,1,7,3,Female,Suburban,SUV,Yes,Yes,Low,Yes
2024,36,90541,40.3,1,2,12,1,Male,Urban,Sedan,No,No,Low,No
2025,50,126882,5,4,3,1,2,Female,Suburban,SUV,Yes,No,Low,No
2026,44,81699,30.1,2,0,2,4,Male,Rural,Sedan,Yes,Yes,Low,No
2027,32,64632,67.2,2,0,2,2,Female,Rural,SUV,Yes,Yes,Low,No
2028,33,66989,23.9,2,14,15,4,Male,Urban,SUV,No,No,Low,No
2029,38,107621,11,4,6,3,1,Female,Urban,Hatchback,Yes,Yes,Low,No
2030,32,30000,55.3,4,4,8,5,Male,Suburban,SUV,Yes,No,Low,No
2031,61,63733,56.4,1,3,18,1,Female,Urban,Sedan,No,No,Low,No
2032,30,70886,48.8,1,8,12,4,Female,Urban,Sedan,No,Yes,Medium,No
2033,31,75830,5,1,5,6,1,Female,Suburban,Sedan,Yes,Yes,Low,No
2034,55,92880,35.2,1,9,6,1,Male,Urban,Hatchback,No,Yes,Medium,No
2035,38,77147,5,2,1,6,3,Female,Suburban,SUV,Yes,Yes,Low,No
2036,25,47350,12.8,1,3,3,2,Male,Suburban,Sedan,Yes,No,Low,No
2037,38,86928,56.4,2,13,14,3,Male,Urban,Hatchback,No,Yes,Low,No
2038,55,83682,55.2,2,7,8,4,Female,Suburban,Sedan,Yes,Yes,Low,Yes
2039,29,83912,5,1,0,7,1,Female,Suburban,SUV,Yes,No,Low,No
2040,58,70905,5,3,5,9,3,Female,Suburban,Hatchback,Yes,No,Low,No
2041,30,65790,26.7,2,2,3,1,Male,Urban,Truck,No,No,Medium,No
2042,50,78851,5,2,7,6,1,Female,Urban,SUV,Yes,Yes,Low,No
2043,67,70922,30.2,2,2,3,5,Female,Rural,Truck,Yes,No,Low,No
2044,61,50490,47.4,2,0,9,4,Male,Suburban,Hatchback,Yes,Yes,Low,No
2045,44,30000,21.6,1,11,9,2,Male,Urban,Sedan,Yes,No,Low,No
2046,69,71958,34.5,2,5,1,1,Male,Suburban,Sedan,Yes,No,Low,No
2047,60,73556,5,2,6,3,3,Male,Suburban,Sedan,Yes,No,Low,No
2048,59,81029,5,1,6,18,2,Male,Urban,Hatchback,No,No,Low,No
2049,33,134585,32.7,2,0,1,5,Male,Rural,Sedan,Yes,Yes,Low,Yes
2050,52,97597,20.6,2,1,1,4,Male,Rural,Sedan,Yes,Yes,Low,Yes
2051,50,145880,21.3,2,2,0,3,Female,Rural,SUV,Yes,Yes,Low,Yes
2052,28,95918,33,1,7,7,1,Male,Suburban,Truck,Yes,Yes,Low,No
2053,65,30000,47.4,1,3,16,1,Male,Urban,Truck,No,Yes,Low,No
2054,48,114768,56.5,1,0,9,4,Female,Suburban,Sedan,No,Yes,Medium,No
2055,49,146538,17.7,2,14,5,4,Female,Urban,Sedan,Yes,No,Low,No
2056,64,107517,5,1,4,6,1,Female,Urban,SUV,No,Yes,Medium,No
2057,43,96477,33.7,2,1,8,2,Female,Suburban,Sedan,Yes,Yes,Low,No
2058,48,74541,35.8,1,12,18,3,Male,Urban,SUV,No,No,Low,No
2059,59,30000,5,2,0,9,1,Male,Suburban,Sedan,Yes,No,Low,No
2060,25,57990,58,2,3,18,3,Male,Urban,Sedan,Yes,No,Low,No
2061,61,85342,39.8,1,8,13,1,Male,Urban,Hatchback,No,Yes,Low,No
2062,45,94814,5,1,12,4,3,Male,Urban,SUV,Yes,Yes,Low,No
2063,52,68480,30.4,2,9,4,3,Female,Urban,SUV,No,Yes,Medium,No
2064,60,62703,42.7,2,0,0,1,Female,Rural,Sedan,Yes,No,Low,No
2065,64,82640,5,2,0,3,3,Male,Suburban,Truck,Yes,Yes,Low,No
2066,49,77924,12.9,1,7,3,1,Female,Suburban,Hatchback,Yes,Yes,Low,No
2067,48,74056,11.6,1,2,3,4,Male,Rural,Sedan,Yes,Yes,Low,No
2068,33,98147,24.9,2,3,8,3,Female,Suburban,Sedan,Yes,Yes,Low,Yes
2069,52,115755,5,3,13,3,5,Male,Urban,SUV,No,Yes,Low,Yes
2070,48,104441,51.8,2,4,4,1,Female,Suburban,Sedan,Yes,Yes,Low,No
2071,69,53486,57.4,2,14,6,1,Male,Urban,Sedan,Yes,Yes,Low,No
2072,45,81515,5,2,3,8,1,Male,Urban,SUV,No,No,Low,No
2073,47,30000,59,2,10,10,2,Male,Urban,SUV,No,No,Low,No
2074,65,47973,76,2,13,12,3,Male,Urban,Sedan,No,Yes,Medium,No
2075,48,74541,22,1,1,9,4,Female,Suburban,SUV,Yes,No,Low,No
2076,62,64223,36.1,2,14,17,4,Male,Urban,SUV,Yes,Yes,Low,No
2077,38,30000,5,1,6,8,2,Male,Suburban,Truck,Yes,Yes,Low,No
2078,59,121697,45.4,1,6,8,3,Male,Suburban,Sedan,Yes,Yes,Low,Yes
2079,42,82451,16.6,1,7,9,5,Female,Urban,Hatchback,Yes,Yes,Low,No
2080,60,78018,22.9,1,4,18,4,Male,Urban,Sedan,No,No,Low,No
2081,35,76650,27.2,2,1,2,3,Female,Rural,SUV,No,No,Medium,No
2082,29,91347,24.3,3,0,3,2,Male,Rural,Sedan,Yes,Yes,Low,No
2083,69,91813,5,2,2,12,5,Female,Urban,SUV,No,Yes,Low,Yes
2084,33,102350,5,1,7,8,3,Female,Urban,SUV,Yes,No,Low,No
2085,50,97937,48,2,2,8,4,Female,Suburban,SUV,Yes,No,Low,No
2086,29,95938,54.1,2,4,14,2,Female,Urban,Sedan,No,Yes,Medium,No
2087,26,72270,56.1,2,0,2,5,Male,Suburban,Sedan,Yes,No,Low,No
2088,40,119873,5,2,10,18,3,Male,Urban,SUV,No,Yes,Low,No
2089,59,121657,26,2,3,18,1,Male,Urban,SUV,No,Yes,Low,No
2090,34,88889,39.1,2,7,7,4,Male,Suburban,Sedan,Yes,Yes,Low,No
2091,46,108462,5,2,3,3,5,Male,Suburban,SUV,Yes,Yes,Low,Yes
2092,65,67864,5,1,1,1,5,Male,Rural,SUV,Yes,Yes,Low,No
2093,44,71714,5,2,6,5,3,Female,Suburban,Truck,Yes,No,Low,No
2094,66,90981,28.6,2,13,13,3,Male,Urban,Hatchback,No,Yes,Low,No
2095,51,149878,40.8,1,2,5,3,Female,Suburban,Sedan,Yes,Yes,Low,No
2096,27,81907,29.7,2,0,8,1,Female,Suburban,Sedan,Yes,Yes,Low,No
2097,40,123738,43.7,1,2,3,4,Male,Rural,SUV,Yes,Yes,Low,Yes
2098,35,93572,5,3,3,10,1,Female,Urban,Hatchback,Yes,Yes,Low,No
2099,46,90912,25.6,1,1,3,5,Male,Rural,Sedan,Yes,Yes,Low,No
2100,55,124067,5,2,0,2,3,Male,Rural,SUV,Yes,No,Low,No
2101,58,30000,28.3,2,2,4,4,Female,Suburban,Truck,Yes,Yes,Low,Yes
2102,50,30000,5,2,2,1,2,Female,Suburban,Sedan,Yes,No,Low,No
2103,43,74951,5,1,7,6,5,Female,Suburban,SUV,Yes,Yes,Low,Yes
2104,52,30000,43.7,1,0,1,1,Male,Rural,Sedan,Yes,Yes,Low,No
2105,43,30000,52.8,1,10,8,4,Male,Urban,Hatchback,No,Yes,Low,No
2106,34,94888,5,1,1,2,1,Male,Rural,SUV,Yes,Yes,Low,No
2107,56,95591,29.8,2,14,19,3,Male,Urban,Hatchback,No,Yes,Medium,No
2108,37,83489,5,2,6,7,2,Male,Urban,Sedan,No,Yes,Low,No
2109,54,67830,5,3,0,1,4,Male,Rural,SUV,Yes,Yes,Low,Yes
2110,44,97515,46.5,1,0,1,5,Male,Rural,SUV,Yes,Yes,Low,Yes
2111,60,75904,45.7,1,0,6,5,Male,Suburban,Sedan,Yes,No,Low,No
2112,66,108152,5,1,1,2,4,Female,Rural,Hatchback,Yes,Yes,Low,Yes
2113,49,74981,5,4,6,6,3,Male,Suburban,Sedan,Yes,Yes,Low,No
2114,41,57932,23.2,1,0,0,3,Female,Rural,SUV,Yes,Yes,Low,No
2115,25,134051,58.1,2,7,4,5,Female,Suburban,Sedan,Yes,Yes,Low,Yes
2116,37,81155,50.3,2,13,13,2,Male,Urban,Hatchback,No,Yes,Low,No
2117,56,81165,5,2,14,3,4,Male,Urban,SUV,No,No,Low,No
2118,47,30000,52.1,2,10,19,1,Male,Urban,Sedan,No,Yes,Medium,No
2119,36,81051,30.3,2,2,3,3,Female,Rural,Sedan,Yes,No,Low,No
2120,36,30000,5,3,6,1,3,Female,Suburban,SUV,Yes,Yes,Low,No
2121,60,143920,19.5,1,0,1,5,Male,Rural,Hatchback,Yes,Yes,Low,No
2122,62,121810,5,1,9,19,4,Male,Urban,Sedan,No,Yes,Low,Yes
2123,26,92385,27.2,3,12,18,4,Male,Urban,SUV,No,Yes,Low,Yes
2124,40,88148,21.9,2,2,3,5,Female,Rural,Sedan,Yes,Yes,Low,Yes
2125,40,101197,5,3,4,10,2,Female,Urban,SUV,No,Yes,Low,No
2126,64,92880,17.7,1,4,14,1,Female,Urban,Sedan,No,Yes,Low,No
2127,33,62378,34.3,2,1,1,5,Male,Rural,Sedan,Yes,Yes,Low,No
2128,40,61360,49.3,1,1,6,1,Female,Suburban,SUV,Yes,Yes,Low,No
2129,27,59971,24.6,3,4,4,1,Female,Suburban,Truck,Yes,Yes,Low,No
2130,28,67840,5,1,1,3,3,Male,Rural,SUV,Yes,No,Low,No
2131,46,81785,62.1,2,6,4,2,Male,Urban,Sedan,No,Yes,Medium,No
2132,35,53658,50.5,1,5,8,1,Male,Suburban,Hatchback,Yes,No,Low,No
2133,34,30000,61.4,1,11,10,2,Female,Urban,Sedan,Yes,Yes,Low,No
2134,32,104074,59.1,1,7,15,2,Male,Urban,Sedan,No,Yes,Low,No
2135,38,72660,5,2,1,5,1,Female,Suburban,SUV,Yes,Yes,Low,No
2136,63,93556,25.8,2,2,8,2,Male,Suburban,SUV,Yes,No,Low,No
2137,53,83950,47.8,3,11,13,4,Female,Urban,Sedan,No,No,Low,No
2138,31,105714,55.4,3,10,4,4,Female,Urban,Hatchback,Yes,Yes,Low,Yes
2139,37,85272,5,2,12,17,3,Male,Urban,Sedan,No,Yes,Low,No
2140,29,81051,5,1,6,5,4,Male,Suburban,SUV,Yes,Yes,Low,No
2141,35,103927,49.9,2,11,5,5,Female,Urban,Hatchback,Yes,Yes,Low,Yes
2142,57,83827,40.6,1,12,5,1,Female,Urban,SUV,No,Yes,Low,No
2143,60,52351,28.2,1,7,2,5,Male,Suburban,Hatchback,Yes,No,Low,No
2144,53,111587,46.2,2,6,5,3,Male,Suburban,SUV,Yes,No,Low,No
2145,62,86092,5,2,7,9,1,Female,Suburban,SUV,Yes,No,Low,No
2146,30,30000,16,2,2,1,1,Female,Rural,Sedan,Yes,Yes,Low,No
2147,27,69205,25.9,1,4,6,3,Female,Suburban,Sedan,Yes,Yes,Low,No
2148,47,92797,40.3,1,14,15,2,Other,Urban,Sedan,Yes,Yes,Low,No
2149,38,87430,51.5,1,1,3,1,Male,Rural,Sedan,Yes,Yes,Low,No
2150,67,118544,47.5,1,4,6,4,Female,Urban,SUV,No,No,Medium,No
2151,38,95846,41.2,1,13,6,4,Female,Urban,SUV,No,Yes,Low,No
2152,45,96742,24.4,1,4,3,3,Female,Suburban,SUV,Yes,Yes,Low,No
2153,25,119625,61.9,2,11,13,4,Other,Urban,SUV,No,Yes,Low,Yes
2154,30,73399,50.2,3,9,10,4,Male,Urban,Sedan,No,No,Low,No
2155,60,104896,5,1,3,10,4,Male,Urban,SUV,No,Yes,Low,No
2156,69,75534,53.3,3,0,1,1,Female,Rural,Truck,Yes,Yes,Medium,No
2157,41,102868,5,2,5,19,1,Male,Urban,Sedan,Yes,Yes,Low,No
2158,53,81157,55.7,1,14,12,2,Male,Urban,Sedan,Yes,No,Low,No
2159,69,30000,48.9,2,5,6,4,Male,Suburban,Sedan,Yes,No,Low,No
2160,66,91412,45.3,2,7,8,1,Male,Suburban,Hatchback,Yes,Yes,Low,No
2161,66,52349,5,1,7,15,1,Male,Urban,SUV,No,Yes,Low,No
2162,37,108125,34,2,11,14,1,Male,Urban,Sedan,No,Yes,Low,No
2163,35,92372,41.7,2,4,2,3,Male,Suburban,SUV,Yes,Yes,Low,No
2164,66,80740,59.9,1,5,8,1,Female,Urban,SUV,No,Yes,Low,No
2165,58,87500,20.4,1,3,3,3,Male,Suburban,Truck,Yes,Yes,Low,No
2166,52,82436,51.9,1,5,4,1,Female,Suburban,SUV,Yes,No,Low,No
2167,48,82633,5,2,5,16,5,Male,Urban,Sedan,Yes,Yes,Low,Yes
2168,62,55717,34.5,1,2,4,1,Female,Suburban,SUV,Yes,No,Low,No
2169,43,59741,58.2,2,14,18,2,Male,Urban,Sedan,Yes,Yes,Low,No
2170,49,57622,15.7,3,2,1,3,Female,Rural,Hatchback,Yes,No,Low,Yes
2171,54,61117,59,1,8,8,5,Male,Urban,SUV,Yes,No,Low,No
2172,48,72614,45.7,2,7,14,1,Female,Urban,Hatchback,No,No,Low,No
2173,45,30000,34.4,1,12,18,2,Female,Urban,SUV,Yes,No,Low,No
2174,59,122303,79.7,2,13,4,1,Female,Urban,SUV,No,No,Medium,No
2175,69,67954,5,3,0,9,4,Male,Suburban,SUV,Yes,No,Low,No
2176,28,30000,17,2,11,6,2,Female,Urban,Sedan,No,Yes,Low,No
2177,60,118460,5,3,4,13,3,Male,Urban,Truck,Yes,Yes,Low,No
2178,57,81271,45.6,1,11,9,4,Female,Urban,SUV,Yes,No,Low,No
2179,57,52711,52.2,1,3,5,3,Female,Suburban,SUV,Yes,No,Low,No
2180,27,87739,58.4,2,6,15,1,Female,Urban,SUV,No,Yes,Low,No
2181,55,73961,17.7,3,0,0,3,Male,Rural,Sedan,Yes,Yes,Low,Yes
2182,26,107701,5,1,1,2,3,Female,Rural,SUV,Yes,Yes,Low,No
2183,60,30000,5,2,14,7,3,Female,Urban,Truck,No,Yes,Low,No
2184,32,133662,20,1,7,7,5,Male,Suburban,Hatchback,Yes,Yes,Low,Yes
2185,27,92250,43.6,1,0,5,4,Female,Suburban,Sedan,Yes,No,Low,No
2186,33,97563,59.4,1,0,9,1,Male,Suburban,Sedan,Yes,No,Low,No
2187,47,80777,5,1,7,4,2,Male,Suburban,Sedan,Yes,Yes,Low,No
2188,68,80777,5,2,0,5,2,Female,Suburban,SUV,Yes,No,Low,No
2189,31,30000,52.9,2,6,7,5,Female,Urban,Sedan,No,No,Medium,No
2190,62,87715,38.7,2,9,11,5,Female,Urban,Sedan,No,Yes,Low,Yes
2191,42,95585,43.9,1,2,5,5,Male,Urban,Truck,Yes,Yes,Low,No
2192,60,96869,43.5,3,12,4,4,Female,Urban,Hatchback,No,No,Medium,No
2193,30,95813,48.5,1,5,8,2,Male,Suburban,Sedan,Yes,No,Low,No
2194,50,86048,16.7,1,3,9,5,Male,Suburban,Sedan,Yes,Yes,Low,Yes
2195,59,43858,67.2,1,1,2,3,Female,Suburban,Sedan,Yes,No,Medium,No
2196,53,67778,20.5,3,5,16,1,Male,Urban,Hatchback,No,No,Low,No
2197,69,103628,47,1,7,4,2,Female,Urban,SUV,Yes,Yes,Low,No
2198,29,75963,26.2,2,13,5,3,Female,Urban,Sedan,No,No,Low,No
2199,50,92492,47.9,3,3,5,3,Male,Suburban,Sedan,Yes,Yes,Low,No
2200,34,87910,39,2,2,8,5,Female,Suburban,SUV,Yes,Yes,Low,No
2201,25,75488,45.1,1,10,15,2,Female,Urban,Sedan,No,No,Low,No
2202,58,30000,5,3,2,9,3,Male,Urban,Sedan,No,No,Low,No
2203,32,96613,36.5,2,0,2,2,Female,Suburban,Sedan,Yes,Yes,Low,No
2204,46,30000,30.9,2,5,1,4,Male,Suburban,Hatchback,Yes,Yes,Low,No
2205,49,125664,56,1,11,3,3,Female,Urban,Sedan,No,No,Low,No
2206,59,109703,46.6,2,5,8,5,Female,Suburban,Hatchback,Yes,Yes,Low,No
2207,25,61380,32.8,2,4,5,5,Female,Suburban,SUV,Yes,Yes,Low,Yes
2208,41,92887,42.5,2,6,1,5,Male,Suburban,SUV,Yes,Yes,Low,Yes
2209,67,49395,55.6,1,0,1,5,Female,Rural,Sedan,Yes,Yes,Low,No
2210,25,107310,42.7,2,2,1,4,Female,Suburban,Truck,Yes,No,Low,No
2211,45,73913,53.4,2,2,1,2,Female,Rural,Sedan,Yes,Yes,Low,No
2212,42,74830,18.3,2,3,15,5,Female,Urban,Sedan,Yes,No,Low,No
2213,36,93556,5,1,2,13,2,Female,Urban,SUV,No,Yes,Low,No
2214,58,122777,27,1,3,7,1,Male,Urban,Sedan,No,Yes,Low,No
2215,27,118431,33.2,2,5,6,2,Female,Suburban,Truck,Yes,Yes,Low,No
2216,42,103550,31.6,1,6,3,3,Male,Suburban,Hatchback,Yes,Yes,Low,Yes
2217,32,30000,51.4,2,14,7,3,Female,Urban,SUV,No,Yes,Medium,No
2218,27,73220,41.2,2,1,0,4,Female,Rural,Hatchback,Yes,No,Low,No
2219,41,72466,5,1,2,8,1,Male,Suburban,Sedan,Yes,No,Low,No
2220,41,91295,5,3,3,4,5,Male,Urban,Truck,No,Yes,Low,No
2221,26,92372,54.4,2,4,4,2,Male,Suburban,SUV,Yes,No,Low,No
2222,30,93903,36.1,3,6,9,1,Male,Suburban,SUV,Yes,Yes,Low,No
2223,50,96862,67.2,2,14,11,3,Female,Urban,Sedan,No,Yes,Low,No
2224,40,104075,5,3,1,3,3,Male,Rural,SUV,Yes,Yes,Low,No
2225,53,97567,50.3,1,2,4,3,Female,Suburban,SUV,Yes,No,Low,No
2226,56,85724,48.2,2,2,13,3,Male,Urban,Sedan,No,No,Medium,No
2227,51,91353,5,1,6,4,5,Male,Urban,Hatchback,No,Yes,Low,Yes
2228,33,89915,48.1,1,7,12,1,Female,Urban,SUV,No,No,Low,No
2229,60,122349,35.4,1,5,5,4,Male,Urban,SUV,No,Yes,Low,No
2230,51,62391,15.3,2,7,7,1,Female,Suburban,SUV,Yes,No,Low,No
2231,62,66417,60.5,1,12,3,3,Female,Urban,Sedan,No,Yes,Medium,No
2232,38,77805,24.8,3,3,10,5,Male,Urban,SUV,Yes,Yes,Low,Yes
2233,59,30000,29.5,2,0,3,2,Male,Suburban,Sedan,Yes,Yes,Low,No
2234,55,73881,5,2,12,13,3,Male,Urban,SUV,Yes,No,Low,No
2235,58,123422,60.1,2,3,2,1,Male,Suburban,SUV,Yes,No,Low,No
2236,33,55879,47.5,2,7,2,2,Female,Suburban,Truck,Yes,Yes,Low,No
2237,47,119668,71,1,2,2,4,Female,Rural,SUV,Yes,Yes,Low,Yes
2238,56,82998,5,2,11,14,2,Male,Urban,Hatchback,No,No,Low,No
2239,51,83947,46.4,1,6,1,2,Female,Suburban,Sedan,Yes,Yes,Low,No
2240,51,30000,16.4,2,3,8,2,Female,Suburban,Sedan,Yes,Yes,Low,No
2241,57,94074,5,2,2,2,4,Female,Rural,Hatchback,Yes,No,Low,No
2242,44,106769,54.8,1,2,1,5,Female,Rural,Sedan,Yes,Yes,Low,No
2243,47,30000,5,2,9,13,3,Male,Urban,Sedan,Yes,Yes,Low,No
2244,41,60772,31.4,2,12,18,1,Female,Urban,Sedan,Yes,Yes,Low,No
2245,25,119237,5,2,6,16,5,Male,Urban,Sedan,No,Yes,Low,Yes
2246,38,62723,21.3,3,7,5,2,Male,Urban,Sedan,Yes,No,Low,No
2247,62,88380,20.9,3,2,12,2,Male,Urban,Hatchback,No,Yes,Low,No
2248,45,106432,25,2,12,13,2,Female,Urban,SUV,No,Yes,Low,No
2249,64,30000,34.5,2,6,16,2,Female,Urban,Sedan,No,Yes,Low,No
2250,42,111891,58.3,2,14,17,5,Other,Urban,SUV,No,Yes,Low,Yes
2251,61,101581,32.4,1,1,1,5,Female,Rural,Sedan,Yes,Yes,Low,No
2252,55,106335,21.9,3,2,1,1,Female,Rural,Hatchback,Yes,Yes,Low,No
2253,47,58813,27.7,1,3,15,4,Male,Urban,SUV,No,Yes,Low,No
2254,25,54573,44.4,2,7,1,3,Female,Suburban,Sedan,Yes,No,Low,No
2255,38,72673,49.9,4,5,8,2,Female,Suburban,Sedan,Yes,No,Low,No
2256,42,84768,48.1,1,3,9,4,Male,Suburban,Sedan,Yes,Yes,Low,No
2257,67,65987,5,1,1,1,4,Male,Rural,Sedan,Yes,Yes,Low,No
2258,67,144722,5,1,4,19,4,Male,Urban,Hatchback,No,No,Low,No
2259,35,96537,47.2,3,1,4,3,Male,Suburban,Sedan,Yes,Yes,Low,Yes
2260,50,85512,5,1,3,8,2,Female,Urban,SUV,No,No,Low,No
2261,45,72916,21.7,1,3,9,4,Female,Suburban,Hatchback,Yes,Yes,Low,No
2262,68,71657,16.9,3,5,3,2,Female,Suburban,SUV,Yes,No,Low,No
2263,35,47631,49.8,1,1,3,1,Female,Suburban,Sedan,Yes,No,Low,No
2264,51,107315,52.1,1,3,16,1,Male,Urban,Truck,No,Yes,Medium,No
2265,64,92797,35.2,1,12,10,3,Female,Urban,Sedan,No,Yes,Low,Yes
2266,60,92536,67.7,1,4,15,2,Male,Urban,Sedan,No,No,Low,No
2267,27,121956,12.9,1,1,3,2,Female,Rural,Sedan,Yes,Yes,Low,Yes
2268,59,75582,49.3,2,5,7,2,Male,Suburban,SUV,Yes,No,Low,No
2269,60,90838,5,1,7,3,3,Male,Suburban,Sedan,Yes,Yes,Low,No
2270,29,82635,5.8,2,9,14,1,Male,Urban,Hatchback,No,Yes,Low,No
2271,47,111091,5,3,7,3,3,Male,Suburban,Sedan,Yes,Yes,Low,Yes
2272,28,68806,5,1,0,1,1,Female,Rural,Sedan,Yes,No,Low,No
2273,47,96702,66.6,2,6,11,4,Male,Urban,Sedan,No,No,Medium,No
2274,56,123366,47.4,1,4,5,4,Female,Suburban,Sedan,Yes,Yes,Low,Yes
2275,68,85613,31.6,1,0,0,2,Female,Rural,Truck,Yes,No,Low,No
2276,65,72454,5,1,2,2,4,Male,Rural,Sedan,Yes,Yes,Low,No
2277,46,97639,53.3,3,2,1,3,Female,Rural,SUV,Yes,No,Low,No
2278,57,106059,15.4,2,0,8,2,Male,Suburban,SUV,Yes,Yes,Low,No
2279,34,62212,62,1,8,19,5,Male,Urban,SUV,No,No,Low,No
2280,53,78447,31.2,2,3,11,5,Female,Urban,SUV,Yes,No,Low,No
2281,42,30000,25.5,2,9,15,2,Male,Urban,SUV,No,Yes,Low,No
2282,58,84532,16.1,2,2,3,4,Male,Rural,Sedan,Yes,No,Low,No
2283,29,93922,45.7,1,7,12,2,Male,Urban,SUV,Yes,No,Low,No
2284,27,92662,47.1,1,0,9,1,Male,Suburban,Sedan,Yes,No,Low,No
2285,25,57931,42.1,1,5,16,4,Male,Urban,SUV,No,Yes,Low,No
2286,36,120890,38.8,1,0,1,1,Female,Suburban,Sedan,No,Yes,Medium,No
2287,61,99320,62.4,1,13,12,4,Male,Urban,SUV,No,Yes,Low,No
2288,63,58877,64.6,3,14,12,5,Female,Urban,Sedan,Yes,No,Low,No
2289,65,131996,5,1,0,6,5,Male,Suburban,Hatchback,Yes,Yes,Low,Yes
2290,39,64498,53.8,3,1,0,5,Male,Rural,Sedan,Yes,No,Low,No
2291,65,83760,5,1,1,1,1,Male,Rural,Sedan,Yes,No,Low,No
2292,55,122349,46.6,3,9,4,4,Male,Urban,SUV,No,Yes,Medium,No
2293,48,79830,19.6,1,1,9,5,Male,Suburban,Sedan,Yes,Yes,Low,Yes
2294,30,63792,31.6,4,6,6,2,Female,Urban,SUV,Yes,Yes,Low,No
2295,30,105580,37.7,2,8,13,3,Female,Urban,Sedan,No,Yes,Low,No
2296,30,84725,5,2,11,9,1,Female,Urban,Sedan,No,Yes,Low,No
2297,53,63820,27.3,1,3,6,4,Female,Suburban,SUV,No,Yes,High,No
2298,34,80622,35.4,1,6,9,1,Female,Urban,Sedan,Yes,Yes,Low,No
2299,65,115326,25.5,1,0,2,4,Male,Rural,Sedan,Yes,No,Low,No
2300,51,53486,17.6,2,6,17,5,Male,Urban,Sedan,No,Yes,Low,Yes
2301,60,63733,30.4,1,6,1,2,Male,Suburban,Sedan,Yes,Yes,Low,No
2302,44,62351,61.3,2,2,13,2,Male,Urban,SUV,No,Yes,Medium,No
2303,56,76650,35.1,2,10,6,5,Male,Urban,Sedan,Yes,No,Low,No
2304,62,80795,5,2,1,6,4,Female,Suburban,Sedan,Yes,Yes,Low,No
2305,32,30000,54,2,1,3,1,Female,Suburban,SUV,Yes,Yes,Low,No
2306,29,95715,61.5,3,4,6,3,Male,Suburban,SUV,Yes,No,Low,No
2307,65,104533,39.9,1,5,1,2,Male,Suburban,SUV,Yes,Yes,Low,No
2308,46,104538,41.9,3,6,2,4,Male,Suburban,SUV,Yes,No,Low,No
2309,30,92369,31.5,2,10,10,3,Male,Urban,Truck,No,No,Low,No
2310,37,75790,5,2,11,6,1,Male,Urban,SUV,Yes,Yes,Low,No
2311,41,69961,5,1,2,3,3,Female,Rural,Hatchback,Yes,No,Low,No
2312,36,47841,55.5,3,3,5,1,Male,Suburban,SUV,Yes,Yes,Low,No
2313,51,69719,5,2,8,4,2,Male,Urban,Sedan,No,Yes,Low,Yes
2314,68,80745,25.8,2,3,5,5,Female,Suburban,SUV,Yes,Yes,Low,Yes
2315,42,82436,5,1,3,1,3,Male,Suburban,SUV,No,No,Low,No
2316,64,51545,5,3,0,8,2,Male,Suburban,SUV,Yes,Yes,Low,Yes
2317,52,48842,38.3,1,13,14,4,Male,Urban,Sedan,Yes,No,Low,No
2318,52,84848,48.5,2,7,3,2,Female,Suburban,SUV,Yes,No,Low,No
2319,56,112446,49.1,2,0,1,5,Female,Rural,Hatchback,Yes,Yes,Low,No
2320,32,107470,5,1,5,4,5,Female,Urban,Sedan,No,Yes,Low,No
2321,52,55819,36.8,1,4,7,1,Male,Suburban,Truck,No,No,Low,No
2322,35,95969,23.6,1,3,5,3,Male,Suburban,Sedan,No,Yes,Low,No
2323,26,30000,43.5,2,11,9,2,Female,Urban,Sedan,No,Yes,Low,No
2324,31,86075,61.8,2,5,5,2,Female,Suburban,SUV,Yes,Yes,Low,No
2325,67,80465,37.2,2,2,5,2,Male,Suburban,Sedan,Yes,Yes,Low,No
2326,59,71890,5,3,2,6,2,Male,Suburban,Sedan,Yes,No,Low,No
2327,35,77378,41.3,1,13,18,4,Female,Urban,SUV,No,Yes,Low,Yes
2328,56,131789,5,1,11,19,4,Female,Urban,Truck,Yes,Yes,Low,Yes
2329,31,44909,27.4,2,2,15,3,Male,Urban,SUV,Yes,Yes,Low,No
2330,64,69158,33.9,1,3,7,5,Male,Urban,SUV,No,No,Medium,No
2331,29,123466,31.1,2,2,5,2,Female,Suburban,Sedan,Yes,Yes,Low,No
2332,36,30000,60.2,1,13,12,1,Male,Urban,Sedan,Yes,Yes,Low,No
2333,64,70886,47.3,3,1,9,3,Male,Suburban,Sedan,Yes,Yes,Low,No
2334,62,122473,66.6,2,5,9,4,Male,Suburban,SUV,Yes,No,Low,No
2335,65,77903,5,1,13,18,4,Female,Urban,SUV,No,Yes,Low,No
2336,53,121819,63.9,2,11,8,3,Male,Urban,Sedan,Yes,Yes,Low,No
2337,55,123800,27.5,1,0,1,1,Female,Rural,Sedan,Yes,Yes,Low,No
2338,40,52416,28.7,2,2,13,1,Male,Urban,Sedan,Yes,Yes,Low,No
2339,31,107268,56.7,1,0,1,2,Female,Suburban,Sedan,Yes,Yes,Low,No
2340,42,69998,15.9,2,7,16,3,Female,Urban,SUV,No,No,Low,No
2341,63,123763,32.7,2,3,3,1,Male,Urban,Sedan,Yes,Yes,Low,No
2342,59,83601,57.5,2,10,14,1,Female,Urban,Sedan,No,No,Low,No
2343,59,90541,48.9,2,11,11,5,Male,Urban,Hatchback,Yes,Yes,Low,Yes
2344,53,136025,5,3,9,15,2,Female,Urban,Sedan,No,No,Low,No
2345,36,87404,58.7,2,2,17,4,Female,Urban,Hatchback,No,Yes,Medium,No
2346,54,81451,42.7,2,3,14,5,Male,Urban,Hatchback,No,No,Medium,No
2347,59,103933,58.7,1,6,10,4,Male,Urban,Sedan,No,No,Medium,No
2348,55,126983,51.9,1,4,14,1,Female,Urban,SUV,Yes,No,Low,No
2349,49,93947,59.5,2,11,9,4,Male,Urban,Sedan,No,No,Low,No
2350,50,84578,5,2,5,7,3,Female,Urban,Sedan,No,Yes,Low,No
2351,66,86959,42.6,2,0,3,4,Female,Suburban,SUV,Yes,Yes,Low,No
2352,44,81825,59.3,1,5,7,5,Male,Suburban,SUV,Yes,Yes,Low,No
2353,29,132292,46.9,2,6,8,4,Male,Suburban,SUV,Yes,No,Low,No
2354,39,30000,71.4,1,9,11,3,Male,Urban,Truck,No,Yes,Medium,No
2355,50,68480,24.8,2,7,6,4,Female,Urban,SUV,No,Yes,Low,No
2356,64,61760,54.3,1,2,3,3,Male,Rural,Sedan,Yes,Yes,Low,No
2357,53,49172,40.9,2,1,3,5,Female,Rural,Hatchback,Yes,Yes,Low,No
2358,36,70523,5,2,3,7,3,Male,Suburban,SUV,Yes,Yes,Low,No
2359,28,75963,47.7,1,0,1,3,Female,Rural,SUV,Yes,Yes,Low,No
2360,29,132951,28,2,13,6,1,Male,Urban,Sedan,No,Yes,Low,No
2361,31,74986,44.3,1,0,3,1,Female,Suburban,SUV,Yes,Yes,Low,No
2362,41,91882,33,2,11,9,3,Male,Urban,Hatchback,No,No,Low,No
2363,68,68372,5,1,0,9,2,Female,Suburban,Truck,Yes,Yes,Low,No
2364,49,92614,35.4,1,7,17,3,Female,Urban,Hatchback,No,Yes,Low,No
2365,56,87249,5,1,5,7,4,Male,Suburban,SUV,Yes,No,Low,No
2366,44,76945,56.6,2,6,15,4,Male,Urban,SUV,Yes,Yes,Low,Yes
2367,67,82977,37,2,5,8,1,Male,Suburban,SUV,Yes,No,Low,No
2368,59,104886,58.2,4,14,13,1,Female,Urban,SUV,Yes,No,Low,No
2369,55,127868,27.3,1,8,13,3,Male,Urban,SUV,No,Yes,Low,Yes
2370,69,99265,46.5,2,6,9,4,Female,Suburban,SUV,Yes,Yes,Low,Yes
2371,62,118904,42.9,1,1,3,2,Female,Rural,Sedan,Yes,Yes,Low,No
2372,33,92341,61.5,3,3,3,4,Female,Urban,SUV,No,Yes,Medium,No
2373,59,50525,37.3,2,4,7,1,Male,Suburban,Sedan,Yes,Yes,Low,No
2374,46,98671,50.8,1,5,6,1,Male,Suburban,SUV,Yes,No,Low,No
2375,37,124429,18.6,2,12,4,1,Male,Urban,Sedan,Yes,Yes,Low,No
2376,48,82440,25.8,1,12,9,5,Male,Urban,SUV,Yes,No,Low,No
2377,46,69923,5,1,7,2,2,Male,Suburban,SUV,Yes,Yes,Low,No
2378,27,80590,28.5,1,9,5,5,Female,Urban,Sedan,Yes,Yes,Low,No
2379,56,63831,5,1,6,4,1,Female,Suburban,Sedan,Yes,Yes,Low,No
2380,54,30000,48.5,2,3,4,4,Female,Suburban,Sedan,No,No,Medium,No
2381,35,103850,59.3,3,2,5,1,Male,Suburban,SUV,Yes,No,Low,No
2382,49,54300,31.4,3,2,2,2,Female,Rural,Sedan,Yes,Yes,Low,No
2383,59,131727,53.9,2,6,18,3,Female,Urban,Truck,Yes,No,Low,No
2384,57,111348,5,1,2,2,5,Male,Rural,SUV,Yes,Yes,Low,Yes
2385,65,40203,5,2,0,2,3,Male,Rural,Hatchback,Yes,Yes,Low,No
2386,29,66975,37.3,2,13,15,4,Female,Urban,Sedan,No,No,Low,No
2387,36,30000,5,1,7,18,4,Male,Urban,Hatchback,Yes,Yes,Low,No
2388,53,105596,41.2,2,13,14,5,Male,Urban,SUV,Yes,Yes,Low,Yes
2389,45,94036,33.1,2,12,7,1,Male,Urban,Truck,No,Yes,Low,No
2390,50,85894,5,3,6,7,3,Male,Suburban,Hatchback,Yes,Yes,Low,No
2391,57,122455,49.4,2,7,1,1,Male,Suburban,Hatchback,No,No,Medium,No
2392,47,43954,40.1,2,1,1,4,Female,Rural,Hatchback,Yes,No,Low,No
2393,62,91283,28.1,2,1,5,3,Male,Suburban,SUV,Yes,No,Low,No
2394,64,100394,43.1,1,2,3,5,Male,Rural,Sedan,Yes,Yes,Low,Yes
2395,66,61636,25.8,2,6,8,1,Male,Suburban,Sedan,Yes,No,Low,No
2396,34,30000,24.5,2,1,3,2,Female,Suburban,Sedan,Yes,Yes,Low,No
2397,25,84535,20.6,2,5,7,4,Male,Urban,Truck,Yes,Yes,Low,No
2398,31,30000,5,1,3,14,2,Female,Urban,Sedan,No,No,Low,No
2399,64,94720,5,3,3,4,2,Female,Suburban,Sedan,Yes,Yes,Low,No
2400,26,143044,33,1,13,4,1,Male,Urban,Sedan,No,No,Low,No
2401,38,91412,54.3,1,6,3,5,Male,Urban,SUV,No,Yes,Medium,Yes
2402,49,97623,53,1,7,6,3,Male,Suburban,SUV,Yes,Yes,Low,No
2403,49,92880,33.3,3,9,9,4,Female,Urban,SUV,No,Yes,Medium,No
2404,50,78600,56.9,2,5,4,5,Male,Suburban,SUV,Yes,Yes,Low,Yes
2405,63,91325,57.6,1,6,8,4,Male,Urban,Sedan,No,Yes,Low,No
2406,62,104885,44.3,1,0,1,4,Female,Rural,SUV,Yes,No,Low,No
2407,26,121075,56.8,4,6,1,3,Female,Suburban,Hatchback,Yes,Yes,Low,No
2408,32,85586,5,2,7,3,4,Male,Suburban,Truck,Yes,No,Low,No
2409,65,78720,55.7,1,1,2,4,Male,Rural,Sedan,Yes,Yes,Low,No
2410,69,92800,40.3,1,5,5,5,Female,Suburban,SUV,Yes,Yes,Low,Yes
2411,51,73250,45.9,1,13,19,1,Male,Urban,SUV,No,Yes,Low,No
2412,59,82990,43.1,2,3,8,3,Male,Urban,Sedan,No,No,Medium,No
2413,25,76978,5,2,11,19,3,Male,Urban,Sedan,Yes,No,Low,No
2414,52,114739,47.5,1,3,4,1,Male,Suburban,Sedan,Yes,No,Low,No
2415,30,62721,25.8,2,2,4,2,Male,Suburban,SUV,Yes,Yes,Low,No
2416,68,91560,20.4,1,6,9,3,Male,Suburban,Sedan,Yes,Yes,Low,Yes
2417,65,118958,5,1,5,9,4,Male,Suburban,Sedan,Yes,No,Low,No
2418,57,117413,5,2,2,3,3,Male,Rural,Sedan,Yes,Yes,Low,No
2419,66,80596,5,1,0,9,1,Female,Suburban,SUV,Yes,Yes,Low,No
2420,57,79830,5,1,5,4,4,Male,Suburban,Sedan,Yes,No,Low,No
2421,45,30000,5,1,2,1,2,Female,Suburban,SUV,Yes,Yes,Low,No
2422,39,89514,43.7,2,0,2,1,Male,Rural,Sedan,Yes,No,Low,No
2423,64,52223,37.3,2,10,19,3,Female,Urban,Sedan,No,Yes,Low,No
2424,31,68414,41.7,1,1,3,1,Female,Rural,Hatchback,Yes,No,Low,No
2425,42,131789,39.4,2,0,3,5,Male,Suburban,Sedan,Yes,Yes,Low,Yes
2426,60,103598,5,1,2,7,5,Female,Suburban,Sedan,Yes,Yes,Low,Yes
2427,63,81116,63.8,2,12,6,2,Male,Urban,SUV,No,Yes,Medium,No
2428,57,74183,49.3,1,3,4,1,Male,Suburban,Sedan,Yes,Yes,Low,No
2429,64,77337,45.8,1,9,14,2,Male,Urban,SUV,No,No,Low,No
2430,56,62943,46.4,2,7,2,1,Male,Suburban,Sedan,Yes,Yes,Low,No
2431,62,53674,28.3,1,5,15,4,Male,Urban,Sedan,Yes,No,Low,No
2432,54,97515,26.2,2,0,2,5,Female,Rural,SUV,Yes,Yes,Low,Yes
2433,63,95640,5,2,6,12,4,Female,Urban,Hatchback,No,Yes,Low,No
2434,53,57995,48,1,1,8,1,Female,Suburban,Truck,Yes,Yes,Low,No
2435,59,106618,63.5,2,11,6,1,Male,Urban,Hatchback,Yes,Yes,Low,No
2436,53,90190,53.9,2,1,0,1,Male,Rural,Truck,Yes,Yes,Low,No
2437,52,30000,5,2,6,9,2,Male,Suburban,Sedan,Yes,No,Low,No
2438,41,91813,5,1,0,9,3,Male,Suburban,Hatchback,Yes,No,Low,No
2439,56,79411,20.9,2,0,2,1,Male,Rural,SUV,Yes,No,Low,No
2440,60,123567,47.8,2,8,11,4,Female,Urban,SUV,Yes,Yes,Low,Yes
2441,38,65151,22.9,1,6,19,3,Female,Urban,Hatchback,Yes,Yes,Low,No
2442,40,94564,41.8,1,2,5,4,Female,Suburban,Sedan,Yes,Yes,Low,Yes
2443,25,143620,26.8,1,4,13,5,Male,Urban,Sedan,Yes,Yes,Low,Yes
2444,54,82325,5,1,4,17,5,Female,Urban,SUV,Yes,No,Low,No
2445,27,138714,42.6,1,6,6,4,Male,Suburban,SUV,Yes,Yes,Low,Yes
2446,66,30000,54.5,2,1,4,1,Male,Suburban,Sedan,Yes,Yes,Low,No
2447,41,112483,55.3,3,12,18,2,Female,Urban,SUV,Yes,Yes,Low,No
2448,56,64441,52.5,1,2,11,4,Female,Urban,Sedan,No,Yes,Low,No
2449,29,47610,5,2,1,1,5,Female,Rural,Sedan,Yes,No,Low,No
2450,54,95896,5,1,2,3,3,Male,Rural,SUV,Yes,Yes,Low,Yes
2451,69,93383,70.4,1,2,7,1,Female,Suburban,Sedan,No,Yes,Medium,No
2452,35,54729,37.5,1,2,2,4,Male,Suburban,SUV,Yes,No,Low,No
2453,62,71890,5,3,10,7,5,Female,Urban,SUV,No,No,Low,No
2454,54,72951,27.9,1,6,4,1,Male,Suburban,Sedan,Yes,No,Low,No
2455,54,44987,50.3,4,1,3,1,Female,Rural,Hatchback,Yes,No,Low,No
2456,28,30000,54.4,1,12,6,5,Male,Urban,Hatchback,Yes,No,Low,No
2457,27,115154,50.2,1,3,10,1,Male,Urban,Sedan,No,Yes,Medium,No
2458,41,92800,5,3,7,9,1,Female,Suburban,SUV,Yes,No,Low,No
2459,47,153682,56,1,0,4,2,Female,Suburban,SUV,Yes,Yes,Low,No
2460,49,94959,5,2,3,15,4,Male,Urban,SUV,No,Yes,Low,No
2461,53,94341,5,1,1,1,2,Female,Rural,SUV,Yes,No,Low,No
2462,51,88345,57.7,2,6,6,1,Male,Suburban,SUV,Yes,No,Low,No
2463,36,30000,5,2,7,5,2,Male,Suburban,Truck,Yes,Yes,Low,No
2464,46,62351,5,1,4,2,2,Male,Suburban,SUV,Yes,No,Low,No
2465,51,123547,16.8,2,1,5,4,Male,Suburban,SUV,Yes,Yes,Low,Yes
2466,68,72955,41.2,1,0,3,2,Male,Rural,Sedan,Yes,Yes,Low,No
2467,46,53904,13.1,2,8,12,1,Male,Urban,SUV,No,Yes,Low,No
2468,26,30000,31,2,0,0,2,Female,Rural,Sedan,Yes,Yes,Low,No
2469,35,75415,34.2,2,2,6,4,Female,Suburban,SUV,Yes,Yes,Low,No
2470,34,98346,24.3,3,7,17,3,Male,Urban,SUV,No,Yes,Low,No
2471,30,62721,49.8,1,6,8,1,Male,Suburban,Sedan,Yes,No,Low,No
2472,51,30000,62.3,1,14,15,5,Male,Urban,Sedan,Yes,Yes,Low,No
2473,32,94589,43.7,2,0,1,2,Female,Rural,Sedan,Yes,No,Low,No
2474,26,83766,56.5,3,2,4,3,Female,Suburban,SUV,Yes,No,Low,No
2475,30,44989,51.7,1,0,7,1,Male,Suburban,SUV,Yes,Yes,Low,No
2476,37,77959,42.4,1,7,3,2,Female,Suburban,Sedan,Yes,Yes,Low,No
2477,68,91750,53.5,1,0,0,4,Male,Rural,Sedan,Yes,Yes,Low,No
2478,67,88726,43.9,1,3,14,1,Female,Urban,Sedan,No,Yes,Low,No
2479,38,90662,54,2,3,3,4,Male,Urban,SUV,No,Yes,Medium,No
2480,36,87835,5,1,1,3,3,Male,Rural,SUV,Yes,Yes,Low,No
2481,49,132267,5,2,9,16,3,Male,Urban,Sedan,No,No,Low,No
2482,43,83731,66.5,1,1,8,3,Female,Suburban,Sedan,Yes,No,Low,No
2483,53,99468,33,1,2,4,2,Male,Suburban,SUV,Yes,Yes,Low,No
2484,68,30000,47.9,1,9,18,5,Female,Urban,SUV,Yes,Yes,Low,No
2485,68,82460,36.4,2,0,7,1,Male,Suburban,Sedan,Yes,Yes,Low,No
2486,64,59870,24.6,1,5,5,1,Male,Suburban,SUV,Yes,Yes,Low,No
2487,43,83073,45.7,2,6,7,4,Female,Urban,Hatchback,Yes,No,Low,No
2488,46,114048,43.2,2,5,8,2,Male,Urban,SUV,No,No,Medium,No
2489,30,117626,30,2,3,6,4,Male,Urban,SUV,No,No,Medium,No
2490,37,95966,36.5,2,11,17,5,Female,Urban,Hatchback,No,Yes,Low,Yes
2491,44,72683,15.5,1,8,5,1,Female,Urban,Sedan,Yes,No,Low,No
2492,41,123547,48.8,3,12,8,1,Female,Urban,Sedan,Yes,No,Low,No
2493,54,67713,59.4,1,7,7,4,Female,Urban,Sedan,No,Yes,Medium,No
2494,65,30000,55.6,2,1,2,3,Male,Suburban,Sedan,Yes,Yes,Low,No
2495,35,124427,34.8,2,2,9,1,Male,Suburban,Sedan,Yes,Yes,Low,No
2496,44,69957,50.1,3,13,5,4,Female,Urban,SUV,Yes,Yes,Low,No
2497,50,54721,5,1,2,1,1,Female,Rural,SUV,Yes,Yes,Low,No
2498,30,30000,18.4,2,1,1,3,Male,Rural,Sedan,Yes,Yes,Low,No
2499,54,94033,36.4,1,5,4,5,Male,Suburban,Hatchback,Yes,Yes,Medium,Yes
2500,61,130646,5,2,2,3,1,Female,Rural,SUV,Yes,Yes,Low,No
2501,56,30000,5,1,5,4,3,Male,Suburban,Sedan,Yes,No,Low,No
2502,40,94048,38.7,2,13,13,5,Male,Urban,SUV,Yes,Yes,Low,Yes
2503,33,74951,5,2,2,0,3,Male,Rural,Sedan,Yes,Yes,Low,No
2504,54,30000,47.5,2,14,14,1,Male,Urban,SUV,No,Yes,Low,No
2505,47,52451,36.2,1,4,8,1,Male,Suburban,Sedan,Yes,Yes,Low,No
2506,26,69436,27.1,1,3,19,4,Male,Urban,Sedan,Yes,No,Low,No
2507,68,71784,29.7,1,3,15,5,Female,Urban,Sedan,Yes,Yes,Low,Yes
2508,59,130303,58.4,2,1,1,1,Female,Rural,SUV,Yes,No,Low,No
2509,38,103070,5,2,2,1,1,Female,Rural,SUV,Yes,No,Low,No
2510,58,88725,21.4,2,0,1,4,Female,Rural,Sedan,Yes,Yes,Low,No
2511,28,91328,41.4,1,7,7,1,Male,Suburban,SUV,Yes,Yes,Low,No
2512,59,77274,5,1,8,9,1,Male,Urban,Sedan,No,Yes,Low,No
2513,61,98334,35.6,1,0,3,1,Female,Rural,SUV,Yes,Yes,Low,No
2514,40,30000,16.7,2,10,13,3,Male,Urban,Sedan,Yes,No,Low,No
2515,31,103256,5,1,0,1,5,Female,Rural,Sedan,Yes,No,Low,No
2516,43,71701,46.4,4,14,14,3,Female,Urban,Sedan,Yes,Yes,Low,No
2517,43,79856,61.9,1,0,3,1,Female,Rural,SUV,Yes,Yes,Low,No
2518,37,84889,5,2,0,4,4,Male,Suburban,Sedan,Yes,No,Low,No
2519,67,122945,5,1,2,8,2,Female,Suburban,SUV,Yes,Yes,Low,No
2520,27,104473,48.7,1,2,1,2,Male,Rural,Sedan,Yes,Yes,Low,No
2521,39,94863,57.3,1,10,12,5,Female,Urban,Sedan,Yes,Yes,Low,Yes
2522,52,74709,34.5,1,2,2,1,Female,Rural,Truck,Yes,Yes,Low,No
2523,49,80135,17.3,2,7,11,2,Female,Urban,Sedan,No,Yes,Low,No
2524,35,81133,51.6,2,11,17,3,Female,Urban,Sedan,No,No,Low,No
2525,30,93353,58.9,1,3,9,5,Female,Suburban,Sedan,Yes,No,Low,No
2526,43,87833,55,2,1,6,4,Female,Suburban,Sedan,Yes,Yes,Low,Yes
2527,49,30000,19.9,1,0,9,1,Male,Suburban,SUV,Yes,Yes,Low,No
2528,55,71164,47.9,1,4,6,1,Male,Suburban,Sedan,Yes,Yes,Low,No
2529,29,51344,35.7,1,8,10,4,Male,Urban,Sedan,No,Yes,Low,No
2530,47,117715,24.6,3,3,8,4,Male,Suburban,SUV,Yes,No,Low,No
2531,63,51483,49,2,14,8,1,Male,Urban,SUV,No,Yes,Low,No
2532,31,86429,5,1,7,14,4,Female,Urban,Sedan,No,Yes,Low,No
2533,56,40314,5,2,2,0,3,Male,Rural,SUV,Yes,Yes,Low,No
2534,35,89874,5,1,3,7,5,Female,Suburban,SUV,Yes,Yes,Low,Yes
2535,50,93598,27,2,6,13,2,Female,Urban,Sedan,No,Yes,Low,No
2536,42,51483,37.2,1,13,9,1,Male,Urban,Sedan,Yes,No,Low,No
2537,47,55879,41.3,2,8,13,5,Female,Urban,Sedan,No,Yes,Low,Yes
2538,48,128768,39.3,2,4,19,5,Male,Urban,SUV,No,Yes,Low,Yes
2539,61,93572,17.4,1,14,17,3,Male,Urban,Sedan,Yes,Yes,Low,No
2540,46,92697,49.4,2,8,3,3,Female,Urban,Sedan,No,Yes,Low,Yes
2541,26,90673,13.9,2,2,14,1,Male,Urban,Sedan,No,No,Low,No
2542,45,142960,25.1,1,2,3,4,Male,Rural,Hatchback,Yes,Yes,Low,Yes
2543,47,95846,36.2,1,11,18,5,Male,Urban,SUV,No,Yes,Low,Yes
2544,64,77959,51.9,3,6,6,5,Male,Suburban,Sedan,Yes,Yes,Low,No
2545,28,30000,17.8,2,11,6,5,Female,Urban,Sedan,Yes,No,Low,No
2546,52,123852,57.4,2,6,4,1,Male,Urban,Sedan,No,No,Low,No
2547,42,68480,45.1,1,13,13,4,Female,Urban,Sedan,Yes,Yes,Low,No
2548,44,153545,43.7,2,4,4,5,Male,Suburban,SUV,Yes,Yes,Low,Yes
2549,69,67819,26.3,2,1,5,4,Female,Suburban,Sedan,Yes,No,Low,No
2550,37,62210,40.8,2,4,8,2,Female,Urban,Sedan,No,Yes,Low,No
2551,61,103843,48,2,7,3,3,Male,Suburban,SUV,Yes,No,Low,No
2552,28,97548,27,2,11,11,3,Male,Urban,Sedan,Yes,No,Low,No
2553,67,107943,32.7,1,12,18,1,Male,Urban,Truck,No,Yes,Low,No
2554,28,91542,12,1,2,2,3,Female,Rural,Hatchback,Yes,No,Low,No
2555,32,103882,69.2,3,8,4,5,Female,Urban,Sedan,No,No,Medium,No
2556,45,30000,54.9,1,0,5,2,Male,Suburban,Hatchback,Yes,Yes,Low,No
2557,54,55918,14.6,3,3,7,1,Male,Urban,Sedan,No,Yes,Low,No
2558,29,83859,41.3,3,4,6,1,Male,Urban,Sedan,No,No,Medium,No
2559,25,84589,40.5,1,6,9,3,Female,Suburban,Sedan,Yes,Yes,Low,No
2560,31,53576,29.7,1,12,13,4,Female,Urban,Sedan,No,No,Low,No
2561,42,74087,48.1,2,2,9,2,Male,Urban,SUV,No,Yes,Low,No
2562,60,69396,5,1,12,7,2,Male,Urban,Sedan,No,No,Low,No
2563,47,109703,29.6,1,14,8,5,Male,Urban,Hatchback,No,Yes,Low,Yes
2564,66,84728,31.8,3,5,19,4,Female,Urban,Sedan,Yes,No,Low,No
2565,43,84144,5,1,3,12,4,Male,Urban,Hatchback,No,Yes,Low,No
2566,54,40242,5,2,7,9,1,Female,Suburban,Sedan,Yes,No,Low,No
2567,64,101212,5,2,4,4,4,Male,Suburban,Sedan,Yes,Yes,Low,No
2568,44,121711,26.1,1,2,17,1,Female,Urban,Hatchback,Yes,No,Low,No
2569,50,81844,37.7,2,13,13,4,Male,Urban,Hatchback,Yes,Yes,Low,Yes
2570,40,81157,18.2,1,6,17,5,Female,Urban,Sedan,No,No,Low,No
2571,41,109244,45.1,2,7,9,4,Female,Suburban,Sedan,Yes,Yes,Low,No
2572,25,81954,5,2,5,8,4,Female,Suburban,SUV,Yes,Yes,Low,No
2573,59,152720,46.2,2,1,3,1,Female,Suburban,Sedan,Yes,Yes,Low,No
2574,43,72270,31.9,3,2,5,2,Male,Suburban,Hatchback,Yes,Yes,Low,No
2575,52,119321,5,1,5,1,3,Female,Suburban,Sedan,Yes,Yes,Low,No
2576,60,92796,46.4,1,2,1,4,Male,Rural,Sedan,Yes,No,Low,No
2577,37,74709,5,2,8,15,3,Female,Urban,SUV,Yes,Yes,Low,No
2578,30,122318,52.3,2,6,11,5,Female,Urban,Sedan,No,No,Medium,No
2579,66,84560,26.5,1,2,1,3,Male,Rural,Sedan,Yes,No,Low,No
2580,65,117413,38.9,2,0,3,4,Female,Rural,Sedan,Yes,Yes,Low,Yes
2581,36,30000,67.3,3,11,4,4,Female,Urban,SUV,No,Yes,Medium,No
2582,27,147974,5,1,6,6,5,Male,Suburban,SUV,Yes,Yes,Low,No
2583,57,82870,35.8,1,4,1,2,Female,Suburban,SUV,Yes,No,Low,No
2584,50,51344,46.6,1,3,4,3,Male,Suburban,SUV,Yes,No,Low,No
2585,61,63841,28.6,2,3,5,4,Male,Suburban,SUV,No,No,Low,No
2586,52,92265,49.5,1,1,9,5,Female,Suburban,SUV,Yes,Yes,Low,Yes
2587,40,63354,46.6,1,7,9,2,Male,Suburban,Sedan,Yes,No,Low,No
2588,52,59234,15.5,2,4,5,4,Female,Suburban,Sedan,Yes,No,Low,No
2589,66,123594,33.8,2,4,5,5,Female,Suburban,SUV,Yes,Yes,Low,No
2590,68,30000,28.3,3,0,8,3,Male,Suburban,Truck,Yes,Yes,Low,No
2591,26,134770,61.4,1,4,3,5,Male,Suburban,Hatchback,Yes,Yes,Low,Yes
2592,29,67762,28.6,1,8,8,4,Male,Urban,SUV,No,No,Medium,No
2593,51,107306,59.7,4,6,9,1,Male,Suburban,SUV,Yes,Yes,Low,No
2594,36,76943,45,1,14,18,1,Female,Urban,SUV,No,Yes,Low,No
2595,32,124064,33.7,1,10,3,5,Male,Urban,Hatchback,Yes,Yes,Low,Yes
2596,51,61117,45.4,2,2,15,1,Female,Urban,Sedan,Yes,Yes,Low,No
2597,36,30000,46.7,2,0,1,2,Male,Rural,Hatchback,Yes,No,Low,No
2598,44,56520,57.7,2,2,3,3,Male,Rural,Sedan,Yes,No,Low,No
2599,35,95793,48.5,2,9,19,5,Male,Urban,Hatchback,Yes,Yes,Low,Yes
2600,62,91494,5,2,2,15,5,Male,Urban,SUV,No,No,Low,No
2601,32,131762,37.7,2,11,19,2,Male,Urban,Truck,No,Yes,Low,No
2602,55,91766,43.4,1,14,9,2,Female,Urban,SUV,Yes,No,Low,No
2603,49,106769,50.6,3,4,7,3,Male,Suburban,Sedan,Yes,No,Low,No
2604,50,74022,5,1,3,2,2,Male,Suburban,SUV,Yes,Yes,Low,No
2605,56,114869,41.4,1,3,9,1,Male,Suburban,Sedan,Yes,No,Low,No
2606,36,78973,21.1,2,5,4,3,Female,Suburban,Sedan,Yes,Yes,Low,No
2607,59,59870,56.5,1,1,3,2,Male,Rural,Sedan,Yes,Yes,Low,No
2608,54,131379,46.1,1,2,3,4,Male,Suburban,Hatchback,Yes,No,Low,No
2609,68,77364,5,1,1,9,1,Male,Suburban,SUV,Yes,Yes,Low,No
2610,32,80731,5,2,1,1,2,Male,Suburban,SUV,Yes,No,Low,No
2611,27,91292,48,2,8,7,3,Male,Urban,Sedan,No,No,Low,No
2612,59,87953,5,2,6,7,1,Female,Urban,Sedan,No,No,Low,No
2613,58,53951,56.9,1,0,3,2,Male,Suburban,Sedan,Yes,No,Low,No
2614,52,90493,34.4,2,13,12,1,Female,Urban,Hatchback,Yes,No,Low,No
2615,27,93430,5,1,9,18,4,Male,Urban,SUV,No,Yes,Low,No
2616,38,30000,5,1,1,1,1,Female,Rural,SUV,Yes,Yes,Low,No
2617,51,137848,41.9,1,5,14,3,Female,Urban,Sedan,Yes,No,Low,No
2618,65,86095,58.3,3,11,5,3,Male,Urban,Hatchback,No,Yes,Medium,No
2619,64,83555,15,2,8,10,4,Male,Urban,Truck,No,No,Low,No
2620,56,86847,39.4,3,7,18,2,Female,Urban,Hatchback,Yes,Yes,Low,No
2621,42,30000,52,2,6,3,1,Male,Suburban,SUV,Yes,Yes,Low,No
2622,50,99433,5,2,14,19,5,Male,Urban,Sedan,Yes,Yes,Low,Yes
2623,29,94445,53.1,2,3,8,1,Female,Suburban,SUV,Yes,No,Low,No
2624,62,78407,61.8,4,4,6,3,Male,Suburban,Sedan,Yes,Yes,Low,No
2625,46,64908,28.3,1,1,0,3,Female,Rural,SUV,Yes,Yes,Low,No
2626,45,121635,24.5,2,5,7,5,Male,Urban,Truck,No,Yes,Medium,Yes
2627,32,93314,43.8,1,6,6,2,Male,Suburban,Sedan,Yes,No,Low,No
2628,54,95819,38.8,2,13,13,2,Male,Urban,Sedan,No,Yes,Low,No
2629,25,121461,54.7,1,1,2,2,Female,Rural,Sedan,Yes,Yes,Low,No
2630,52,122945,56.5,2,12,10,1,Male,Urban,Sedan,Yes,Yes,Low,No
2631,62,95918,5,2,0,3,2,Male,Rural,Sedan,Yes,Yes,Low,No
2632,54,67986,22.9,2,2,1,4,Female,Rural,Sedan,Yes,No,Low,No
2633,48,137845,43.7,2,0,1,1,Male,Suburban,Sedan,No,No,Medium,No
2634,36,81041,5,1,12,6,4,Female,Urban,Hatchback,No,Yes,Low,No
2635,57,84880,66.7,3,0,3,5,Male,Rural,Sedan,Yes,Yes,Low,Yes
2636,54,45612,55.9,2,5,4,3,Other,Suburban,SUV,Yes,Yes,Low,No
2637,52,77584,5,2,2,5,1,Female,Suburban,Sedan,Yes,No,Low,No
2638,40,103843,36.8,3,5,9,5,Male,Suburban,SUV,Yes,Yes,Low,Yes
2639,50,71727,43.4,1,4,9,3,Male,Suburban,SUV,Yes,No,Low,No
2640,67,106421,5,1,6,6,3,Female,Suburban,Sedan,Yes,No,Low,No
2641,44,146935,32.4,2,2,2,4,Male,Rural,SUV,Yes,Yes,Low,Yes
2642,31,61311,5,1,8,3,2,Female,Urban,Truck,No,Yes,Medium,No
2643,53,77549,12.5,1,2,9,4,Male,Suburban,Hatchback,Yes,Yes,Low,Yes
2644,34,63794,38.6,1,3,7,3,Male,Suburban,SUV,Yes,Yes,Low,No
2645,25,58734,55.1,1,6,9,1,Female,Urban,Sedan,No,No,Medium,No
2646,35,84441,46.7,2,3,2,2,Female,Suburban,Sedan,Yes,Yes,Low,No
2647,64,30000,47.8,2,0,3,2,Female,Rural,Hatchback,Yes,Yes,Low,No
2648,41,62724,5,2,10,10,3,Male,Urban,Sedan,No,No,Low,No
2649,27,133967,24.9,1,2,7,4,Male,Suburban,SUV,Yes,Yes,Low,Yes
2650,25,63841,25.2,2,5,8,2,Female,Suburban,Sedan,Yes,Yes,Low,No
2651,66,30000,59.4,3,6,3,4,Male,Suburban,Sedan,Yes,No,Low,No
2652,28,112215,5,1,1,1,4,Male,Rural,Sedan,Yes,Yes,Low,Yes
2653,59,109294,28.4,3,2,12,1,Male,Urban,Sedan,No,Yes,Low,No
2654,67,88861,22.1,3,6,9,3,Female,Urban,SUV,No,Yes,Low,No
2655,63,93856,21,2,7,3,1,Male,Urban,SUV,No,Yes,Medium,No
2656,63,84441,26.8,1,2,8,1,Other,Suburban,SUV,Yes,No,Low,No
2657,60,95717,22,2,13,15,2,Female,Urban,SUV,No,No,Low,No
2658,52,94936,26.8,2,5,8,4,Male,Suburban,Truck,Yes,Yes,Low,No
2659,50,96468,20.5,3,6,5,4,Male,Urban,SUV,Yes,No,Low,No
2660,53,67524,26.2,2,12,12,2,Female,Urban,Sedan,No,No,Low,No
2661,64,30000,33,1,4,11,3,Male,Urban,SUV,Yes,No,Low,No
2662,49,121778,5,2,4,9,1,Female,Urban,Sedan,Yes,Yes,Low,No
2663,50,85627,44,1,8,7,3,Female,Urban,Sedan,No,No,Medium,No
2664,49,89877,21.7,2,0,2,4,Male,Suburban,Truck,Yes,No,Low,No
2665,42,83066,57.1,1,2,1,3,Female,Suburban,Sedan,Yes,No,Low,No
2666,58,80590,5,2,13,8,1,Male,Urban,Sedan,No,Yes,Low,No
2667,37,94495,27.6,1,13,13,2,Male,Urban,Sedan,No,Yes,Low,No
2668,52,107985,34,3,14,17,5,Male,Urban,SUV,No,Yes,Low,Yes
2669,43,114057,34.5,2,13,15,2,Male,Urban,Hatchback,No,Yes,Low,No
2670,27,121232,40.5,2,7,5,2,Male,Urban,Hatchback,Yes,No,Low,No
2671,29,70523,17.4,2,2,9,1,Male,Suburban,SUV,Yes,Yes,Low,No
2672,36,82872,5,2,3,9,3,Female,Urban,Hatchback,Yes,No,Low,No
2673,26,151014,5,1,4,14,3,Male,Urban,Sedan,No,Yes,Low,No
2674,34,67830,5,1,7,7,1,Male,Suburban,Hatchback,Yes,No,Low,No
2675,26,64584,18.9,2,7,7,4,Female,Urban,SUV,No,Yes,Low,No
2676,40,93562,31,2,8,16,5,Male,Urban,SUV,No,Yes,Low,Yes
2677,56,92683,23.1,2,4,19,5,Male,Urban,Sedan,No,Yes,Low,Yes
2678,54,44909,9.5,2,0,3,4,Female,Suburban,Sedan,Yes,No,Low,No
2679,27,130815,56.1,1,4,4,1,Female,Urban,Sedan,No,No,Medium,No
2680,64,113361,50.1,2,0,9,5,Female,Suburban,Sedan,Yes,Yes,Low,Yes
2681,38,44625,5,2,0,0,1,Male,Rural,Hatchback,Yes,Yes,Low,No
2682,33,84887,5,2,0,0,1,Female,Rural,Hatchback,Yes,Yes,Low,No
2683,27,72270,25.8,2,5,8,1,Male,Urban,SUV,No,No,Low,No
2684,52,102781,16.1,2,3,5,2,Female,Suburban,SUV,Yes,Yes,Low,No
2685,36,64713,45.3,1,13,14,2,Male,Urban,SUV,No,No,Low,No
2686,55,105722,44.8,1,3,16,3,Female,Urban,Sedan,Yes,Yes,Low,No
2687,42,61458,56.8,1,0,3,4,Female,Rural,SUV,Yes,Yes,Low,No
2688,52,78871,48.1,1,6,2,4,Female,Suburban,SUV,Yes,Yes,Low,No
2689,59,113390,36.1,2,11,13,5,Male,Urban,Sedan,No,Yes,Low,No
2690,32,30000,48.2,2,3,19,3,Male,Urban,Truck,No,No,Low,No
2691,27,104614,80.3,2,0,3,1,Female,Rural,Sedan,No,No,High,No
2692,37,129990,55.6,3,6,7,5,Male,Suburban,Sedan,Yes,Yes,Low,Yes
2693,62,101877,12.8,2,4,3,5,Female,Urban,Sedan,Yes,No,Low,No
2694,47,78815,25.7,1,3,3,5,Female,Urban,Truck,Yes,Yes,Low,No
2695,65,58187,46.8,2,11,19,4,Male,Urban,Sedan,Yes,Yes,Low,No
2696,37,77266,41.4,1,4,6,2,Male,Urban,Sedan,No,Yes,Medium,No
2697,45,30000,42.6,1,14,3,2,Male,Urban,Sedan,No,Yes,Low,No
2698,43,73947,39.6,1,7,8,3,Male,Urban,Sedan,Yes,No,Low,No
2699,67,111033,5,1,5,3,3,Male,Suburban,Sedan,Yes,Yes,Low,No
2700,48,94976,5,1,5,5,3,Male,Suburban,SUV,Yes,Yes,Low,No
2701,62,73939,56.9,2,5,19,2,Male,Urban,Hatchback,No,No,Low,No
2702,50,110851,34.7,2,11,8,2,Male,Urban,SUV,No,No,Medium,No
2703,68,68886,19.4,2,3,1,1,Male,Suburban,Sedan,Yes,Yes,Low,No
2704,50,30000,43.2,2,0,7,4,Male,Suburban,Sedan,Yes,No,Low,No
2705,46,71295,5,1,7,9,2,Female,Suburban,SUV,Yes,Yes,Low,No
2706,35,112440,49.2,1,2,3,1,Male,Urban,Hatchback,Yes,Yes,Low,No
2707,37,92797,35.7,1,10,13,3,Male,Urban,Sedan,No,No,Medium,No
2708,31,75946,36.4,3,9,18,5,Female,Urban,Sedan,No,Yes,Low,No
2709,63,95793,46.7,1,4,3,5,Female,Suburban,Sedan,Yes,Yes,Low,No
2710,63,94445,23.5,1,4,9,2,Female,Suburban,SUV,No,Yes,Low,No
2711,30,101041,30.1,1,12,5,1,Female,Urban,Sedan,Yes,Yes,Low,No
2712,62,107778,5,1,5,9,4,Male,Urban,Sedan,Yes,No,Low,No
2713,26,68886,22,1,11,15,5,Male,Urban,SUV,No,Yes,Low,No
2714,67,30000,57.4,1,6,1,4,Male,Suburban,Sedan,No,No,Medium,No
2715,52,94338,32,1,4,8,1,Male,Suburban,Sedan,Yes,No,Low,No
2716,49,90557,5,3,8,13,2,Male,Urban,Hatchback,No,Yes,Low,No
2717,59,76672,44.9,2,14,16,2,Male,Urban,Sedan,No,No,Low,No
2718,39,30000,48.7,2,0,8,1,Female,Suburban,Sedan,Yes,No,Low,No
2719,60,64557,34.2,1,12,6,5,Female,Urban,Sedan,No,No,Medium,No
2720,54,113826,37.8,2,1,2,1,Male,Rural,Truck,Yes,No,Low,No
2721,30,123375,58.8,1,4,7,1,Male,Urban,Hatchback,No,Yes,Low,No
2722,45,119449,5,1,1,2,2,Female,Rural,SUV,No,Yes,Low,No
2723,25,74568,5,2,5,4,2,Male,Suburban,Sedan,Yes,No,Low,No
2724,57,51790,5,2,12,9,1,Male,Urban,SUV,No,Yes,Medium,No
2725,67,57581,5,2,3,10,3,Male,Urban,Sedan,No,No,Low,No
2726,62,59962,45.4,3,6,4,1,Male,Urban,Sedan,No,No,Low,No
2727,53,71627,5,1,9,7,3,Female,Urban,Sedan,Yes,No,Low,No
2728,57,69235,5,2,1,2,4,Female,Rural,Sedan,Yes,Yes,Low,No
2729,60,30000,52,2,12,17,1,Female,Urban,SUV,No,No,Low,No
2730,69,64745,49.3,2,2,8,1,Female,Suburban,Sedan,Yes,No,Low,No
2731,61,138077,51.8,2,1,4,2,Male,Suburban,Sedan,Yes,Yes,Low,No
2732,45,109048,62,3,6,3,1,Female,Suburban,SUV,Yes,Yes,Low,No
2733,39,155970,38.5,2,3,5,5,Female,Suburban,Sedan,Yes,Yes,Low,No
2734,32,102653,57.5,1,12,5,5,Male,Urban,Sedan,No,Yes,Low,Yes
2735,50,124848,46.1,2,5,8,1,Male,Urban,SUV,Yes,Yes,Low,No
2736,69,68439,56.7,1,6,3,5,Female,Suburban,SUV,Yes,Yes,Low,Yes
2737,36,72949,56.1,2,7,19,3,Male,Urban,Truck,No,Yes,Low,No
2738,51,104090,41.2,2,8,13,4,Male,Urban,SUV,No,Yes,Low,No
2739,52,96419,49.6,2,3,7,4,Male,Suburban,SUV,Yes,Yes,Low,No
2740,40,69998,58.7,2,5,11,3,Female,Urban,Sedan,No,Yes,Low,No
2741,51,95720,20.7,1,0,5,5,Male,Suburban,SUV,Yes,No,Low,No
2742,58,121363,11.2,1,3,7,4,Female,Suburban,Hatchback,Yes,No,Low,No
2743,30,104795,48.4,3,1,3,1,Male,Rural,Truck,Yes,Yes,Low,No
2744,27,148825,16.3,2,14,15,4,Female,Urban,SUV,Yes,No,Low,No
2745,47,46799,58.3,3,3,15,4,Male,Urban,Sedan,Yes,No,Low,No
2746,35,77575,5,1,4,8,5,Male,Suburban,Hatchback,Yes,Yes,Low,Yes
2747,56,101714,37.2,2,0,6,2,Male,Suburban,Sedan,Yes,Yes,Low,No
2748,68,111232,27.9,1,9,18,1,Female,Urban,Sedan,No,No,Low,No
2749,26,90493,45.9,1,0,6,4,Male,Suburban,Sedan,No,No,Medium,No
2750,27,86091,41.9,2,0,8,1,Female,Suburban,SUV,Yes,Yes,Low,No
2751,69,113957,43.8,1,2,12,5,Other,Urban,SUV,No,Yes,Low,Yes
2752,39,71095,22.2,1,2,2,1,Male,Rural,SUV,Yes,No,Low,No
2753,64,79868,47.2,2,2,7,2,Male,Suburban,Sedan,No,Yes,Low,No
2754,25,115181,33.4,1,13,12,1,Male,Urban,Sedan,Yes,No,Low,No
2755,29,67715,44.6,2,1,3,3,Male,Rural,Sedan,Yes,No,Low,No
2756,31,30000,29.8,2,4,8,2,Female,Suburban,SUV,Yes,Yes,Low,No
2757,42,109964,11.5,2,11,10,1,Male,Urban,Hatchback,Yes,No,Low,No
2758,44,82911,55.6,3,2,2,1,Male,Rural,Hatchback,Yes,Yes,Low,No
2759,44,80728,44,3,0,3,5,Female,Rural,SUV,Yes,Yes,Low,Yes
2760,29,62366,48.5,1,1,6,1,Female,Suburban,SUV,No,No,Medium,No
2761,29,121378,47.9,1,2,1,3,Female,Rural,Sedan,Yes,No,Low,No
2762,48,79087,47.4,2,5,8,2,Male,Suburban,Sedan,No,Yes,Low,No
2763,53,79411,60.5,1,10,17,4,Male,Urban,SUV,Yes,No,Low,No
2764,62,60417,5,2,9,7,2,Male,Urban,Sedan,No,Yes,Low,No
2765,45,107814,35.6,1,2,8,4,Male,Suburban,Hatchback,Yes,Yes,Low,Yes
2766,36,64505,5,1,4,7,2,Male,Suburban,Sedan,Yes,No,Low,No
2767,53,126955,67.5,2,3,3,1,Male,Suburban,SUV,Yes,Yes,Low,No
2768,39,55717,5,2,6,4,1,Male,Suburban,Sedan,Yes,No,Low,No
2769,51,30000,52.2,1,3,10,1,Male,Urban,SUV,No,No,Medium,No
2770,57,104635,43.2,2,1,0,2,Male,Rural,Sedan,Yes,Yes,Low,No
2771,35,30000,22.5,2,1,3,2,Female,Rural,SUV,Yes,No,Low,No
2772,33,122876,32.8,1,1,5,4,Female,Suburban,Sedan,Yes,No,Low,No
2773,66,66929,47.7,2,1,1,5,Male,Rural,Hatchback,Yes,Yes,Low,Yes
2774,56,87634,5,1,3,11,2,Male,Urban,Hatchback,Yes,No,Low,No
2775,62,30000,53.2,2,2,0,3,Male,Rural,Hatchback,Yes,Yes,Low,No
2776,62,143032,55.2,2,1,7,2,Male,Suburban,Hatchback,Yes,Yes,Low,No
2777,44,121954,42.3,2,9,8,1,Male,Urban,Sedan,No,Yes,Low,No
2778,55,128467,46.9,3,3,9,5,Female,Suburban,SUV,Yes,No,Low,No
2779,46,112985,50.9,2,4,1,2,Male,Suburban,Sedan,Yes,Yes,Low,Yes
2780,34,30000,21.1,2,9,8,1,Female,Urban,Sedan,No,Yes,Low,No
2781,46,95813,50.7,2,4,6,1,Female,Suburban,SUV,Yes,Yes,Low,No
2782,43,121075,17.8,1,1,1,5,Female,Rural,Sedan,Yes,Yes,Low,Yes
2783,50,121896,37.3,1,7,14,3,Male,Urban,Sedan,No,No,Low,No
2784,49,64916,5,1,1,9,5,Female,Suburban,Sedan,No,Yes,Medium,No
2785,43,154059,52.2,2,7,4,4,Female,Suburban,Sedan,Yes,No,Low,No
2786,62,83615,43.8,2,9,19,3,Female,Urban,Hatchback,No,Yes,Low,No
2787,37,102898,40.4,2,2,1,2,Female,Rural,Sedan,Yes,Yes,Low,No
2788,41,113743,44.6,2,2,9,5,Female,Suburban,Sedan,Yes,Yes,Low,Yes
2789,28,72816,48.1,2,3,9,3,Male,Suburban,Hatchback,Yes,No,Low,No
2790,43,63610,17.3,2,14,5,4,Female,Urban,Sedan,Yes,No,Low,No
2791,43,74287,25.1,1,2,2,4,Female,Rural,Sedan,Yes,Yes,Low,Yes
2792,52,95872,43.2,3,9,7,1,Male,Urban,SUV,No,No,Low,No
2793,58,122345,29,1,3,6,4,Female,Suburban,SUV,No,No,Medium,No
2794,45,89327,5,1,3,8,2,Male,Suburban,Sedan,Yes,No,Low,No
2795,59,30000,5,1,1,3,3,Male,Suburban,SUV,Yes,Yes,Low,No
2796,29,114028,29.1,3,11,14,5,Male,Urban,Sedan,Yes,Yes,Low,Yes
2797,49,70597,54,1,7,3,1,Male,Suburban,SUV,Yes,Yes,Low,No
2798,34,137855,49.5,2,2,2,2,Male,Rural,Sedan,Yes,No,Low,No
2799,69,77157,45.6,2,0,1,3,Male,Rural,Sedan,Yes,No,Low,No
2800,40,56513,51.3,1,0,0,3,Male,Rural,Hatchback,No,No,Medium,No
2801,60,94274,24,1,3,11,4,Female,Urban,Sedan,No,No,Low,No
2802,28,74033,5,1,3,8,1,Male,Suburban,SUV,Yes,Yes,Low,No
2803,28,89956,18.5,1,6,3,4,Female,Suburban,Sedan,No,No,Low,No
2804,67,84917,45.6,1,7,1,1,Female,Suburban,Hatchback,Yes,Yes,Low,No
2805,26,91201,50.7,3,6,7,3,Female,Suburban,SUV,Yes,Yes,Low,No
2806,58,94036,34.3,1,1,7,3,Female,Suburban,Sedan,Yes,Yes,Low,Yes
2807,67,82460,57.2,3,2,18,2,Female,Urban,SUV,Yes,No,Low,No
2808,60,47841,5,2,5,5,4,Female,Urban,SUV,Yes,Yes,Low,No
2809,65,95969,46,2,0,6,4,Male,Suburban,Sedan,Yes,Yes,Low,No
2810,57,82451,5,1,6,14,2,Female,Urban,SUV,Yes,Yes,Low,No
2811,27,119658,45.4,1,5,8,1,Female,Urban,Sedan,No,No,Low,No
2812,48,65800,64.8,1,5,19,3,Male,Urban,SUV,Yes,No,Low,No
2813,50,104860,71.4,1,2,2,3,Female,Rural,Sedan,Yes,No,Low,No
2814,49,93857,21.9,3,5,9,1,Male,Urban,Sedan,No,No,Low,No
2815,39,124835,21.8,2,1,8,1,Male,Suburban,Sedan,Yes,Yes,Low,No
2816,66,113933,13.2,1,7,16,4,Female,Urban,SUV,No,Yes,Low,Yes
2817,46,78405,32.4,1,5,7,3,Male,Suburban,SUV,Yes,No,Low,No
2818,63,49329,50.3,1,6,6,2,Female,Urban,Sedan,No,Yes,Low,No
2819,42,85586,49.7,1,0,4,3,Male,Suburban,SUV,Yes,No,Low,No
2820,48,78840,56.1,2,5,4,5,Female,Suburban,Sedan,Yes,Yes,Low,Yes
2821,69,97655,46.1,1,1,7,4,Male,Suburban,Sedan,Yes,Yes,Low,No
2822,48,72410,5,1,2,1,2,Female,Rural,Truck,Yes,No,Low,No
2823,32,65738,5,1,4,9,3,Male,Suburban,Sedan,Yes,Yes,Low,No
2824,29,119040,50.5,3,5,9,5,Male,Suburban,Sedan,Yes,Yes,Low,Yes
2825,49,51483,38.6,2,7,14,4,Male,Urban,Hatchback,Yes,No,Low,No
2826,69,91987,15.1,1,4,7,5,Female,Urban,Sedan,No,Yes,Low,Yes
2827,65,51824,49.3,3,6,9,3,Male,Suburban,SUV,Yes,No,Low,No
2828,67,73500,5,1,5,14,3,Male,Urban,Hatchback,No,No,Low,No
2829,37,83367,58.4,3,7,4,4,Male,Suburban,Truck,Yes,No,Low,No
2830,68,53414,34.8,2,8,11,1,Male,Urban,Hatchback,No,No,Low,No
2831,50,86204,36.7,2,0,2,2,Male,Rural,Sedan,Yes,Yes,Low,No
2832,61,30000,31.9,2,13,19,5,Male,Urban,Sedan,No,Yes,Low,No
2833,49,30000,5,2,7,7,5,Female,Suburban,Sedan,Yes,No,Low,No
2834,69,74052,33.4,2,4,7,1,Male,Suburban,SUV,Yes,Yes,Low,Yes
2835,62,121053,55.6,1,4,18,5,Female,Urban,Sedan,Yes,Yes,Low,Yes
2836,45,110150,5,2,12,4,2,Male,Urban,SUV,No,No,Low,No
2837,47,30000,48.2,1,6,14,2,Female,Urban,Hatchback,Yes,No,Low,No
2838,53,95850,39.4,2,4,9,2,Male,Suburban,Truck,Yes,No,Low,No
2839,47,56521,34.7,1,14,16,2,Female,Urban,Truck,Yes,Yes,Low,No
2840,28,125038,45,1,0,3,5,Female,Rural,Sedan,Yes,Yes,Low,Yes
2841,35,109703,32.3,2,14,19,4,Male,Urban,Sedan,No,Yes,Low,No
2842,64,72760,5,2,0,4,1,Female,Suburban,SUV,Yes,Yes,Low,No
2843,56,30000,5,2,4,7,2,Male,Suburban,Sedan,Yes,Yes,Low,No
2844,59,59192,43.5,2,12,12,4,Female,Urban,SUV,No,Yes,Medium,No
2845,55,90519,20.9,1,6,7,5,Female,Suburban,SUV,Yes,Yes,Low,Yes
2846,47,126746,5,1,0,1,1,Male,Rural,Sedan,Yes,Yes,Low,No
2847,36,101152,7.4,2,14,7,5,Male,Urban,Sedan,No,No,Low,No
2848,42,43898,52.3,3,10,5,4,Female,Urban,Sedan,Yes,No,Low,No
2849,42,121387,29.7,1,5,3,5,Male,Suburban,Sedan,Yes,Yes,Low,Yes
2850,62,94589,53.8,1,7,3,5,Female,Suburban,Truck,Yes,No,Low,No
2851,41,92642,33.4,1,1,4,1,Female,Suburban,Sedan,No,No,Medium,No
2852,69,65847,30,2,5,6,3,Female,Suburban,Sedan,Yes,No,Low,No
2853,54,106393,5,2,2,2,1,Male,Rural,Truck,Yes,Yes,Low,No
2854,68,53674,54.6,1,5,3,1,Male,Urban,SUV,No,No,Medium,No
2855,48,99622,56,2,13,16,3,Male,Urban,SUV,No,Yes,Low,No
2856,29,81929,17.3,2,5,7,5,Female,Urban,SUV,No,Yes,Low,Yes
2857,28,109194,5,2,14,9,5,Female,Urban,SUV,No,Yes,Low,Yes
2858,62,90198,37.5,1,2,8,4,Male,Suburban,Hatchback,Yes,No,Low,No
2859,37,146064,50.5,3,0,6,1,Female,Suburban,Sedan,Yes,No,Low,No
2860,56,105580,29.7,1,12,8,5,Female,Urban,Sedan,No,No,Low,No
2861,34,83622,15.1,1,3,19,4,Female,Urban,SUV,No,Yes,Low,No
2862,27,152850,5,4,1,5,5,Female,Suburban,SUV,Yes,Yes,Low,Yes
2863,55,125870,48.4,3,0,2,4,Male,Rural,Sedan,Yes,No,Low,No
2864,52,106065,31,2,2,6,1,Female,Suburban,Hatchback,Yes,Yes,Low,No
2865,25,60401,42.1,1,8,6,3,Male,Urban,Sedan,Yes,Yes,Low,No
2866,48,94338,34.2,1,5,5,3,Male,Suburban,Sedan,Yes,Yes,Low,No
2867,36,78911,54.2,4,3,4,3,Female,Suburban,Sedan,No,Yes,Medium,No
2868,34,74472,31,2,8,10,2,Male,Urban,SUV,No,Yes,Low,No
2869,67,30000,20.7,1,7,4,4,Female,Suburban,Sedan,No,No,Medium,No
2870,40,92660,42.8,2,4,17,3,Male,Urban,SUV,No,No,Low,No
2871,33,71841,5,2,5,9,3,Male,Urban,SUV,No,Yes,Low,No
2872,50,81159,42.2,3,3,3,4,Male,Suburban,Sedan,Yes,Yes,Low,Yes
2873,28,93957,5,2,6,4,1,Male,Suburban,SUV,Yes,Yes,Low,No
2874,29,83533,5,2,7,5,5,Female,Urban,Sedan,Yes,Yes,Low,No
2875,37,30000,36.6,2,13,8,3,Female,Urban,Sedan,No,Yes,Low,No
2876,45,76983,27.2,1,13,13,2,Female,Urban,SUV,Yes,No,Low,No
2877,62,59845,48.1,2,2,3,1,Female,Rural,SUV,Yes,Yes,Low,No
2878,32,92645,21.8,1,0,9,5,Female,Suburban,Hatchback,Yes,Yes,Low,Yes
2879,55,123832,52.1,2,8,5,1,Male,Urban,Sedan,No,Yes,Low,No
2880,40,30000,5,2,7,4,3,Female,Urban,SUV,Yes,Yes,Low,No
2881,28,153682,36.8,2,7,16,3,Male,Urban,SUV,No,No,Low,No
2882,51,75828,58.5,2,5,9,3,Male,Suburban,Truck,No,Yes,Medium,No
2883,45,131068,44.3,1,1,2,5,Female,Rural,SUV,Yes,Yes,Low,Yes
2884,46,73538,43.2,2,1,2,1,Male,Rural,SUV,Yes,No,Low,No
2885,51,83622,38.8,2,11,14,4,Male,Urban,Sedan,No,No,Low,No
2886,62,56891,22.8,2,2,1,3,Male,Rural,SUV,Yes,Yes,Low,No
2887,42,79803,27.6,2,1,4,2,Female,Suburban,Sedan,Yes,Yes,Low,No
2888,47,127763,31.3,1,8,9,3,Male,Urban,SUV,Yes,No,Low,No
2889,41,30000,45.9,1,4,10,1,Male,Urban,Sedan,Yes,Yes,Low,No
2890,69,91762,56,2,1,3,4,Female,Suburban,Sedan,Yes,Yes,Low,Yes
2891,60,97949,21.8,3,3,9,4,Male,Suburban,SUV,Yes,Yes,Low,Yes
2892,26,79562,41.9,2,4,9,3,Female,Suburban,SUV,Yes,Yes,Low,Yes
2893,68,82790,5,2,1,3,1,Female,Suburban,Sedan,Yes,Yes,Low,No
2894,49,73646,48.7,1,11,5,1,Male,Urban,Hatchback,No,Yes,Medium,No
2895,42,82670,27.6,3,2,3,2,Male,Rural,SUV,Yes,Yes,Low,No
2896,27,84535,22.8,1,3,4,2,Male,Suburban,Truck,Yes,Yes,Low,No
2897,37,143920,5,3,6,4,1,Male,Suburban,Sedan,Yes,Yes,Low,No
2898,38,91209,32.4,1,2,3,1,Male,Suburban,SUV,Yes,Yes,Low,No
2899,68,64714,32.7,1,6,6,4,Male,Urban,SUV,No,No,Low,No
2900,54,30000,5,2,12,17,1,Female,Urban,SUV,No,Yes,Low,No
2901,42,67890,49.2,2,3,3,3,Male,Urban,Sedan,No,Yes,Medium,No
2902,44,81267,5,1,0,4,3,Female,Suburban,Sedan,Yes,No,Low,No
2903,42,101036,13.7,3,2,8,4,Male,Urban,SUV,Yes,No,Low,No
2904,68,95938,50.7,1,7,9,1,Other,Suburban,Sedan,Yes,Yes,Low,No
2905,58,114836,54.4,2,6,7,2,Female,Suburban,Truck,Yes,No,Low,No
2906,58,76678,52,2,2,2,4,Male,Rural,Sedan,Yes,No,Low,No
2907,52,63682,61.9,1,7,16,1,Female,Urban,Sedan,Yes,No,Low,No
2908,38,67966,36.4,2,4,3,2,Female,Urban,SUV,No,Yes,Medium,No
2909,54,46629,49.5,2,2,3,5,Male,Suburban,Sedan,Yes,No,Low,No
2910,34,90422,35.4,1,9,16,1,Male,Urban,SUV,No,No,Medium,No
2911,48,54878,64.9,1,0,3,1,Female,Rural,Hatchback,Yes,Yes,Low,No
2912,64,82945,5,2,0,8,2,Male,Suburban,SUV,Yes,No,Low,No
2913,49,66492,33.1,1,2,4,1,Male,Urban,SUV,No,Yes,Medium,No
2914,58,84853,5,1,3,7,2,Female,Suburban,Sedan,Yes,Yes,Low,No
2915,69,97645,45.9,1,4,12,5,Male,Urban,SUV,No,Yes,Medium,Yes
2916,48,125064,5,1,2,4,5,Male,Urban,Sedan,Yes,Yes,Low,Yes
2917,67,96418,5,3,7,10,4,Male,Urban,SUV,No,Yes,Low,Yes
2918,62,86909,50.7,1,1,4,2,Female,Suburban,SUV,Yes,Yes,Low,No
2919,68,65792,44.4,2,1,9,4,Female,Suburban,Truck,No,No,Medium,No
2920,49,121697,5,2,5,2,1,Male,Suburban,Sedan,Yes,Yes,Low,No
2921,69,39396,53.3,2,9,17,5,Male,Urban,SUV,No,Yes,Low,No
2922,66,56798,38,2,2,1,1,Male,Rural,Sedan,Yes,Yes,Low,No
2923,48,125905,47.5,1,6,6,4,Male,Suburban,SUV,Yes,No,Low,No
2924,67,97954,43.5,2,3,1,5,Male,Suburban,Sedan,Yes,Yes,Low,No
2925,54,54729,30.7,2,1,2,1,Female,Rural,SUV,Yes,Yes,Low,No
2926,35,66987,36.8,1,4,3,4,Male,Suburban,SUV,Yes,Yes,Low,No
2927,42,91289,5,2,2,4,5,Female,Suburban,Sedan,Yes,Yes,Low,No
2928,30,125050,46.4,2,9,16,2,Male,Urban,Truck,No,Yes,Low,No
2929,30,77421,15,4,7,3,1,Male,Urban,SUV,No,No,Low,No
2930,42,91362,30.3,3,11,5,2,Male,Urban,Hatchback,Yes,Yes,Low,No
2931,36,83682,28.7,3,5,5,5,Female,Urban,Sedan,No,No,Medium,No
2932,54,30000,32.8,2,0,1,5,Male,Rural,Hatchback,No,No,Medium,No
2933,42,69340,48.3,1,4,19,3,Female,Urban,Sedan,Yes,No,Low,No
2934,61,92384,17.1,2,13,8,4,Female,Urban,SUV,No,No,Low,No
2935,50,80777,11.7,2,4,15,2,Female,Urban,Sedan,Yes,Yes,Low,No
2936,43,127934,53.3,2,11,9,1,Male,Urban,SUV,No,No,Medium,No
2937,64,84942,49.8,1,7,2,2,Female,Suburban,SUV,No,Yes,High,No
2938,41,98578,13.5,2,9,8,3,Male,Urban,Sedan,Yes,No,Low,No
2939,27,112110,70.6,1,0,1,4,Male,Rural,Sedan,Yes,Yes,Low,No
2940,50,114444,27.1,1,8,15,4,Male,Urban,Sedan,No,Yes,Low,No
2941,34,146423,46.4,2,2,0,5,Female,Rural,SUV,Yes,Yes,Low,Yes
2942,54,152758,31.3,2,0,3,2,Male,Rural,Sedan,Yes,Yes,Low,No
2943,52,64417,44.4,2,13,15,5,Female,Urban,SUV,Yes,Yes,Low,No
2944,56,109496,54.6,2,3,5,1,Male,Suburban,SUV,No,Yes,Low,No
2945,34,30000,55.6,2,7,13,1,Female,Urban,Sedan,No,Yes,Medium,No
2946,39,30000,5,2,0,1,1,Female,Rural,SUV,Yes,Yes,Low,No
2947,59,68769,28.1,3,8,6,3,Female,Urban,Sedan,No,Yes,Low,No
2948,26,105796,49.4,1,14,14,3,Male,Urban,SUV,Yes,Yes,Low,No
2949,57,71714,57.4,2,3,8,2,Female,Urban,SUV,Yes,Yes,Low,No
2950,28,121293,54.5,2,10,15,4,Male,Urban,Sedan,No,Yes,Low,No
2951,39,132710,36.8,1,9,7,2,Male,Urban,Sedan,No,No,Low,No
2952,54,90968,17.5,1,11,13,4,Female,Urban,Sedan,Yes,No,Low,No
2953,32,81686,56.8,1,5,2,2,Male,Suburban,Hatchback,Yes,Yes,Low,No
2954,56,126744,39.4,1,4,5,1,Female,Suburban,SUV,Yes,No,Low,No
2955,58,83536,37.7,2,2,7,2,Male,Urban,SUV,No,Yes,Medium,No
2956,34,118857,41.6,3,4,3,4,Female,Suburban,SUV,Yes,No,Low,No
2957,35,94469,25.1,3,14,12,3,Male,Urban,SUV,Yes,Yes,Low,No
2958,31,136057,32.7,1,5,8,3,Female,Suburban,Sedan,No,Yes,Low,Yes
2959,55,53486,48.5,1,1,1,1,Female,Rural,Sedan,Yes,No,Low,No
2960,46,83615,23.6,3,0,1,4,Male,Rural,Sedan,Yes,Yes,Low,No
2961,54,99853,5,2,12,19,1,Male,Urban,Sedan,Yes,Yes,Low,No
2962,31,75790,24,1,6,5,4,Male,Urban,Sedan,No,Yes,Medium,No
2963,33,78407,58.4,2,5,5,4,Male,Suburban,SUV,Yes,Yes,Low,Yes
2964,59,148883,60.1,1,11,18,5,Female,Urban,Sedan,No,No,Low,No
2965,30,65800,5,1,3,3,1,Male,Suburban,Sedan,Yes,No,Low,No
2966,48,82436,20.3,2,4,6,1,Male,Suburban,SUV,Yes,No,Low,No
2967,35,72683,48.5,2,6,7,3,Male,Suburban,Sedan,Yes,No,Low,No
2968,51,56935,53.1,1,5,6,4,Male,Urban,SUV,No,No,Medium,No
2969,31,30000,5,1,2,0,2,Female,Rural,Hatchback,Yes,Yes,Low,No
2970,53,56830,54.5,3,2,3,2,Male,Rural,SUV,Yes,Yes,Low,No
2971,52,82817,40.6,2,11,14,2,Male,Urban,SUV,No,Yes,Low,No
2972,45,71608,5,2,7,5,4,Female,Suburban,Truck,Yes,Yes,Low,Yes
2973,44,103532,40.5,1,6,18,4,Female,Urban,SUV,No,Yes,Low,Yes
2974,38,117626,39.4,2,11,5,1,Male,Urban,Sedan,No,Yes,Low,No
2975,30,63428,57.7,2,12,3,2,Male,Urban,Sedan,No,Yes,Medium,No
2976,45,61171,12.1,1,8,3,1,Male,Urban,SUV,Yes,Yes,Low,No
2977,68,49710,5,4,4,3,5,Female,Suburban,Truck,Yes,Yes,Low,No
2978,25,87953,5,3,3,4,5,Female,Suburban,SUV,Yes,Yes,Low,No
2979,46,30000,5,1,5,8,4,Female,Suburban,Sedan,Yes,Yes,Low,No
2980,68,73947,47.4,1,1,6,1,Female,Suburban,Hatchback,Yes,Yes,Low,No
2981,59,103532,34.5,1,5,1,4,Female,Suburban,SUV,Yes,Yes,Low,Yes
2982,42,30000,28.5,2,2,5,5,Male,Suburban,Hatchback,Yes,Yes,Low,Yes
2983,67,56891,32.8,2,2,3,2,Female,Rural,SUV,No,Yes,Medium,No
2984,54,60470,60,2,14,17,3,Female,Urban,Sedan,Yes,Yes,Low,No
2985,31,52324,24.5,4,7,4,1,Female,Suburban,Sedan,Yes,No,Low,No
2986,38,98376,5,3,6,2,2,Female,Suburban,SUV,Yes,Yes,Low,Yes
2987,55,82440,31,1,4,4,5,Female,Urban,Sedan,Yes,Yes,Low,No
2988,58,30000,31.7,3,7,14,3,Male,Urban,SUV,Yes,Yes,Low,No
2989,59,30000,37.3,2,1,1,4,Male,Rural,Hatchback,Yes,No,Low,No
2990,47,81408,26,3,7,9,2,Female,Suburban,Hatchback,Yes,No,Low,No
2991,68,30000,53.3,2,7,7,3,Female,Suburban,Sedan,Yes,No,Low,No
2992,66,102879,28.7,2,1,0,3,Male,Rural,Sedan,Yes,Yes,Low,No
2993,66,96739,21.3,2,3,7,4,Male,Suburban,SUV,Yes,No,Low,No
2994,52,81051,32.8,2,1,7,1,Male,Suburban,Hatchback,Yes,Yes,Low,No
2995,53,53598,13.8,2,10,6,5,Male,Urban,SUV,No,No,Low,No
2996,25,102042,25.9,2,7,4,3,Female,Suburban,Hatchback,No,Yes,Medium,No
2997,67,121797,44.7,2,1,5,4,Male,Suburban,Hatchback,Yes,No,Low,No
2998,35,83059,28.7,1,2,3,3,Female,Rural,SUV,Yes,Yes,Low,No
2999,36,94878,55.3,1,1,3,1,Male,Rural,SUV,Yes,Yes,Low,No
3000,46,92230,67.6,2,1,5,3,Female,Suburban,SUV,Yes,No,Medium,No
3001,54,64417,37.1,2,14,12,4,Male,Urban,Sedan,No,No,Low,No
3002,55,132932,56,1,5,6,5,Female,Urban,Sedan,Yes,Yes,Low,Yes
3003,55,111729,5,2,2,18,5,Male,Urban,Sedan,No,Yes,Low,Yes
3004,43,85878,28.8,1,0,3,3,Female,Rural,Sedan,Yes,Yes,Low,No
3005,35,64468,5,1,7,11,3,Female,Urban,SUV,Yes,Yes,Low,No
3006,55,125619,5,2,3,5,5,Female,Urban,Sedan,Yes,Yes,Low,Yes
3007,51,80181,57.9,2,7,17,3,Female,Urban,SUV,Yes,No,Low,No
3008,58,95720,5,1,2,6,4,Male,Suburban,SUV,Yes,Yes,Low,Yes
3009,37,107839,26.2,2,7,9,3,Male,Suburban,Truck,Yes,Yes,Low,No
3010,44,80595,25,1,0,3,4,Male,Rural,Sedan,Yes,Yes,Low,No
3011,50,78272,31.7,2,1,8,5,Female,Suburban,SUV,Yes,Yes,Low,Yes
3012,62,133382,22.8,3,9,18,4,Female,Urban,SUV,Yes,Yes,Low,Yes
3013,32,96709,5,2,6,4,2,Female,Suburban,SUV,Yes,Yes,Low,No
3014,37,100387,17.3,1,14,14,5,Female,Urban,SUV,No,Yes,Low,Yes
3015,39,125813,36.2,3,4,9,3,Male,Suburban,Sedan,Yes,No,Low,No
3016,42,77428,47,1,4,7,2,Female,Suburban,SUV,Yes,Yes,Low,No
3017,44,114057,37.1,2,14,3,3,Male,Urban,SUV,Yes,Yes,Low,No
3018,54,101467,56.6,2,6,16,4,Female,Urban,SUV,No,Yes,Low,Yes
3019,52,88439,22.4,2,12,16,4,Female,Urban,SUV,No,No,Low,No
3020,58,69920,22.1,3,0,3,5,Male,Suburban,Sedan,Yes,Yes,Low,Yes
3021,43,83410,25,2,6,7,4,Female,Suburban,Sedan,No,No,Low,No
3022,27,76940,5,1,5,9,4,Female,Urban,Sedan,Yes,Yes,Low,Yes
3023,48,110974,44.4,2,4,8,3,Female,Suburban,SUV,Yes,Yes,Low,No
3024,63,93872,57.5,2,6,5,1,Male,Suburban,SUV,Yes,Yes,Low,No
3025,53,71722,25.2,2,7,9,1,Male,Urban,Sedan,No,No,Low,No
3026,29,130597,26.6,1,1,2,5,Male,Rural,Sedan,Yes,No,Low,No
3027,67,53532,66.6,3,4,3,1,Female,Suburban,Sedan,No,No,Medium,No
3028,47,62391,5,1,8,6,2,Female,Urban,Sedan,No,No,Low,No
3029,64,82374,65.5,2,14,14,2,Female,Urban,Hatchback,No,No,Low,No
3030,65,133098,60.5,3,6,4,5,Male,Suburban,Sedan,Yes,Yes,Low,No
3031,56,94906,21.2,1,0,3,4,Female,Suburban,SUV,Yes,Yes,Low,No
3032,41,67838,48.1,1,7,8,2,Female,Suburban,Sedan,Yes,Yes,Low,No
3033,48,90190,5,1,7,7,4,Male,Suburban,Hatchback,Yes,Yes,Low,No
3034,35,84788,51,2,6,8,1,Female,Suburban,Sedan,Yes,Yes,Low,Yes
3035,63,86418,44.9,2,2,9,1,Male,Urban,Sedan,Yes,No,Low,No
3036,53,87061,61.6,3,14,16,2,Female,Urban,Sedan,No,Yes,Low,No
3037,28,123466,45.9,1,0,3,5,Female,Rural,Sedan,Yes,Yes,Low,Yes
3038,26,92372,52.3,2,7,4,3,Male,Suburban,SUV,Yes,No,Low,No
3039,40,73467,5,1,2,16,2,Female,Urban,SUV,Yes,Yes,Low,No
3040,59,92431,38.8,3,2,8,5,Male,Suburban,SUV,Yes,No,Low,No
3041,55,105722,46.6,2,5,17,5,Male,Urban,Truck,Yes,Yes,Low,Yes
3042,60,56835,35.6,2,7,7,2,Female,Suburban,Sedan,No,Yes,Medium,No
3043,29,62393,59.1,1,10,11,2,Female,Urban,Sedan,No,Yes,Low,No
3044,61,97741,34.3,1,5,7,1,Male,Suburban,Sedan,Yes,No,Low,No
3045,67,30000,19.4,1,2,5,4,Other,Suburban,SUV,Yes,Yes,Low,No
3046,26,53321,63.8,1,7,8,1,Male,Urban,SUV,Yes,Yes,Low,No
3047,41,84768,23.4,2,4,6,3,Male,Suburban,Sedan,Yes,Yes,Low,No
3048,41,112440,30.2,3,7,5,5,Male,Urban,Hatchback,No,Yes,Low,Yes
3049,37,77900,5,2,2,15,5,Female,Urban,Hatchback,No,Yes,Low,Yes
3050,51,91313,5,2,7,7,5,Female,Suburban,SUV,Yes,No,Low,No
3051,67,69434,54.6,1,0,3,3,Female,Rural,SUV,Yes,Yes,Low,No
3052,43,115753,41.2,2,8,13,2,Male,Urban,Sedan,No,No,Medium,No
3053,42,88765,48.9,1,2,4,5,Female,Suburban,Hatchback,Yes,Yes,Low,Yes
3054,29,107823,29.5,1,6,6,5,Male,Suburban,SUV,Yes,Yes,Low,Yes
3055,39,110403,5,3,6,5,5,Male,Suburban,Sedan,Yes,Yes,Low,Yes
3056,43,146811,51.8,2,1,5,5,Other,Suburban,Hatchback,Yes,Yes,Low,Yes
3057,36,86891,34.3,2,2,4,1,Other,Suburban,Sedan,Yes,Yes,Low,No
3058,64,63386,27.8,2,3,2,5,Male,Suburban,Sedan,Yes,No,Low,No
3059,50,70867,38.6,1,4,8,4,Male,Urban,Sedan,Yes,No,Low,No
3060,39,82460,52.8,3,5,5,3,Other,Suburban,SUV,Yes,Yes,Low,Yes
3061,62,61007,67.8,1,14,17,2,Male,Urban,SUV,Yes,No,Low,No
3062,61,83745,40.3,1,2,3,3,Male,Urban,SUV,Yes,Yes,Low,No
3063,44,67524,5,2,6,14,5,Male,Urban,SUV,No,Yes,Low,Yes
3064,57,92887,16.1,2,3,12,4,Male,Urban,Hatchback,No,Yes,Low,Yes
3065,47,91347,22.1,2,13,19,1,Male,Urban,Sedan,Yes,Yes,Low,Yes
3066,69,78531,33.5,1,0,8,4,Male,Suburban,Truck,Yes,No,Low,No
3067,62,105950,55.6,2,7,17,2,Female,Urban,SUV,Yes,Yes,Low,No
3068,53,126537,5,1,6,19,5,Male,Urban,SUV,Yes,Yes,Low,Yes
3069,40,30000,5,2,11,3,3,Male,Urban,SUV,Yes,Yes,Low,No
3070,59,74195,42,1,2,3,5,Female,Suburban,Sedan,Yes,Yes,Low,Yes
3071,62,71259,38.1,1,3,7,3,Male,Suburban,Sedan,No,No,Medium,No
3072,35,113526,52.3,2,6,1,2,Female,Suburban,SUV,Yes,Yes,Low,No
3073,33,75528,17.3,2,5,6,4,Female,Suburban,Sedan,Yes,Yes,Low,No
3074,62,113911,62.8,2,8,12,4,Female,Urban,SUV,Yes,Yes,Low,Yes
3075,69,121296,50.3,2,2,18,4,Female,Urban,Sedan,Yes,Yes,Low,Yes
3076,67,60420,38.5,1,5,5,1,Female,Urban,Sedan,Yes,Yes,Low,No
3077,37,115976,46.6,1,1,7,1,Female,Suburban,Truck,Yes,Yes,Low,No
3078,51,55918,35.3,2,9,8,2,Male,Urban,SUV,No,Yes,Low,No
3079,54,30000,29.9,1,1,8,5,Male,Suburban,Sedan,Yes,Yes,Low,No
3080,34,30000,52.3,1,6,8,2,Male,Suburban,SUV,Yes,Yes,Low,No
3081,42,82870,5,1,3,9,4,Male,Suburban,Sedan,Yes,Yes,Low,No
3082,27,44735,48.4,1,6,16,4,Male,Urban,SUV,No,Yes,Low,Yes
3083,40,51804,51.8,1,4,8,2,Male,Suburban,SUV,Yes,Yes,Low,No
3084,68,121286,58.5,2,6,1,1,Male,Suburban,Hatchback,Yes,Yes,Low,No
3085,41,30000,5,2,6,2,2,Male,Suburban,Hatchback,Yes,No,Low,No
3086,59,79817,43.1,2,2,9,4,Male,Suburban,SUV,Yes,Yes,Low,No
3087,53,71020,5,1,10,18,4,Other,Urban,Sedan,No,No,Low,No
3088,35,56943,38.6,1,12,8,5,Female,Urban,Truck,No,No,Low,No
3089,50,152720,38.9,1,7,7,2,Male,Suburban,Sedan,Yes,No,Low,No
3090,52,30000,38.7,2,3,3,3,Male,Suburban,SUV,Yes,No,Low,No
3091,59,121860,39.9,1,14,15,3,Male,Urban,SUV,No,Yes,Low,No
3092,48,30000,21.7,2,11,14,2,Female,Urban,SUV,No,Yes,Low,No
3093,63,81155,35.3,1,9,19,1,Male,Urban,Truck,Yes,Yes,Low,No
3094,54,92880,37.9,2,0,5,5,Female,Suburban,SUV,Yes,Yes,Low,Yes
3095,48,99433,55.4,1,2,3,2,Male,Rural,SUV,Yes,No,Low,No
3096,68,120741,55.7,2,2,1,1,Female,Rural,Sedan,Yes,Yes,Low,No
3097,61,90544,36,1,0,3,1,Male,Suburban,Hatchback,Yes,Yes,Low,No
3098,32,61133,5,2,8,3,3,Male,Urban,SUV,Yes,Yes,Low,No
3099,60,72638,49.9,1,0,1,3,Female,Rural,Hatchback,Yes,No,Low,No
3100,45,68679,5,2,2,1,5,Female,Suburban,Sedan,Yes,Yes,Low,No
3101,48,93963,60.5,1,7,12,2,Male,Urban,Sedan,Yes,No,Low,No
3102,26,91628,21,2,1,4,1,Male,Suburban,SUV,Yes,Yes,Low,No
3103,57,124042,26.7,1,0,1,2,Male,Suburban,Sedan,Yes,No,Low,No
3104,29,83691,5,3,3,7,2,Female,Urban,SUV,No,Yes,Low,No
3105,34,108208,34,2,0,0,5,Male,Rural,Sedan,Yes,Yes,Low,Yes
3106,49,121697,18.1,2,6,8,5,Female,Urban,Sedan,Yes,Yes,Low,Yes
3107,67,66971,25.9,1,2,2,3,Female,Rural,SUV,Yes,No,Low,No
3108,40,81785,26.7,2,7,7,5,Male,Suburban,Sedan,Yes,Yes,Low,Yes
3109,31,81165,55.6,2,2,2,3,Female,Suburban,Sedan,Yes,Yes,Low,No
3110,56,95515,24,1,7,4,5,Male,Suburban,Sedan,No,No,Low,No
3111,46,82945,32.3,2,12,3,1,Male,Urban,Sedan,Yes,Yes,Low,No
3112,31,79777,5,2,3,9,4,Female,Suburban,SUV,Yes,No,Low,No
3113,53,80108,50.4,3,0,1,3,Male,Rural,Truck,Yes,No,Low,No
3114,39,136587,55.3,2,6,18,5,Male,Urban,Sedan,Yes,Yes,Low,Yes
3115,38,81880,5,2,5,10,4,Female,Urban,SUV,Yes,No,Low,No
3116,50,75723,54.5,1,2,3,4,Male,Rural,Sedan,Yes,Yes,Low,Yes
3117,28,71095,24.9,2,4,8,2,Female,Urban,Hatchback,Yes,Yes,Low,No
3118,30,88807,5,1,6,3,3,Female,Suburban,Sedan,Yes,No,Low,No
3119,41,63912,40.4,1,3,17,1,Female,Urban,SUV,Yes,Yes,Low,No
3120,39,64953,37.4,2,2,11,1,Female,Urban,Sedan,No,No,Low,No
3121,66,76959,83.5,1,5,6,1,Male,Suburban,SUV,No,No,High,No
3122,35,140855,33.5,2,10,16,1,Male,Urban,Hatchback,No,No,Low,No
3123,55,106424,27.5,3,2,6,2,Male,Urban,Hatchback,No,No,Medium,No
3124,59,137965,5,1,9,12,4,Male,Urban,Sedan,Yes,Yes,Low,Yes
3125,32,103601,26.8,1,0,3,4,Female,Rural,SUV,Yes,No,Low,No
3126,55,135300,38.6,1,6,8,3,Female,Suburban,Sedan,Yes,Yes,Low,No
3127,68,30000,13.1,2,9,18,3,Female,Urban,Sedan,Yes,Yes,Low,No
3128,33,30000,18.4,2,4,5,2,Female,Suburban,Truck,Yes,No,Low,No
3129,66,114593,5,2,5,17,1,Female,Urban,Hatchback,No,Yes,Low,No
3130,49,120741,45.8,2,6,7,4,Female,Urban,Sedan,Yes,No,Low,No
3131,69,82990,47.9,2,2,8,2,Male,Suburban,Sedan,No,No,Medium,No
3132,45,30000,5,1,14,4,3,Male,Urban,Sedan,No,Yes,Low,No
3133,61,93051,51.6,2,4,9,1,Male,Suburban,SUV,No,Yes,Medium,No
3134,32,115813,62.7,2,10,3,4,Male,Urban,SUV,No,Yes,High,No
3135,53,77266,58.2,2,2,1,1,Male,Rural,Sedan,Yes,Yes,Low,No
3136,61,55675,32.3,2,2,13,4,Male,Urban,Sedan,No,No,Medium,No
3137,41,61559,48.6,2,2,4,3,Female,Suburban,Sedan,Yes,Yes,Low,Yes
3138,41,157700,47,1,0,6,2,Male,Suburban,Hatchback,Yes,Yes,Low,No
3139,44,82903,5,2,2,1,4,Female,Rural,Hatchback,Yes,Yes,Low,No
3140,42,117626,5,1,6,1,5,Female,Suburban,Sedan,Yes,Yes,Low,Yes
3141,40,72676,16.6,1,5,5,5,Male,Suburban,SUV,Yes,Yes,Low,No
3142,40,62226,33.2,1,4,8,4,Female,Suburban,SUV,Yes,No,Low,No
3143,60,77274,21.2,1,9,16,1,Male,Urban,Sedan,No,No,Low,No
3144,69,92230,50.5,1,3,16,1,Female,Urban,Hatchback,No,No,Medium,No
3145,59,30000,25.5,1,5,1,4,Female,Suburban,Hatchback,Yes,No,Low,No
3146,31,134585,5,1,3,5,5,Male,Suburban,SUV,Yes,Yes,Low,Yes
3147,62,100893,29.8,2,4,8,4,Female,Suburban,Sedan,Yes,No,Low,No
3148,28,95896,58.3,1,8,14,3,Male,Urban,Truck,Yes,Yes,Low,Yes
3149,49,110720,64.9,1,4,9,4,Female,Suburban,Sedan,Yes,No,Low,No
3150,52,93552,49.6,2,4,6,4,Female,Suburban,Sedan,Yes,No,Low,No
3151,27,61697,57.3,1,2,1,4,Male,Rural,Sedan,Yes,Yes,Low,Yes
3152,66,119183,39.7,2,5,6,3,Male,Suburban,Sedan,No,Yes,Medium,No
3153,55,81922,15.7,1,6,18,4,Female,Urban,Sedan,No,Yes,Low,Yes
3154,67,106519,40.2,2,0,6,3,Female,Suburban,Sedan,Yes,Yes,Low,No
3155,59,70412,31,1,12,13,1,Male,Urban,SUV,No,Yes,Low,No
3156,43,82832,44.5,2,3,9,2,Male,Suburban,Sedan,Yes,Yes,Low,Yes
3157,62,72270,5,1,3,14,2,Female,Urban,Sedan,Yes,Yes,Low,No
3158,67,106431,38.6,2,4,3,1,Male,Suburban,SUV,Yes,Yes,Low,No
3159,30,78840,50.5,1,2,3,1,Female,Urban,Hatchback,No,No,Medium,No
3160,37,91436,52.5,3,8,3,3,Female,Urban,SUV,No,No,Medium,No
3161,42,62378,5,2,5,13,4,Male,Urban,Sedan,No,Yes,Low,No
3162,26,133517,38.7,3,2,2,5,Female,Rural,SUV,Yes,Yes,Low,Yes
3163,46,83658,29.7,2,6,11,1,Female,Urban,Sedan,Yes,Yes,Low,No
3164,56,53837,58,1,3,4,2,Male,Suburban,Hatchback,Yes,No,Low,No
3165,68,47745,19.2,1,1,1,2,Female,Rural,Sedan,Yes,Yes,Low,No
3166,40,81451,52,2,11,14,2,Female,Urban,Sedan,No,No,Low,No
3167,25,132812,15.4,1,11,10,3,Male,Urban,Sedan,Yes,Yes,Low,Yes
3168,36,49646,54.8,2,6,3,2,Female,Suburban,SUV,Yes,Yes,Low,No
3169,49,80546,12.6,2,3,10,4,Male,Urban,Sedan,Yes,Yes,Low,No
3170,35,92677,44.1,2,3,2,5,Male,Suburban,Sedan,Yes,Yes,Low,Yes
3171,34,70572,12.4,1,10,10,2,Male,Urban,Sedan,No,Yes,Low,No
3172,48,119640,27.9,2,10,5,5,Female,Urban,Truck,Yes,No,Low,No
3173,45,52223,5,1,0,0,1,Female,Rural,Hatchback,Yes,No,Low,No
3174,36,131789,68.2,1,13,7,1,Male,Urban,SUV,No,Yes,Low,No
3175,49,62736,5,2,2,0,5,Male,Rural,Truck,Yes,Yes,Low,Yes
3176,45,100997,32.3,2,4,9,5,Male,Suburban,Sedan,Yes,Yes,Low,Yes
3177,63,134936,5,1,0,2,5,Male,Rural,Sedan,Yes,Yes,Low,Yes
3178,44,67986,33.8,2,0,3,2,Female,Rural,SUV,Yes,No,Low,No
3179,55,30000,36.1,2,10,9,4,Male,Urban,SUV,Yes,Yes,Low,No
3180,63,72768,23.9,2,1,1,3,Female,Rural,Truck,Yes,Yes,Low,No
3181,60,90621,49.5,3,3,16,1,Male,Urban,SUV,No,Yes,Low,No
3182,60,30000,43.9,1,5,1,1,Female,Suburban,Sedan,Yes,Yes,Low,No
3183,48,111362,11.9,1,4,9,3,Male,Suburban,Sedan,Yes,Yes,Low,Yes
3184,67,86886,23.7,2,14,18,2,Male,Urban,Sedan,Yes,No,Low,No
3185,43,30000,66.8,2,10,10,1,Male,Urban,Sedan,No,No,Medium,No
3186,57,119512,47.4,1,0,3,4,Male,Rural,SUV,Yes,Yes,Low,No
3187,40,127763,30.1,1,2,3,3,Female,Rural,Sedan,Yes,Yes,Low,No
3188,40,83622,70.7,2,3,5,1,Female,Suburban,Sedan,No,No,High,No
3189,40,70980,5,1,3,3,4,Male,Urban,Sedan,Yes,Yes,Low,Yes
3190,44,84851,5,2,2,8,5,Male,Suburban,SUV,Yes,No,Low,No
3191,40,75953,27,3,6,5,4,Male,Urban,Hatchback,No,No,Low,No
3192,40,74057,13.4,2,0,0,4,Other,Rural,SUV,Yes,Yes,Low,No
3193,28,84173,40.7,1,3,1,4,Male,Suburban,SUV,Yes,Yes,Low,No
3194,59,150121,20,3,5,3,1,Male,Urban,SUV,No,Yes,Low,No
3195,65,79411,32.5,2,1,1,4,Female,Rural,Sedan,Yes,Yes,Low,No
3196,52,72454,29.4,1,5,15,4,Female,Urban,Sedan,No,Yes,Low,Yes
3197,46,74981,57.7,4,6,4,1,Male,Suburban,SUV,Yes,No,Low,No
3198,58,90425,43.6,2,7,8,1,Female,Suburban,SUV,Yes,Yes,Low,No
3199,31,83042,46,1,1,1,1,Male,Rural,Sedan,Yes,Yes,Low,No
3200,43,81771,37.2,1,3,9,3,Male,Suburban,Truck,Yes,No,Low,No
3201,53,112458,24.2,1,7,4,4,Male,Suburban,SUV,Yes,No,Low,No
3202,33,86376,70.3,2,1,3,4,Male,Rural,Sedan,Yes,Yes,Low,Yes
3203,65,113547,43.9,1,8,7,3,Female,Urban,SUV,No,Yes,Low,Yes
3204,30,99878,26.8,2,0,3,4,Male,Rural,SUV,Yes,No,Low,No
3205,59,121711,5,1,5,16,3,Female,Urban,SUV,Yes,Yes,Low,No
3206,43,93655,54,1,5,6,5,Female,Suburban,Sedan,Yes,Yes,Low,Yes
3207,67,76660,54.6,1,2,1,2,Female,Rural,Hatchback,Yes,No,Low,No
3208,36,98987,47.4,3,0,2,3,Male,Rural,SUV,Yes,Yes,Low,Yes
3209,56,117786,29.4,1,0,1,4,Male,Rural,Sedan,Yes,Yes,Low,Yes
3210,50,59262,5,4,0,0,1,Female,Rural,Sedan,Yes,Yes,Low,No
3211,44,64151,30.5,2,10,7,1,Male,Urban,Sedan,No,No,Low,No
3212,45,97982,33.3,1,14,18,5,Male,Urban,Sedan,No,Yes,Low,Yes
3213,39,78476,48.3,2,0,8,4,Male,Suburban,Sedan,Yes,Yes,Low,No
3214,65,146811,60.9,2,12,13,1,Male,Urban,SUV,Yes,Yes,Low,No
3215,29,97639,34.3,2,1,0,5,Female,Rural,Sedan,Yes,Yes,Low,Yes
3216,38,93353,29.8,1,2,0,5,Female,Rural,SUV,Yes,Yes,Low,Yes
3217,32,70551,5,1,1,2,3,Female,Suburban,Sedan,Yes,No,Low,No
3218,28,62351,20.9,2,0,1,2,Male,Suburban,Hatchback,Yes,Yes,Low,No
3219,34,56855,43.5,1,7,1,3,Male,Suburban,Truck,Yes,Yes,Low,No
3220,41,67411,48.4,2,2,6,3,Male,Urban,Sedan,Yes,Yes,Low,No
3221,49,63369,23.4,2,7,9,1,Male,Suburban,Sedan,Yes,Yes,Low,No
3222,38,131660,58.4,2,10,13,2,Female,Urban,SUV,No,No,Medium,No
3223,53,65987,40.2,3,0,3,2,Male,Suburban,SUV,Yes,Yes,Low,No
3224,44,77530,30.1,1,0,6,4,Male,Suburban,SUV,No,Yes,Medium,No
3225,34,77597,62.2,3,3,6,4,Male,Urban,Sedan,No,Yes,Medium,No
3226,52,86844,57.5,2,2,3,5,Female,Rural,SUV,Yes,Yes,Low,Yes
3227,29,63733,46.8,3,5,9,3,Female,Suburban,SUV,Yes,No,Low,No
3228,44,87775,22.4,4,14,19,3,Male,Urban,Sedan,Yes,Yes,Low,No
3229,66,93038,41,2,3,7,4,Female,Suburban,SUV,No,No,Medium,No
3230,67,30000,5,2,10,18,3,Female,Urban,Sedan,No,No,Low,No
3231,35,106059,21.3,2,2,14,5,Male,Urban,SUV,No,Yes,Low,No
3232,61,86091,27.9,1,7,5,3,Male,Suburban,SUV,Yes,No,Low,No
3233,32,131444,27.8,2,6,5,4,Male,Suburban,Hatchback,Yes,Yes,Low,Yes
3234,56,131360,51.1,1,1,9,5,Female,Suburban,SUV,Yes,Yes,Low,Yes
3235,27,83083,5,1,3,12,5,Male,Urban,SUV,Yes,Yes,Low,Yes
3236,69,48469,5,1,5,12,1,Female,Urban,Sedan,No,Yes,Low,No
3237,54,67304,42.4,1,7,3,2,Male,Suburban,Hatchback,Yes,Yes,Low,No
3238,52,81699,54.4,2,5,9,1,Male,Suburban,Sedan,Yes,Yes,Low,No
3239,60,161147,38.2,1,12,19,3,Female,Urban,Sedan,No,Yes,Low,No
3240,54,76014,45.9,2,7,1,2,Male,Suburban,Sedan,Yes,No,Low,No
3241,31,76970,25.7,3,2,3,2,Male,Rural,Sedan,Yes,No,Low,No
3242,58,48168,30.3,4,11,17,4,Male,Urban,Sedan,No,Yes,Low,No
3243,50,144795,17.3,1,10,4,5,Male,Urban,Sedan,Yes,Yes,Low,No
3244,45,123089,66.6,1,1,2,5,Male,Rural,Sedan,Yes,Yes,Low,Yes
3245,68,86048,45.2,4,9,4,2,Female,Urban,Sedan,Yes,No,Low,No
3246,58,77584,35.4,1,12,14,2,Female,Urban,Hatchback,No,Yes,Low,No
3247,36,85825,46.1,2,13,5,3,Male,Urban,SUV,Yes,Yes,Low,No
3248,28,114836,32.3,2,10,10,3,Male,Urban,SUV,No,Yes,Low,Yes
3249,62,30000,39.5,2,3,5,3,Male,Suburban,Sedan,Yes,Yes,Low,No
3250,45,103628,5,2,11,3,5,Female,Urban,SUV,No,No,Low,No
3251,44,91613,52.2,2,7,15,3,Male,Urban,SUV,No,Yes,Low,No
3252,26,62378,62.4,1,3,6,2,Female,Suburban,Sedan,Yes,No,Low,No
3253,28,96749,33.3,1,1,2,4,Female,Suburban,SUV,Yes,No,Low,No
3254,46,83859,37.5,2,7,5,3,Female,Suburban,Sedan,No,No,Medium,No
3255,42,90844,60.1,1,12,10,4,Female,Urban,Sedan,No,Yes,Low,Yes
3256,40,81517,21.9,2,0,2,3,Female,Suburban,SUV,Yes,Yes,Low,No
3257,53,30000,5,1,2,8,1,Male,Suburban,Sedan,Yes,No,Low,No
3258,29,82373,5,2,5,3,3,Male,Suburban,Sedan,Yes,Yes,Low,No
3259,63,107799,11.1,1,2,0,2,Male,Rural,SUV,Yes,No,Low,No
3260,30,69116,32,3,6,18,5,Female,Urban,Hatchback,No,No,Low,No
3261,35,43864,44.3,1,6,5,4,Male,Urban,Sedan,No,Yes,Medium,No
3262,54,93585,11.9,2,2,6,5,Female,Urban,SUV,Yes,Yes,Low,Yes
3263,34,106005,49.5,1,14,8,4,Female,Urban,Hatchback,Yes,Yes,Low,No
3264,62,113911,34.5,2,13,16,3,Female,Urban,SUV,No,Yes,Medium,No
3265,43,103466,55.8,2,5,9,2,Female,Suburban,Sedan,Yes,No,Low,No
3266,61,90557,31.7,1,12,4,1,Female,Urban,SUV,Yes,Yes,Low,No
3267,50,103532,23.4,3,10,18,2,Male,Urban,SUV,No,Yes,Low,No
3268,41,64468,64.4,3,11,18,1,Male,Urban,SUV,Yes,Yes,Low,No
3269,57,59262,5,2,4,14,3,Female,Urban,Sedan,No,Yes,Low,No
3270,39,101525,29.8,2,3,11,1,Male,Urban,SUV,No,No,Low,No
3271,46,120579,54.1,1,4,7,1,Male,Suburban,Sedan,Yes,Yes,Low,No
3272,56,110681,63.9,2,13,7,1,Male,Urban,SUV,No,Yes,Medium,No
3273,25,78418,35.7,1,1,1,3,Male,Rural,Sedan,Yes,No,Low,No
3274,58,95537,70.8,2,2,2,3,Male,Rural,SUV,Yes,Yes,Low,Yes
3275,62,149841,25.3,1,1,3,5,Female,Suburban,Hatchback,Yes,Yes,Low,No
3276,55,52707,31.9,3,14,19,4,Female,Urban,SUV,Yes,Yes,Low,Yes
3277,38,84199,61.4,2,13,17,4,Male,Urban,SUV,No,Yes,Low,No
3278,37,74089,40.2,1,14,5,2,Male,Urban,SUV,No,Yes,Low,No
3279,62,76536,5,1,6,19,2,Female,Urban,Sedan,Yes,No,Low,No
3280,41,79769,5,2,12,10,2,Male,Urban,Sedan,No,No,Low,No
3281,50,74057,48.8,2,4,6,5,Female,Suburban,SUV,Yes,Yes,Low,No
3282,54,105796,5,2,3,5,3,Male,Urban,SUV,Yes,Yes,Low,Yes
3283,56,81484,5,2,7,6,1,Male,Suburban,Hatchback,No,Yes,Low,No
3284,55,147596,25.4,1,5,8,3,Male,Suburban,Hatchback,Yes,No,Low,No
3285,51,30000,5,1,8,17,1,Male,Urban,Sedan,Yes,Yes,Low,No
3286,35,82394,21.8,1,4,19,4,Female,Urban,Hatchback,No,Yes,Low,No
3287,66,30000,54.2,1,12,18,5,Female,Urban,Sedan,No,No,Low,No
3288,44,93963,57.9,2,3,9,3,Female,Urban,SUV,No,Yes,Medium,No
3289,68,132822,37.5,2,5,18,1,Male,Urban,Sedan,No,No,Low,No
3290,27,131727,29.5,2,1,2,1,Female,Rural,SUV,Yes,No,Low,No
3291,44,60794,47.5,2,4,8,1,Male,Suburban,SUV,No,Yes,Medium,No
3292,51,30000,15,1,7,2,5,Male,Suburban,Sedan,No,No,Low,No
3293,53,121716,44,2,2,4,4,Male,Suburban,Hatchback,Yes,Yes,Low,Yes
3294,43,92880,40.9,2,13,5,5,Female,Urban,Sedan,Yes,Yes,Low,Yes
3295,53,134580,26.6,2,3,6,2,Male,Urban,Sedan,No,No,Low,No
3296,62,57912,61.9,1,1,2,4,Male,Suburban,Hatchback,Yes,No,Low,No
3297,36,163870,36.4,1,2,4,1,Female,Suburban,Sedan,Yes,No,Low,No
3298,31,86920,49,1,14,11,2,Male,Urban,Sedan,No,No,Low,No
3299,40,49119,37.4,1,3,15,2,Female,Urban,Sedan,Yes,No,Low,No
3300,42,57546,30.4,2,1,1,1,Female,Suburban,Sedan,Yes,No,Low,No
3301,64,91631,33.9,2,2,12,5,Male,Urban,Sedan,Yes,Yes,Low,Yes
3302,45,112173,5,2,0,9,1,Male,Suburban,Hatchback,Yes,No,Low,No
3303,47,61677,50.7,1,10,5,4,Male,Urban,Hatchback,No,No,Medium,No
3304,41,30000,30.8,1,11,15,1,Male,Urban,SUV,No,No,Low,No
3305,52,128146,62.9,2,5,19,5,Male,Urban,Sedan,No,Yes,Low,Yes
3306,43,124938,11.8,1,0,0,5,Female,Rural,Sedan,Yes,Yes,Low,Yes
3307,36,73361,33.5,2,2,13,3,Male,Urban,Hatchback,No,Yes,Medium,No
3308,37,82761,5,1,9,6,4,Male,Urban,Sedan,No,Yes,Low,No
3309,42,113050,49.3,1,6,2,3,Male,Suburban,Truck,Yes,Yes,Low,Yes
3310,65,107750,57.9,2,6,8,2,Male,Urban,Sedan,No,Yes,Low,No
3311,53,114870,24.9,1,8,3,5,Female,Urban,Sedan,No,Yes,Low,Yes
3312,47,88167,42.4,1,3,7,2,Female,Suburban,SUV,Yes,No,Low,No
3313,44,71861,57,1,7,16,3,Male,Urban,SUV,No,Yes,Low,No
3314,59,54878,33.6,1,13,16,2,Female,Urban,Sedan,No,No,Low,No
3315,37,67855,23.9,1,5,5,2,Male,Suburban,SUV,Yes,Yes,Low,No
3316,40,115260,5,2,2,2,2,Female,Rural,Sedan,Yes,No,Low,No
3317,47,75953,51.5,1,3,6,2,Male,Suburban,Sedan,Yes,No,Low,No
3318,40,100154,25.9,2,13,17,5,Male,Urban,Truck,No,Yes,Low,Yes
3319,43,65800,17.6,1,7,1,5,Female,Suburban,Hatchback,Yes,Yes,Low,Yes
3320,67,63341,5,1,2,3,4,Female,Rural,Truck,Yes,No,Low,No
3321,35,90901,45.7,2,3,9,5,Male,Suburban,SUV,Yes,Yes,Low,No
3322,54,115685,35.3,3,4,8,5,Male,Suburban,SUV,Yes,Yes,Low,Yes
3323,53,65109,44.2,1,11,5,1,Female,Urban,Truck,Yes,No,Low,No
3324,61,123547,56,2,6,5,3,Male,Suburban,SUV,No,Yes,Low,No
3325,64,30000,31.7,1,6,18,3,Female,Urban,Sedan,Yes,No,Low,No
3326,55,94589,39.7,1,12,7,4,Female,Urban,Sedan,No,No,Medium,No
3327,45,96160,57.1,1,1,5,4,Female,Suburban,Sedan,Yes,Yes,Low,No
3328,57,92744,26.8,1,3,5,4,Male,Suburban,Sedan,Yes,Yes,Low,Yes
3329,48,64714,60.3,1,3,5,3,Male,Suburban,Sedan,Yes,Yes,Low,No
3330,55,30000,16.6,2,2,4,1,Male,Suburban,Sedan,Yes,No,Low,No
3331,25,121160,39,2,11,16,1,Male,Urban,SUV,Yes,Yes,Low,No
3332,48,30000,43.3,2,3,5,2,Female,Suburban,Sedan,Yes,No,Low,No
3333,36,94487,39.3,2,0,3,3,Male,Rural,SUV,Yes,Yes,Low,No
3334,38,69435,37.8,1,0,3,2,Female,Suburban,Truck,No,No,Medium,No
3335,26,144762,45.8,2,4,17,1,Male,Urban,SUV,No,Yes,Low,No
3336,68,61890,53.9,2,1,4,4,Female,Suburban,Sedan,Yes,Yes,Low,No
3337,56,66518,16.7,1,4,9,3,Male,Suburban,Sedan,Yes,Yes,Low,Yes
3338,59,81951,44.5,2,6,6,4,Male,Suburban,SUV,Yes,Yes,Low,Yes
3339,38,82990,5,3,1,1,1,Female,Rural,Hatchback,Yes,Yes,Low,No
3340,36,30000,55.7,2,4,11,3,Female,Urban,SUV,No,Yes,Medium,No
3341,39,93556,56.4,2,8,19,1,Male,Urban,Sedan,No,No,Low,No
3342,45,77528,52.1,1,0,3,1,Male,Rural,SUV,Yes,No,Low,No
3343,26,73881,55.9,1,5,6,1,Female,Urban,SUV,Yes,Yes,Low,No
3344,25,83622,33.5,2,4,7,2,Female,Suburban,SUV,Yes,Yes,Low,No
3345,48,61867,31.9,1,11,19,1,Male,Urban,Sedan,No,No,Low,No
3346,51,61701,32.8,1,3,8,2,Female,Suburban,Sedan,Yes,Yes,Low,No
3347,60,30000,51.8,1,3,1,1,Female,Suburban,SUV,Yes,No,Low,No
3348,41,88861,20.9,1,7,5,5,Male,Suburban,Sedan,Yes,Yes,Low,No
3349,59,61636,22.2,2,4,7,2,Female,Suburban,Sedan,No,Yes,Low,No
3350,57,30000,48.7,1,1,5,1,Male,Suburban,Sedan,Yes,No,Low,No
3351,65,68480,47.6,2,2,3,2,Male,Rural,SUV,Yes,No,Low,No
3352,46,94651,24.8,1,1,0,4,Female,Rural,Sedan,Yes,No,Low,No
3353,51,83573,28.6,1,5,14,4,Female,Urban,Truck,Yes,Yes,Low,Yes
3354,60,121813,5,3,12,4,5,Female,Urban,Hatchback,Yes,No,Low,No
3355,29,52324,44.1,2,7,1,3,Female,Suburban,Hatchback,Yes,Yes,Low,No
3356,28,96521,39.4,1,3,7,1,Female,Suburban,Hatchback,Yes,Yes,Low,No
3357,38,81338,43.3,1,1,4,5,Female,Suburban,Sedan,Yes,Yes,Medium,Yes
3358,25,137424,43.1,4,3,4,1,Male,Suburban,Sedan,Yes,Yes,Low,No
3359,49,140861,52.3,1,12,13,4,Male,Urban,SUV,No,Yes,Low,Yes
3360,56,30000,43.8,2,14,18,4,Male,Urban,Sedan,Yes,Yes,Low,Yes
3361,30,90190,70.8,2,0,1,4,Female,Rural,Sedan,Yes,Yes,Medium,No
3362,46,112794,55.6,1,1,1,2,Male,Rural,SUV,Yes,Yes,Low,No
3363,61,113361,48.4,1,7,9,1,Male,Suburban,Sedan,Yes,No,Low,No
3364,69,58877,34.6,1,13,16,1,Male,Urban,SUV,No,Yes,Low,No
3365,41,75541,5,2,10,11,4,Male,Urban,SUV,No,No,Low,No
3366,31,134063,51.3,1,5,5,3,Female,Suburban,SUV,Yes,Yes,Low,No
3367,64,92265,54.4,3,1,1,1,Female,Suburban,Truck,Yes,No,Low,No
3368,27,30000,29.8,3,3,7,3,Male,Suburban,SUV,Yes,Yes,Low,No
3369,62,76795,27.4,1,5,15,1,Female,Urban,Hatchback,No,Yes,Low,No
3370,32,94936,38.6,2,1,5,4,Male,Suburban,Hatchback,Yes,Yes,Low,No
3371,40,44909,5,1,1,1,1,Male,Rural,SUV,Yes,Yes,Low,No
3372,26,78965,5,2,4,1,1,Male,Suburban,SUV,Yes,No,Low,No
3373,36,30000,16.1,3,6,11,3,Female,Urban,Sedan,No,Yes,Low,No
3374,35,30000,51.1,1,1,2,3,Female,Rural,SUV,No,No,Medium,No
3375,58,100893,30.1,1,8,11,4,Female,Urban,Sedan,No,Yes,Low,Yes
3376,35,56687,24.3,1,0,0,1,Female,Rural,SUV,Yes,No,Low,No
3377,47,113072,26.2,1,14,5,3,Female,Urban,Hatchback,No,Yes,Low,No
3378,36,121264,30.3,3,7,7,1,Female,Urban,Sedan,No,No,Low,No
3379,59,87558,17.2,3,2,12,3,Male,Urban,Sedan,No,Yes,Low,No
3380,69,110263,33.4,1,0,2,1,Female,Rural,Sedan,Yes,Yes,Low,No
3381,28,122986,20.4,1,0,1,5,Male,Suburban,SUV,Yes,Yes,Low,Yes
3382,63,126437,70.9,2,3,9,3,Female,Suburban,Sedan,Yes,No,Low,No
3383,42,73399,21.3,1,5,16,4,Male,Urban,Hatchback,No,Yes,Low,No
3384,30,44909,32.6,1,7,5,2,Male,Urban,Sedan,Yes,No,Low,No
3385,44,30000,28.6,1,12,9,2,Male,Urban,Hatchback,Yes,Yes,Low,No
3386,42,96526,34.1,1,7,15,3,Male,Urban,Sedan,Yes,Yes,Low,No
3387,60,81155,34.1,1,9,5,3,Male,Urban,Sedan,No,Yes,Low,No
3388,28,133381,28.8,3,3,6,3,Female,Urban,Sedan,Yes,Yes,Low,No
3389,29,52391,5,1,2,1,1,Other,Rural,Sedan,Yes,No,Low,No
3390,51,68480,53.6,2,8,19,4,Male,Urban,SUV,Yes,No,Low,No
3391,58,72664,45.9,2,6,5,3,Female,Suburban,Sedan,Yes,Yes,Low,No
3392,29,105580,28,2,11,6,5,Male,Urban,SUV,No,Yes,Low,Yes
3393,46,73365,5,1,11,12,5,Female,Urban,SUV,Yes,Yes,Low,No
3394,54,75830,48.2,1,14,17,2,Male,Urban,Sedan,No,No,Low,No
3395,68,123870,45.9,2,8,19,3,Female,Urban,Sedan,Yes,No,Low,No
3396,54,121345,5,1,7,4,1,Male,Urban,Truck,Yes,Yes,Low,No
3397,54,82903,11.3,2,0,0,2,Male,Rural,Sedan,Yes,No,Low,No
3398,68,52348,30,1,11,14,2,Female,Urban,Sedan,No,Yes,Low,No
3399,50,79472,55.3,2,3,7,1,Male,Suburban,Sedan,Yes,Yes,Low,No
3400,58,88861,57.9,1,10,6,3,Male,Urban,SUV,Yes,Yes,Low,No
3401,32,68480,31.2,2,9,4,5,Female,Urban,SUV,Yes,Yes,Low,No
3402,26,80577,5,1,3,10,2,Female,Urban,Sedan,No,Yes,Low,No
3403,65,109868,60.1,1,4,6,2,Male,Urban,SUV,Yes,No,Low,No
3404,43,78946,37.5,2,0,6,3,Male,Suburban,SUV,Yes,Yes,Low,No
3405,57,112870,39.2,1,0,0,5,Male,Rural,SUV,Yes,Yes,Low,Yes
3406,38,96491,42,1,12,3,5,Female,Urban,Sedan,No,Yes,Low,No
3407,49,124479,32.2,2,7,11,1,Female,Urban,Hatchback,No,Yes,Medium,No
3408,56,53486,30.7,1,4,6,3,Female,Urban,Sedan,No,Yes,Low,Yes
3409,69,56891,5,2,2,8,4,Male,Urban,Sedan,Yes,Yes,Low,No
3410,42,126950,5,4,7,10,2,Male,Urban,Sedan,No,Yes,Low,No
3411,65,90673,34.3,2,14,4,5,Male,Urban,Sedan,No,Yes,Medium,No
3412,65,91628,38.3,2,7,5,4,Male,Urban,Sedan,No,Yes,Low,Yes
3413,34,30000,5,2,7,9,5,Male,Suburban,SUV,Yes,Yes,Low,No
3414,26,84582,45,2,7,5,2,Male,Urban,Hatchback,No,Yes,Medium,No
3415,40,61696,30.7,1,6,2,5,Female,Suburban,SUV,Yes,Yes,Low,Yes
3416,62,94575,5,2,6,16,1,Male,Urban,SUV,No,Yes,Low,No
3417,36,131727,22.9,1,5,3,5,Female,Urban,Sedan,Yes,Yes,Low,Yes
3418,30,102998,17.4,2,0,5,4,Female,Suburban,SUV,Yes,Yes,Low,No
3419,26,119848,18.5,2,1,4,4,Female,Suburban,SUV,Yes,No,Low,No
3420,56,94720,33.9,1,6,9,1,Male,Suburban,SUV,Yes,No,Low,No
3421,61,155970,27.7,1,2,1,2,Male,Suburban,Sedan,Yes,Yes,Low,No
3422,25,128015,5,1,6,2,5,Male,Suburban,SUV,Yes,Yes,Low,Yes
3423,35,78424,5,1,2,2,5,Male,Rural,SUV,Yes,Yes,Low,Yes
3424,37,61274,62.7,1,3,4,5,Female,Suburban,Sedan,Yes,No,Low,No
3425,55,59429,57,1,6,2,1,Male,Suburban,Hatchback,Yes,No,Low,No
3426,40,86847,50.4,1,8,12,2,Male,Urban,Sedan,No,Yes,Low,No
3427,44,92873,35,1,1,3,2,Male,Suburban,SUV,Yes,Yes,Low,No
3428,60,80401,31.4,1,2,6,2,Male,Suburban,SUV,Yes,Yes,Low,No
3429,56,100387,36.1,3,7,6,3,Male,Urban,Sedan,Yes,Yes,Low,No
3430,61,56549,16.3,2,14,11,4,Male,Urban,SUV,Yes,Yes,Low,No
3431,46,119322,41.3,1,6,3,4,Male,Urban,Sedan,Yes,Yes,Low,No
3432,42,106419,67.6,2,3,6,3,Male,Suburban,SUV,Yes,Yes,Low,No
3433,26,115396,29.3,1,3,7,3,Male,Suburban,SUV,Yes,No,Low,No
3434,61,91235,71.2,3,4,8,1,Male,Suburban,SUV,No,Yes,Medium,No
3435,29,79528,5,2,5,3,3,Male,Suburban,Hatchback,Yes,Yes,Low,No
3436,36,154485,47.5,2,13,4,2,Female,Urban,Truck,No,No,Medium,No
3437,50,64557,5,1,2,15,2,Male,Urban,SUV,No,Yes,Low,No
3438,69,82735,54.6,2,2,2,5,Female,Rural,Sedan,Yes,Yes,Low,Yes
3439,54,30000,18.5,1,4,7,2,Female,Suburban,SUV,Yes,Yes,Low,No
3440,56,85629,57.4,2,1,3,2,Female,Rural,Sedan,Yes,Yes,Low,Yes
3441,57,75864,22.6,4,7,5,2,Male,Urban,Truck,No,No,Low,No
3442,63,110161,27.9,1,10,18,5,Female,Urban,Sedan,No,Yes,Low,Yes
3443,36,30000,41,1,4,6,2,Male,Suburban,Hatchback,Yes,No,Low,No
3444,26,71934,59.5,1,5,4,5,Male,Suburban,Sedan,Yes,Yes,Low,No
3445,36,73881,5,1,3,6,2,Male,Suburban,SUV,Yes,Yes,Low,No
3446,35,66728,33.1,1,4,3,1,Male,Suburban,SUV,No,Yes,High,No
3447,50,84308,44.3,1,0,3,4,Female,Rural,SUV,Yes,Yes,Low,No
3448,31,63682,34.1,1,9,13,3,Male,Urban,Sedan,No,No,Medium,No
3449,36,91619,5,3,5,16,5,Female,Urban,SUV,Yes,Yes,Low,Yes
3450,68,96491,32.7,1,4,9,1,Male,Suburban,Sedan,Yes,No,Low,No
3451,39,131282,37.5,1,3,9,5,Female,Suburban,Sedan,Yes,Yes,Low,Yes
3452,46,94752,40.8,3,5,9,5,Female,Suburban,Sedan,Yes,No,Low,No
3453,50,95593,33,2,7,17,4,Male,Urban,SUV,No,Yes,Low,Yes
3454,43,90812,33,1,6,5,3,Male,Suburban,Sedan,Yes,Yes,Low,No
3455,48,30000,5,2,6,8,2,Female,Suburban,Sedan,Yes,No,Low,No
3456,69,61596,37.6,2,0,3,4,Female,Rural,Truck,Yes,Yes,Low,Yes
3457,34,95950,25.3,2,11,8,4,Male,Urban,Sedan,Yes,Yes,Low,No
3458,52,84463,67.8,1,13,13,4,Female,Urban,SUV,No,Yes,Low,No
3459,26,73538,46.5,2,2,0,3,Male,Rural,Sedan,Yes,Yes,Low,No
3460,39,30000,48.9,2,4,7,4,Male,Urban,SUV,Yes,Yes,Low,No
3461,63,118958,55.3,1,7,4,3,Male,Suburban,Sedan,No,No,Medium,No
3462,44,90445,31.5,2,7,16,4,Male,Urban,SUV,No,No,Medium,No
3463,47,30000,24.1,3,6,3,5,Male,Urban,SUV,No,Yes,Low,No
3464,68,113311,5,2,11,15,4,Female,Urban,Sedan,No,Yes,Low,No
3465,57,81699,16.3,3,3,11,2,Female,Urban,Sedan,No,No,Low,No
3466,27,71212,35.3,2,0,0,2,Female,Rural,Hatchback,Yes,Yes,Low,No
3467,63,90716,47.2,1,13,16,2,Male,Urban,Sedan,Yes,Yes,Low,No
3468,33,55977,38.6,2,1,6,3,Male,Suburban,Sedan,No,Yes,Medium,No
3469,31,93424,5,2,5,6,4,Female,Suburban,SUV,No,No,Medium,No
3470,62,72215,67.9,2,4,7,1,Female,Suburban,SUV,Yes,Yes,Low,No
3471,34,129909,45.1,1,7,17,1,Male,Urban,Sedan,No,Yes,Low,No
3472,31,72638,44.2,3,0,1,4,Male,Rural,Hatchback,Yes,Yes,Low,No
3473,38,141032,23.9,1,6,1,5,Female,Suburban,Sedan,Yes,Yes,Low,Yes
3474,54,51353,45,2,0,2,2,Male,Rural,SUV,Yes,Yes,Low,No
3475,58,76793,24.1,3,4,9,2,Female,Urban,SUV,Yes,No,Low,No
3476,46,70647,54.6,1,0,0,2,Male,Rural,SUV,Yes,Yes,Low,No
3477,32,122986,35.2,2,2,0,5,Male,Rural,Sedan,Yes,No,Low,No
3478,49,92155,22,1,4,7,5,Other,Suburban,Sedan,Yes,Yes,Low,Yes
3479,44,96526,5,2,6,2,4,Female,Suburban,Sedan,Yes,Yes,Low,No
3480,64,95665,32.7,1,0,1,5,Female,Rural,Sedan,Yes,Yes,Low,Yes
3481,67,110945,51.5,2,5,1,2,Female,Suburban,Sedan,No,Yes,Medium,No
3482,54,73965,17.8,2,4,3,1,Female,Suburban,Sedan,Yes,Yes,Low,No
3483,43,126691,39.7,4,4,3,2,Male,Urban,Sedan,Yes,No,Low,No
3484,55,69093,5,3,4,12,3,Female,Urban,Hatchback,No,Yes,Low,No
3485,32,113072,36.2,3,3,6,2,Male,Urban,Sedan,Yes,No,Low,No
3486,48,78973,19.4,2,0,9,4,Male,Suburban,SUV,Yes,Yes,Low,No
3487,48,95918,29.7,1,2,1,1,Male,Rural,Sedan,Yes,Yes,Low,No
3488,59,117090,35.7,2,2,3,5,Female,Rural,Sedan,Yes,Yes,Low,Yes
3489,56,51483,18.8,3,2,1,4,Female,Suburban,Sedan,Yes,No,Low,No
3490,62,129981,37,1,8,16,1,Male,Urban,SUV,Yes,Yes,Low,No
3491,38,91213,5,2,7,8,4,Female,Suburban,SUV,Yes,Yes,Low,Yes
3492,60,30000,15.4,2,8,12,5,Female,Urban,Sedan,Yes,Yes,Low,No
3493,39,83636,15.5,1,7,8,3,Male,Urban,Hatchback,No,No,Low,No
3494,27,95539,38.6,2,6,10,5,Male,Urban,Truck,Yes,Yes,Low,Yes
3495,53,105796,55.8,1,7,4,3,Female,Suburban,SUV,Yes,Yes,Low,Yes
3496,43,30000,31.8,2,2,2,2,Female,Rural,Sedan,Yes,Yes,Low,No
3497,40,94469,11.8,2,5,5,5,Male,Suburban,Truck,Yes,Yes,Low,No
3498,33,93556,53.6,2,2,6,5,Male,Suburban,SUV,Yes,No,Low,No
3499,48,85451,31.3,1,9,19,3,Male,Urban,Truck,No,No,Low,No
3500,29,91883,41,1,6,7,1,Male,Urban,Sedan,No,Yes,Low,No
3501,31,64626,21.6,1,1,3,3,Male,Rural,SUV,Yes,No,Low,No
3502,50,30000,53.3,1,6,4,3,Female,Suburban,Sedan,Yes,Yes,Low,No
3503,62,77400,58.3,1,7,6,3,Female,Urban,Sedan,No,Yes,Medium,No
3504,29,83533,32.6,2,9,6,2,Female,Urban,Hatchback,Yes,No,Low,No
3505,36,91460,5,2,11,3,4,Female,Urban,SUV,No,Yes,Low,No
3506,43,76798,5,3,6,9,1,Female,Suburban,SUV,Yes,Yes,Low,No
3507,52,62633,30.3,2,0,3,2,Female,Rural,Sedan,Yes,Yes,Low,No
3508,47,119545,5,2,6,5,2,Male,Urban,Truck,No,No,Medium,No
3509,30,30000,57.6,2,7,1,2,Male,Suburban,Sedan,Yes,No,Low,No
3510,43,126744,26.6,1,8,7,3,Male,Urban,SUV,No,Yes,Medium,No
3511,27,30000,57.2,2,3,7,5,Male,Suburban,Truck,Yes,No,Low,No
3512,33,104589,32.3,3,2,18,2,Female,Urban,Sedan,No,No,Medium,No
3513,49,65792,33.7,1,5,3,2,Male,Suburban,Sedan,Yes,No,Low,No
3514,69,110587,74.4,2,1,0,5,Male,Rural,SUV,Yes,Yes,Low,Yes
3515,48,101041,23.5,2,5,12,1,Female,Urban,Hatchback,No,Yes,Low,No
3516,26,87712,8.9,1,3,12,5,Male,Urban,SUV,No,Yes,Low,No
3517,45,88503,54.5,2,3,9,4,Male,Suburban,Hatchback,Yes,No,Low,No
3518,61,67360,32.7,2,12,16,2,Female,Urban,Sedan,Yes,Yes,Low,No
3519,42,48135,33.3,1,6,4,5,Male,Suburban,SUV,Yes,Yes,Low,No
3520,25,39673,46.8,3,2,2,5,Female,Rural,SUV,Yes,Yes,Low,No
3521,28,63889,5,1,3,5,2,Female,Urban,Sedan,No,Yes,Low,No
3522,27,96642,52.2,2,2,14,4,Female,Urban,Sedan,No,Yes,Medium,No
3523,26,30000,35.9,2,7,2,4,Female,Suburban,Hatchback,Yes,No,Low,No
3524,63,64414,35.7,2,0,6,4,Male,Suburban,Sedan,Yes,No,Low,No
3525,37,60931,59.8,2,4,8,2,Male,Suburban,Sedan,Yes,Yes,Low,No
3526,35,30000,57.7,1,14,4,2,Female,Urban,Sedan,Yes,No,Low,No
3527,48,134064,40.5,1,4,13,3,Male,Urban,Sedan,Yes,No,Low,No
3528,65,81483,51.2,1,2,2,4,Male,Rural,Sedan,Yes,No,Low,No
3529,61,132225,47.5,1,7,18,4,Male,Urban,Sedan,Yes,Yes,Low,Yes
3530,45,84560,32.2,1,14,13,3,Female,Urban,SUV,Yes,Yes,Low,Yes
3531,43,69765,37.1,2,13,11,3,Female,Urban,SUV,Yes,Yes,Low,No
3532,46,77966,44,2,14,18,1,Male,Urban,SUV,No,Yes,Low,No
3533,56,125033,36.2,2,0,2,2,Female,Rural,Sedan,Yes,Yes,Low,No
3534,47,58964,26.7,2,1,7,4,Male,Suburban,Sedan,Yes,Yes,Low,Yes
3535,35,30000,21.8,1,10,10,1,Female,Urban,Sedan,No,Yes,Medium,No
3536,36,87942,5,1,1,1,1,Male,Rural,SUV,Yes,Yes,Low,No
3537,64,84899,5,1,2,3,5,Male,Rural,SUV,Yes,Yes,Low,No
3538,34,68480,20.4,2,7,10,2,Female,Urban,SUV,No,Yes,Low,No
3539,52,69396,58.1,1,2,0,4,Male,Rural,Sedan,Yes,No,Low,No
3540,51,156086,52.8,1,6,4,5,Male,Suburban,Hatchback,Yes,Yes,Low,Yes
3541,67,93544,38.5,2,5,9,3,Male,Suburban,Hatchback,No,No,Low,No
3542,45,68980,26.6,1,0,2,1,Female,Rural,SUV,Yes,No,Low,No
3543,48,122988,51.8,1,1,2,4,Female,Rural,Sedan,Yes,No,Low,No
3544,54,92683,5,4,1,8,1,Male,Suburban,Sedan,Yes,Yes,Low,No
3545,35,76978,21.2,1,7,7,5,Male,Suburban,Hatchback,Yes,No,Low,No
3546,56,61411,49.9,3,1,3,3,Female,Rural,Sedan,Yes,No,Low,No
3547,37,87249,50.9,2,9,14,1,Male,Urban,SUV,Yes,No,Low,No
3548,46,113371,24.4,2,0,2,5,Female,Rural,Sedan,Yes,No,Medium,No
3549,58,40212,29,1,4,5,1,Male,Urban,Sedan,Yes,No,Low,No
3550,63,77206,30.1,1,5,8,3,Male,Suburban,SUV,Yes,No,Low,No
3551,55,115823,43,1,3,17,3,Other,Urban,SUV,Yes,No,Low,No
3552,34,130776,5,1,2,1,2,Female,Suburban,Sedan,Yes,No,Low,No
3553,50,30000,47,3,7,9,3,Male,Suburban,SUV,Yes,No,Low,No
3554,26,66729,48.5,2,4,19,5,Male,Urban,Sedan,No,Yes,Low,No
3555,69,71784,5,1,9,9,3,Female,Urban,SUV,No,No,Low,No
3556,35,89299,52.1,2,14,19,5,Male,Urban,SUV,No,Yes,Low,Yes
3557,59,80777,88.2,2,2,2,2,Female,Rural,Sedan,No,Yes,High,No
3558,62,71846,25.6,2,7,6,5,Male,Suburban,SUV,No,Yes,Medium,No
3559,43,93544,52.2,1,3,3,2,Female,Suburban,Sedan,Yes,Yes,Low,No
3560,38,122699,36.8,1,6,8,5,Male,Urban,Sedan,No,Yes,Low,Yes
3561,65,91283,16.5,1,7,9,5,Male,Suburban,Sedan,Yes,No,Low,No
3562,31,106592,46.9,1,3,5,1,Male,Suburban,Hatchback,Yes,No,Low,No
3563,67,75595,5,2,3,4,2,Female,Urban,Sedan,No,No,Medium,No
3564,50,30000,5,3,1,1,3,Male,Rural,Sedan,Yes,No,Low,No
3565,59,95585,26.7,1,7,3,5,Female,Suburban,SUV,Yes,Yes,Low,Yes
3566,57,67986,60.7,1,0,3,3,Male,Rural,SUV,Yes,No,Low,No
3567,67,112498,26,2,7,4,2,Male,Suburban,Sedan,Yes,Yes,Low,No
3568,48,30000,11.9,1,1,0,2,Male,Rural,Hatchback,Yes,Yes,Low,No
3569,50,67954,38.7,1,6,2,1,Female,Suburban,SUV,Yes,Yes,Low,No
3570,41,88125,50.8,2,2,12,3,Male,Urban,SUV,Yes,Yes,Low,Yes
3571,34,77589,32.3,1,6,7,5,Female,Urban,SUV,No,Yes,Medium,No
3572,68,30000,49.5,2,6,5,1,Male,Suburban,Sedan,Yes,Yes,Low,No
3573,27,93059,16.8,3,2,1,5,Male,Suburban,Sedan,Yes,Yes,Low,Yes
3574,50,66975,43.6,2,14,19,2,Male,Urban,Sedan,No,Yes,Low,No
3575,69,70908,55.6,1,12,12,1,Male,Urban,SUV,No,Yes,Low,No
3576,39,121363,47.4,1,7,3,1,Male,Urban,SUV,Yes,Yes,Low,No
3577,29,91821,15.1,1,12,11,5,Female,Urban,SUV,No,Yes,Low,No
3578,41,96448,35.7,2,3,18,3,Male,Urban,SUV,Yes,No,Low,No
3579,52,104832,22.7,2,1,2,3,Male,Rural,SUV,Yes,Yes,Low,No
3580,39,90359,25.8,2,3,9,1,Male,Suburban,SUV,Yes,Yes,Low,No
3581,31,85214,5,1,0,1,5,Female,Rural,SUV,Yes,No,Low,No
3582,49,60772,70.6,1,1,3,5,Female,Suburban,Sedan,Yes,Yes,Low,No
3583,39,142960,39.1,2,3,7,1,Female,Suburban,SUV,Yes,Yes,Low,No
3584,25,95621,34.7,2,12,16,1,Female,Urban,Sedan,No,Yes,Low,No
3585,67,95583,36,2,5,6,4,Female,Suburban,Sedan,Yes,Yes,Low,Yes
3586,34,111951,40.4,1,11,9,1,Female,Urban,Sedan,No,No,Low,No
3587,43,111332,26.1,2,6,2,3,Female,Suburban,Sedan,Yes,Yes,Low,Yes
3588,55,59160,40.4,2,14,5,2,Male,Urban,Truck,Yes,Yes,Low,No
3589,35,106059,5,3,1,8,3,Male,Suburban,Sedan,Yes,Yes,Low,No
3590,61,30000,21.3,2,11,19,4,Male,Urban,SUV,No,No,Low,No
3591,34,100920,58.5,2,13,11,4,Male,Urban,Hatchback,Yes,No,Low,No
3592,28,94121,5,3,6,6,3,Male,Suburban,SUV,Yes,Yes,Low,No
3593,58,92864,5,1,5,6,3,Male,Urban,Sedan,No,Yes,Low,No
3594,68,136037,35,2,2,2,1,Male,Rural,Sedan,Yes,Yes,Low,No
3595,41,30000,13.6,2,11,16,5,Female,Urban,SUV,No,Yes,Low,Yes
3596,42,114907,29.3,1,2,2,4,Female,Suburban,SUV,Yes,No,Low,No
3597,53,96749,58.3,2,0,0,2,Female,Rural,Sedan,Yes,Yes,Low,No
3598,38,95539,64.6,2,11,13,5,Male,Urban,Sedan,Yes,No,Low,No
3599,54,30000,28.6,3,1,3,2,Male,Rural,Sedan,Yes,No,Low,No
3600,50,102310,44.1,1,2,6,1,Female,Urban,SUV,Yes,Yes,Low,No
3601,58,74981,28.4,2,8,3,4,Male,Urban,SUV,No,No,Medium,No
3602,66,65881,52.6,2,6,4,1,Female,Urban,SUV,No,No,Low,No
3603,27,121836,28.5,1,12,16,3,Female,Urban,Sedan,No,Yes,Low,Yes
3604,50,64637,38.2,3,7,3,3,Female,Suburban,SUV,Yes,Yes,Low,No
3605,27,58772,56.6,1,7,7,5,Male,Urban,Truck,No,Yes,Medium,No
3606,26,92880,30.3,1,14,9,4,Female,Urban,Sedan,No,Yes,Low,No
3607,47,126829,51.8,2,12,4,4,Male,Urban,Sedan,Yes,Yes,Low,Yes
3608,58,61669,62.7,2,3,14,2,Female,Urban,SUV,No,No,Low,No
3609,59,65608,35.2,2,10,8,5,Male,Urban,Hatchback,No,No,Low,No
3610,62,95894,48.6,2,2,13,5,Female,Urban,Sedan,No,No,Low,No
3611,27,95766,51.8,2,11,6,2,Female,Urban,SUV,Yes,Yes,Low,Yes
3612,31,107519,5,2,2,3,3,Male,Suburban,Hatchback,Yes,Yes,Low,No
3613,53,56589,39.7,3,11,7,1,Male,Urban,Sedan,No,Yes,Low,No
3614,43,78911,31.7,2,0,1,1,Male,Rural,Hatchback,Yes,Yes,Low,No
3615,45,93486,34.5,2,7,4,1,Female,Suburban,SUV,Yes,Yes,Low,No
3616,38,72875,29.6,2,6,18,1,Male,Urban,Sedan,No,Yes,Low,No
3617,42,91295,29.2,2,5,8,1,Female,Suburban,SUV,Yes,Yes,Low,No
3618,61,30000,53.8,4,7,8,2,Male,Suburban,SUV,Yes,Yes,Low,No
3619,37,30000,5,1,1,0,1,Male,Rural,SUV,Yes,Yes,Low,No
3620,52,122455,52.5,1,6,4,3,Male,Urban,Sedan,No,Yes,Medium,No
3621,31,30000,53.1,2,4,6,4,Female,Suburban,Sedan,Yes,Yes,Low,Yes
3622,44,78293,5,2,8,18,2,Male,Urban,SUV,No,No,Low,No
3623,44,126983,37.5,1,1,3,2,Female,Rural,SUV,Yes,Yes,Low,No
3624,53,112562,29.6,1,1,1,5,Male,Rural,SUV,Yes,Yes,Low,Yes
3625,52,92864,11.1,1,13,18,4,Female,Urban,Sedan,No,No,Low,No
3626,43,117892,5,1,0,6,3,Female,Suburban,Sedan,Yes,Yes,Low,No
3627,41,91412,35.2,2,4,9,4,Female,Suburban,Hatchback,Yes,No,Low,No
3628,33,73410,39.5,1,6,2,2,Female,Suburban,Hatchback,Yes,No,Low,No
3629,50,30000,54.6,2,4,5,2,Female,Suburban,SUV,Yes,No,Low,No
3630,45,81110,57.2,3,0,2,1,Male,Rural,Sedan,Yes,No,Low,No
3631,40,94495,52.7,1,3,17,1,Male,Urban,Sedan,No,No,Low,No
3632,59,86595,39.7,3,1,6,2,Female,Suburban,Hatchback,Yes,Yes,Low,No
3633,36,67762,27.4,1,8,5,3,Female,Urban,Sedan,No,Yes,Medium,Yes
3634,61,54739,5,1,14,9,1,Male,Urban,Sedan,Yes,No,Low,No
3635,68,94814,5,1,3,9,1,Female,Suburban,Hatchback,Yes,Yes,Low,No
3636,46,30000,50.1,1,7,6,2,Male,Urban,Sedan,Yes,Yes,Low,No
3637,27,86986,38.6,1,1,9,2,Female,Suburban,Hatchback,Yes,Yes,Low,No
3638,38,150159,22.2,1,2,8,5,Female,Suburban,Hatchback,Yes,Yes,Low,Yes
3639,27,121400,23.9,2,0,8,5,Female,Suburban,Hatchback,Yes,Yes,Low,Yes
3640,61,87675,24.9,2,9,4,2,Female,Urban,SUV,No,Yes,Medium,No
3641,37,114711,38.9,2,6,1,1,Female,Suburban,Sedan,No,Yes,Medium,No
3642,36,71020,21.8,1,3,8,3,Female,Suburban,Sedan,Yes,Yes,Low,No
3643,29,93989,23.9,1,2,4,2,Female,Suburban,Sedan,Yes,Yes,Low,No
3644,59,30000,29.2,3,0,7,3,Female,Suburban,Sedan,Yes,Yes,Low,No
3645,52,73436,55.9,2,4,13,4,Male,Urban,Sedan,No,No,Low,No
3646,61,62705,56.9,2,1,1,2,Female,Rural,Sedan,No,No,Medium,No
3647,43,82818,5,3,10,15,5,Male,Urban,SUV,No,Yes,Low,No
3648,52,133945,5,2,2,9,1,Female,Urban,Hatchback,No,No,Medium,No
3649,66,66516,21.8,2,6,13,5,Female,Urban,SUV,No,Yes,Low,No
3650,25,111206,39,2,8,16,4,Male,Urban,Sedan,No,Yes,Low,Yes
3651,27,131482,5,1,14,19,4,Female,Urban,SUV,No,Yes,Low,No
3652,46,40429,54,1,0,3,1,Female,Rural,Hatchback,Yes,No,Low,No
3653,55,107494,5,1,7,9,3,Male,Urban,Hatchback,No,No,Medium,No
3654,69,69889,51.4,1,13,13,5,Female,Urban,SUV,Yes,No,Low,No
3655,41,123738,5,1,4,5,2,Male,Urban,SUV,No,No,Low,No
3656,67,119214,5,2,10,13,1,Male,Urban,Sedan,No,Yes,Low,No
3657,58,123567,34.3,3,5,16,4,Female,Urban,Sedan,Yes,No,Low,No
3658,58,85514,17.6,2,5,9,2,Male,Suburban,SUV,Yes,Yes,Low,No
3659,41,70814,25.5,1,6,6,2,Female,Suburban,Hatchback,No,No,Low,No
3660,43,86095,52,1,7,8,4,Male,Suburban,SUV,Yes,No,Low,No
3661,43,99406,20.2,1,3,7,4,Female,Suburban,Sedan,Yes,Yes,Low,Yes
3662,55,122427,5,2,7,5,1,Female,Urban,SUV,No,Yes,Medium,No
3663,37,63794,43.2,2,5,17,3,Male,Urban,SUV,No,Yes,Low,No
3664,27,110239,5,2,5,19,3,Female,Urban,Sedan,No,Yes,Low,No
3665,37,82325,5,1,7,16,2,Male,Urban,Sedan,No,No,Low,No
3666,54,107750,60,3,8,19,4,Female,Urban,Sedan,No,Yes,Low,No
3667,65,91412,32.3,1,8,19,4,Male,Urban,Sedan,No,Yes,Low,No
3668,25,94936,23.4,3,0,2,1,Male,Rural,Sedan,Yes,Yes,Low,No
3669,36,105899,21.8,2,0,7,5,Male,Suburban,SUV,Yes,Yes,Low,Yes
3670,69,103847,33,1,0,2,2,Male,Rural,Sedan,Yes,Yes,Low,No
3671,56,30000,39.4,2,10,12,5,Female,Urban,SUV,No,Yes,Low,No
3672,49,106464,23.6,2,2,3,3,Male,Rural,SUV,Yes,No,Low,No
3673,34,73938,16.9,2,7,8,2,Male,Urban,Sedan,Yes,Yes,Low,No
3674,61,58964,48.9,1,6,3,2,Male,Suburban,SUV,Yes,Yes,Low,No
3675,55,165093,26.5,2,3,7,4,Male,Urban,Sedan,No,Yes,Medium,Yes
3676,29,93683,39.7,1,5,2,5,Female,Suburban,SUV,Yes,No,Low,No
3677,62,83367,5,1,2,3,3,Male,Rural,SUV,Yes,No,Low,No
3678,58,93930,30.3,1,5,10,4,Male,Urban,Sedan,Yes,Yes,Low,No
3679,36,87215,43.4,2,5,17,5,Female,Urban,Hatchback,No,No,Low,No
3680,30,73979,34.1,2,6,8,5,Male,Urban,Sedan,No,Yes,Medium,No
3681,41,51878,37.3,2,6,7,3,Male,Urban,Sedan,Yes,Yes,Low,No
3682,56,30000,35.9,2,0,2,2,Male,Rural,SUV,Yes,Yes,Low,No
3683,40,60467,30.8,2,0,5,4,Female,Suburban,Sedan,Yes,No,Low,No
3684,25,90912,54.2,1,5,4,3,Male,Suburban,SUV,Yes,Yes,Low,No
3685,58,30000,56.4,2,2,3,2,Female,Urban,Truck,No,Yes,Medium,No
3686,31,94781,29.4,1,2,5,1,Female,Suburban,SUV,Yes,No,Low,No
3687,44,72441,44,1,12,3,1,Female,Urban,Sedan,No,No,Medium,No
3688,66,73678,31.2,1,6,2,5,Male,Suburban,SUV,Yes,Yes,Low,Yes
3689,39,61380,5,2,3,5,5,Male,Urban,Sedan,No,No,Low,No
3690,52,80584,5,1,13,12,3,Male,Urban,Sedan,Yes,Yes,Low,No
3691,40,90812,32.7,1,14,17,1,Male,Urban,Sedan,No,Yes,Low,No
3692,25,81093,18.9,2,5,1,2,Male,Suburban,Hatchback,Yes,Yes,Low,No
3693,33,134591,60.3,1,6,8,4,Male,Urban,Sedan,No,Yes,Medium,Yes
3694,55,105576,21.7,2,1,2,5,Male,Rural,Hatchback,Yes,Yes,Low,Yes
3695,68,84768,5,3,6,8,2,Male,Suburban,Hatchback,Yes,Yes,Low,No
3696,61,90198,5,1,0,2,3,Female,Rural,Sedan,Yes,No,Low,No
3697,26,30000,28.6,2,6,16,3,Male,Urban,SUV,Yes,No,Low,No
3698,30,95892,5,2,7,11,5,Female,Urban,Sedan,Yes,No,Low,No
3699,25,30000,32.3,1,3,9,5,Female,Suburban,Truck,Yes,Yes,Low,Yes
3700,56,84493,38.7,1,3,12,3,Male,Urban,Sedan,No,Yes,Medium,No
3701,48,30000,36.1,1,3,1,1,Male,Suburban,SUV,Yes,Yes,Low,No
3702,36,75370,31,2,5,19,3,Male,Urban,SUV,No,Yes,Low,No
3703,51,88364,61.6,2,3,5,2,Female,Suburban,SUV,Yes,Yes,Low,No
3704,31,62336,23.2,1,4,1,4,Female,Suburban,SUV,Yes,No,Low,No
3705,67,131068,31,1,12,4,1,Male,Urban,SUV,No,No,Medium,No
3706,33,30000,62.6,2,8,3,4,Female,Urban,SUV,No,No,Medium,No
3707,28,92649,26.3,3,8,15,4,Male,Urban,SUV,No,No,Low,No
3708,58,90950,55.4,2,3,8,2,Female,Urban,Sedan,No,Yes,Medium,No
3709,49,113781,54.4,4,5,17,1,Male,Urban,Sedan,No,Yes,Low,No
3710,62,148415,5,3,2,15,1,Male,Urban,SUV,Yes,Yes,Low,No
3711,25,58764,34.6,2,0,3,1,Female,Rural,Sedan,Yes,Yes,Low,No
3712,27,121896,16.2,2,12,10,3,Male,Urban,SUV,No,No,Low,No
3713,51,93957,5,2,0,1,1,Male,Rural,Sedan,Yes,Yes,Low,No
3714,48,92697,37.8,2,7,16,1,Female,Urban,Sedan,Yes,No,Low,No
3715,25,131482,32.5,1,0,6,1,Male,Suburban,Sedan,Yes,No,Low,No
3716,53,111303,80.3,1,2,0,1,Male,Rural,SUV,No,Yes,High,No
3717,69,101268,5,2,1,5,1,Male,Suburban,Truck,Yes,No,Low,No
3718,35,81533,27.8,2,7,6,5,Female,Suburban,Sedan,Yes,No,Low,No
3719,66,30000,5,2,1,2,1,Female,Rural,SUV,Yes,Yes,Low,No
3720,38,111587,5,1,2,3,5,Male,Rural,Sedan,Yes,No,Low,No
3721,33,30000,5,1,2,9,1,Male,Suburban,Sedan,Yes,Yes,Low,No
3722,26,129743,44.9,2,1,1,1,Male,Rural,SUV,Yes,Yes,Low,No
3723,30,82460,26.7,2,4,6,2,Male,Urban,Sedan,No,Yes,Low,No
3724,26,86854,55.9,4,7,5,1,Female,Suburban,Truck,Yes,Yes,Low,No
3725,39,113372,42.5,1,5,6,2,Male,Suburban,SUV,Yes,Yes,Low,No
3726,34,63680,19.9,2,7,3,4,Male,Suburban,Sedan,No,No,Medium,No
3727,28,139905,38,2,4,5,5,Female,Suburban,Truck,Yes,Yes,Low,Yes
3728,58,61760,35.3,1,2,11,1,Female,Urban,Sedan,No,Yes,Low,No
3729,60,88615,38.6,2,0,3,5,Female,Suburban,SUV,Yes,No,Low,No
3730,25,86429,33.7,2,8,3,1,Female,Urban,Sedan,No,Yes,Low,No
3731,37,149892,44.9,2,5,8,3,Female,Suburban,Sedan,Yes,No,Low,No
3732,68,75326,5,2,7,4,2,Male,Urban,Sedan,Yes,Yes,Low,No
3733,40,30000,20.6,1,2,2,4,Male,Rural,SUV,Yes,Yes,Low,No
3734,48,119746,44.7,1,8,12,1,Male,Urban,Sedan,No,Yes,Medium,No
3735,60,77157,24.9,1,5,4,5,Female,Suburban,SUV,Yes,No,Low,No
3736,61,116889,38.5,2,2,17,5,Male,Urban,SUV,Yes,Yes,Low,Yes
3737,43,113337,53.3,2,2,0,4,Male,Rural,Hatchback,Yes,Yes,Low,Yes
3738,26,30000,66.3,2,4,9,1,Female,Suburban,Sedan,Yes,Yes,Low,No
3739,36,75358,51.6,2,7,6,2,Male,Urban,Sedan,No,No,Low,No
3740,51,112279,5,2,10,11,4,Female,Urban,SUV,No,No,Low,No
3741,48,108778,57.2,2,7,3,3,Female,Suburban,Sedan,Yes,No,Low,No
3742,31,83686,32,1,9,19,1,Female,Urban,Sedan,No,No,Low,No
3743,40,73881,54.4,2,1,3,5,Male,Rural,Sedan,Yes,Yes,Low,No
3744,57,30000,32.6,1,9,9,2,Female,Urban,SUV,No,No,Low,No
3745,48,72816,25.9,2,0,2,1,Female,Rural,SUV,Yes,Yes,Low,No
3746,43,55986,61.5,2,7,5,3,Female,Urban,SUV,No,Yes,Medium,No
3747,28,91607,26,2,6,5,1,Female,Suburban,SUV,Yes,Yes,Low,No
3748,26,134433,33.3,1,3,10,2,Female,Urban,Sedan,No,Yes,Low,No
3749,61,97630,43.9,1,2,3,4,Female,Suburban,SUV,Yes,No,Low,No
3750,59,77242,5,2,11,5,3,Male,Urban,SUV,Yes,Yes,Low,No
3751,62,95583,38.8,1,10,7,5,Male,Urban,SUV,No,Yes,Medium,No
3752,32,90366,29.9,1,4,10,3,Male,Urban,SUV,No,No,Medium,No
3753,49,96160,56.6,2,3,12,2,Male,Urban,Sedan,No,Yes,Low,No
3754,45,100936,62.4,3,11,14,4,Female,Urban,SUV,Yes,Yes,Low,Yes
3755,52,96300,41.1,2,1,1,5,Female,Rural,Sedan,Yes,Yes,Low,Yes
3756,33,93383,5,2,1,5,4,Male,Suburban,Sedan,Yes,No,Low,No
3757,48,119401,5,2,4,9,2,Male,Suburban,SUV,Yes,No,Low,No
3758,44,94510,5,1,1,6,3,Female,Suburban,Sedan,No,Yes,Medium,No
3759,49,107310,32.1,3,3,8,2,Male,Suburban,Hatchback,Yes,Yes,Low,No
3760,37,81483,5,1,12,14,3,Female,Urban,SUV,Yes,No,Low,No
3761,26,81478,5,1,4,6,2,Female,Urban,SUV,No,Yes,Low,No
3762,29,107315,41.1,1,8,19,5,Male,Urban,SUV,Yes,Yes,Low,No
3763,49,110158,52.5,1,0,1,3,Female,Suburban,SUV,No,Yes,Medium,No
3764,26,84287,18.2,2,2,8,2,Male,Urban,Sedan,Yes,Yes,Low,No
3765,41,102624,44.9,1,12,18,5,Female,Urban,Hatchback,Yes,Yes,Low,Yes
3766,49,95950,67,1,4,10,2,Female,Urban,SUV,No,Yes,Medium,No
3767,55,80713,19.3,2,2,0,4,Other,Rural,SUV,Yes,No,Low,No
3768,29,96677,61.5,2,13,13,2,Female,Urban,Sedan,Yes,No,Low,No
3769,33,84768,37.4,1,1,1,2,Female,Rural,Sedan,Yes,Yes,Low,No
3770,42,103613,37.5,3,1,8,4,Female,Suburban,Sedan,Yes,Yes,Low,No
3771,51,124469,53.3,1,10,9,2,Female,Urban,Sedan,No,Yes,Low,No
3772,68,56513,37.1,2,2,5,5,Male,Suburban,Sedan,Yes,No,Low,No
3773,29,30000,31.3,2,1,2,3,Male,Suburban,SUV,Yes,No,Low,No
3774,60,88405,19.9,1,2,2,5,Female,Rural,Hatchback,Yes,Yes,Low,Yes
3775,57,91213,47.8,1,10,14,2,Male,Urban,Truck,Yes,Yes,Low,No
3776,49,113337,21.1,2,0,6,5,Male,Suburban,SUV,Yes,Yes,Low,Yes
3777,67,91578,17.1,2,7,13,1,Male,Urban,Truck,No,No,Low,No
3778,37,45980,5,1,5,8,2,Female,Suburban,Sedan,No,Yes,Medium,No
3779,50,86831,32.5,1,7,8,1,Female,Suburban,Sedan,Yes,Yes,Low,No
3780,52,126746,46.4,2,0,2,1,Male,Rural,SUV,Yes,Yes,Low,No
3781,56,57726,28.8,2,2,15,2,Female,Urban,Sedan,Yes,Yes,Low,No
3782,48,69005,71.9,1,2,4,1,Male,Urban,Sedan,Yes,No,Low,No
3783,32,93694,5,1,6,16,4,Female,Urban,SUV,No,Yes,Low,Yes
3784,62,30000,45.9,1,5,13,2,Female,Urban,Truck,No,Yes,Medium,No
3785,59,132982,5,1,2,11,5,Male,Urban,Sedan,Yes,Yes,Low,No
3786,28,102049,47.5,2,9,7,5,Male,Urban,Hatchback,No,Yes,Medium,Yes
3787,68,70829,26,1,1,1,1,Male,Suburban,Sedan,Yes,No,Low,No
3788,36,91560,5,3,4,2,2,Male,Suburban,Sedan,Yes,No,Low,No
3789,26,44625,5,2,4,7,3,Female,Suburban,Truck,Yes,Yes,Low,No
3790,57,148948,24.9,2,7,8,5,Male,Urban,Sedan,No,Yes,Low,Yes
3791,61,53845,61.5,1,6,3,5,Male,Suburban,Truck,No,No,Medium,No
3792,44,61380,43.8,2,11,10,2,Female,Urban,SUV,Yes,Yes,Low,No
3793,50,70523,28.7,3,4,10,2,Female,Urban,Sedan,Yes,No,Low,No
3794,48,30000,5,2,0,0,1,Female,Rural,Hatchback,Yes,Yes,Low,No
3795,40,65790,21.8,1,1,7,4,Female,Suburban,Truck,Yes,Yes,Low,No
3796,49,30000,27,1,11,19,2,Male,Urban,Hatchback,Yes,Yes,Low,No
3797,27,106442,45.1,3,7,7,5,Female,Suburban,SUV,Yes,Yes,Low,Yes
3798,50,63791,12.4,2,10,7,2,Male,Urban,Sedan,No,Yes,Low,No
3799,51,30000,44.4,2,0,1,4,Male,Rural,SUV,Yes,No,Low,No
3800,47,90981,46,1,1,2,1,Male,Rural,Sedan,Yes,No,Low,No
3801,67,70973,48.4,1,1,6,1,Female,Suburban,SUV,Yes,Yes,Low,No
3802,27,64973,16,4,5,3,5,Other,Urban,Hatchback,Yes,No,Low,No
3803,57,83489,5,2,1,3,4,Male,Rural,Sedan,Yes,Yes,Low,No
3804,63,117771,5,1,7,4,4,Male,Suburban,Hatchback,Yes,No,Low,No
3805,47,79855,22.8,1,12,14,5,Male,Urban,Hatchback,Yes,Yes,Low,No
3806,60,94575,24.6,2,5,9,5,Male,Urban,Truck,No,Yes,Low,Yes
3807,27,30000,49.9,2,2,5,4,Male,Suburban,SUV,Yes,Yes,Low,No
3808,66,88640,49.6,1,9,3,4,Female,Urban,Sedan,No,Yes,Medium,No
3809,34,30000,16.7,1,11,18,3,Female,Urban,Sedan,No,Yes,Low,No
3810,64,91560,54.4,2,9,9,1,Male,Urban,SUV,No,No,Low,No
3811,28,132982,5,2,7,12,1,Female,Urban,Sedan,No,Yes,Low,No
3812,33,103885,58.2,3,6,6,2,Male,Suburban,Truck,No,Yes,Medium,No
3813,30,107845,50.7,1,3,12,2,Male,Urban,Sedan,No,No,Medium,No
3814,44,30000,21.3,1,3,9,1,Male,Suburban,SUV,Yes,No,Low,No
3815,46,30000,5,1,6,5,3,Male,Suburban,Sedan,Yes,Yes,Low,No
3816,30,106831,45.4,1,3,7,2,Male,Suburban,Sedan,Yes,No,Low,No
3817,36,118610,21.8,1,1,1,4,Male,Rural,Sedan,Yes,Yes,Low,No
3818,58,30000,5,2,9,18,2,Male,Urban,SUV,No,No,Low,No
3819,33,30000,67.4,2,7,7,4,Male,Suburban,SUV,Yes,No,Low,No
3820,27,30000,35.3,2,6,17,3,Female,Urban,Sedan,No,Yes,Low,No
3821,46,96419,5,2,7,7,5,Male,Suburban,SUV,Yes,Yes,Low,Yes
3822,44,58922,26.8,2,13,4,5,Male,Urban,Sedan,No,Yes,Medium,No
3823,55,119931,60.7,2,1,6,1,Female,Suburban,Sedan,Yes,No,Low,No
3824,40,86448,67.4,1,1,5,4,Female,Suburban,Hatchback,Yes,No,Low,No
3825,66,84012,48.2,3,5,8,3,Female,Suburban,Sedan,No,Yes,Low,No
3826,63,63694,37.3,2,7,8,2,Male,Urban,Hatchback,No,No,Low,No
3827,42,78525,61.5,2,5,19,4,Female,Urban,Hatchback,Yes,No,Low,No
3828,49,30000,48.5,2,11,19,5,Male,Urban,Truck,No,Yes,Low,No
3829,41,79956,55.6,3,1,9,5,Female,Suburban,Sedan,Yes,No,Low,No
3830,35,56891,58.4,1,1,2,1,Female,Rural,Sedan,Yes,Yes,Low,No
3831,62,88889,49.3,1,2,1,3,Female,Rural,SUV,No,No,High,No
3832,67,30000,50.3,2,5,5,2,Female,Suburban,SUV,Yes,Yes,Low,No
3833,65,83691,56.9,1,2,15,4,Male,Urban,Sedan,No,Yes,Medium,No
3834,26,131360,31.8,2,0,3,5,Male,Rural,SUV,Yes,Yes,Low,Yes
3835,60,99136,5,3,14,5,5,Male,Urban,SUV,No,No,Low,No
3836,28,70864,55.8,2,2,13,2,Male,Urban,Hatchback,No,No,Medium,No
3837,26,99424,24.4,1,4,8,5,Female,Suburban,Sedan,Yes,No,Low,No
3838,28,81622,5,2,9,14,2,Female,Urban,Sedan,Yes,Yes,Low,No
3839,45,92372,5,2,6,18,5,Male,Urban,Sedan,No,Yes,Low,No
3840,63,65425,61.7,1,5,7,3,Female,Urban,SUV,No,No,Low,No
3841,57,94575,54.1,1,0,6,1,Female,Suburban,SUV,Yes,Yes,Low,No
3842,49,114870,13,2,12,4,4,Male,Urban,SUV,Yes,Yes,Low,Yes
3843,42,30000,32.4,2,1,2,1,Male,Rural,Sedan,Yes,Yes,Low,No
3844,53,71226,35.7,2,2,2,1,Female,Rural,Truck,Yes,No,Low,No
3845,53,151392,35.2,3,2,2,4,Female,Rural,Sedan,Yes,No,Low,Yes
3846,55,107944,43.8,1,4,8,5,Female,Suburban,SUV,Yes,Yes,Low,Yes
3847,50,84578,17.3,1,2,4,1,Female,Urban,Sedan,Yes,No,Low,No
3848,68,70591,30.1,1,6,2,3,Female,Suburban,Hatchback,Yes,Yes,Low,No
3849,51,148722,52.5,1,2,3,2,Male,Rural,Sedan,Yes,Yes,Low,No
3850,65,137965,34,2,2,4,3,Female,Suburban,Sedan,Yes,No,Low,No
3851,69,76678,32.9,2,6,6,2,Male,Urban,SUV,Yes,Yes,Low,No
3852,31,73467,21.4,3,6,6,3,Male,Urban,Truck,No,No,Low,No
3853,43,30000,57,1,0,8,2,Male,Suburban,SUV,Yes,No,Low,No
3854,50,113978,17.1,1,0,3,2,Female,Rural,Hatchback,Yes,Yes,Low,No
3855,26,68476,55.9,2,0,8,2,Female,Suburban,SUV,Yes,Yes,Low,No
3856,36,90471,31.8,2,6,4,5,Male,Suburban,Sedan,Yes,Yes,Low,Yes
3857,60,81686,43.3,2,1,6,3,Male,Suburban,SUV,Yes,Yes,Low,No
3858,56,51333,55.2,1,14,17,3,Female,Urban,Sedan,Yes,No,Low,No
3859,30,30000,56.9,2,4,7,1,Female,Suburban,SUV,Yes,Yes,Low,No
3860,58,124479,51.4,2,11,17,1,Female,Urban,Sedan,No,Yes,Low,No
3861,27,86407,28.2,2,0,1,1,Female,Suburban,SUV,Yes,No,Low,No
3862,42,45980,57,2,4,12,5,Female,Urban,SUV,No,Yes,Medium,No
3863,59,30000,32.7,1,10,10,5,Male,Urban,Sedan,No,No,Medium,No
3864,52,133823,25.6,1,0,1,4,Male,Suburban,Sedan,Yes,Yes,Low,No
3865,32,112352,5,1,1,1,1,Female,Rural,SUV,Yes,No,Low,No
3866,37,118904,5,2,0,2,2,Female,Rural,SUV,Yes,No,Low,No
3867,64,77206,27.4,1,6,8,5,Female,Suburban,SUV,Yes,Yes,Low,Yes
3868,67,58355,45.6,2,13,16,1,Male,Urban,Sedan,No,Yes,Low,No
3869,62,69998,55.5,1,2,1,5,Female,Rural,Sedan,Yes,Yes,Low,Yes
3870,27,152848,34.8,2,4,4,5,Female,Suburban,Sedan,Yes,Yes,Low,No
3871,67,64908,59.1,2,12,4,2,Male,Urban,Sedan,No,No,Low,No
3872,65,30000,19.8,1,2,8,3,Male,Suburban,Sedan,Yes,Yes,Low,No
3873,25,30000,32.4,2,1,9,3,Male,Suburban,Truck,Yes,Yes,Low,No
3874,26,72410,47.9,2,2,2,3,Female,Rural,SUV,Yes,Yes,Low,No
3875,64,91328,19.3,3,2,7,1,Female,Suburban,Sedan,Yes,Yes,Low,Yes
3876,65,95939,5,2,7,8,5,Male,Suburban,Sedan,Yes,No,Low,No
3877,31,72415,50.7,1,9,9,1,Male,Urban,Sedan,No,Yes,Medium,No
3878,67,109380,61.6,1,6,4,3,Male,Urban,Sedan,No,Yes,Medium,No
3879,46,93678,38.7,1,0,9,3,Female,Suburban,Sedan,Yes,Yes,Low,No
3880,55,108860,28,2,2,9,2,Female,Suburban,SUV,Yes,Yes,Low,No
3881,28,48735,44.7,1,6,8,2,Male,Suburban,Sedan,Yes,Yes,Low,No
3882,30,106653,35.3,1,1,1,5,Male,Rural,Sedan,Yes,Yes,Low,Yes
3883,27,107839,49.7,2,2,2,3,Male,Suburban,Truck,No,Yes,Medium,No
3884,42,91821,5,1,10,16,5,Female,Urban,Hatchback,No,Yes,Low,Yes
3885,36,82668,8.2,3,10,4,5,Female,Urban,Sedan,No,Yes,Low,No
3886,58,64387,48.5,1,4,10,1,Male,Urban,SUV,Yes,Yes,Low,No
3887,64,107254,34.8,4,0,1,5,Male,Rural,Sedan,Yes,Yes,Low,Yes
3888,57,82429,43.7,1,11,3,2,Male,Urban,Sedan,No,Yes,Medium,No
3889,63,68192,53.3,2,6,7,5,Female,Suburban,Hatchback,Yes,No,Low,No
3890,27,91412,30.3,1,5,17,5,Male,Urban,Hatchback,Yes,No,Low,No
3891,55,61183,57.9,1,2,8,4,Female,Suburban,SUV,Yes,No,Low,No
3892,33,65738,35.7,1,2,18,2,Male,Urban,Truck,No,No,Low,No
3893,41,117510,98.2,4,1,2,1,Female,Rural,Sedan,No,Yes,High,No
3894,52,93341,21.3,2,9,9,4,Male,Urban,Sedan,Yes,Yes,Low,Yes
3895,61,78911,37.7,1,9,19,4,Male,Urban,SUV,No,No,Low,No
3896,49,112446,41.8,2,3,16,4,Female,Urban,Hatchback,No,Yes,Low,No
3897,57,114057,54.5,2,1,3,5,Female,Rural,SUV,Yes,Yes,Low,Yes
3898,28,106984,5,2,14,6,3,Male,Urban,Truck,No,Yes,Low,No
3899,26,79164,28.8,2,2,7,4,Female,Urban,SUV,Yes,No,Low,No
3900,68,90337,46.4,2,8,11,4,Male,Urban,Sedan,No,Yes,Low,Yes
3901,55,66984,50.3,3,5,8,5,Male,Urban,Sedan,No,Yes,Low,No
3902,35,103933,48.1,1,8,12,5,Female,Urban,Hatchback,Yes,Yes,Low,Yes
3903,52,78569,52.4,3,3,1,3,Female,Suburban,SUV,No,Yes,Medium,No
3904,26,76549,39.4,1,4,16,1,Female,Urban,Hatchback,No,Yes,Low,No
3905,69,88869,41.5,2,1,2,1,Female,Rural,Hatchback,Yes,No,Low,No
3906,27,79660,35.1,2,1,0,5,Male,Rural,Sedan,Yes,Yes,Low,Yes
3907,44,95894,43.9,1,6,2,4,Female,Suburban,Truck,No,No,Medium,No
3908,25,30000,55.4,1,2,3,2,Female,Rural,Sedan,Yes,No,Low,No
3909,36,77979,5,2,5,5,3,Male,Urban,Truck,No,Yes,Low,Yes
3910,56,109594,50.1,1,9,17,3,Female,Urban,Sedan,Yes,No,Low,No
3911,35,107519,50.9,3,1,5,3,Male,Suburban,Sedan,Yes,Yes,Low,No
3912,38,80199,5,1,2,2,1,Female,Rural,Sedan,Yes,No,Low,No
3913,33,92882,38.6,2,9,11,4,Male,Urban,Sedan,No,No,Low,No
3914,34,109783,44.4,2,6,10,3,Male,Urban,Sedan,No,No,Low,No
3915,63,52786,26.4,2,7,11,3,Female,Urban,Sedan,No,Yes,Low,No
3916,47,105957,50.2,2,2,2,5,Female,Suburban,Sedan,Yes,Yes,Low,Yes
3917,36,84530,28.5,2,6,3,3,Male,Suburban,Sedan,Yes,Yes,Low,Yes
3918,26,104581,5,1,5,17,5,Male,Urban,Sedan,No,Yes,Low,Yes
3919,57,80545,29.8,3,2,1,1,Female,Rural,Sedan,Yes,No,Low,No
3920,27,163475,27.7,1,4,9,4,Male,Urban,SUV,No,No,Medium,No
3921,46,30000,33.4,2,1,5,1,Male,Suburban,Sedan,Yes,Yes,Low,No
3922,39,107175,5,1,12,4,2,Female,Urban,Sedan,Yes,Yes,Low,No
3923,39,64714,30.6,1,3,8,1,Male,Urban,SUV,No,Yes,Low,No
3924,29,43860,20.1,1,6,5,1,Male,Suburban,SUV,Yes,No,Low,No
3925,30,97597,49.9,1,2,1,1,Male,Rural,Sedan,Yes,Yes,Low,No
3926,49,91762,41.4,3,5,9,5,Male,Suburban,Sedan,Yes,No,Low,No
3927,65,93329,5,1,3,4,1,Female,Suburban,Sedan,Yes,Yes,Low,No
3928,66,122217,62.8,1,1,1,1,Male,Rural,SUV,Yes,Yes,Low,No
3929,68,143044,27.9,1,7,7,2,Female,Suburban,Sedan,Yes,No,Low,No
3930,62,86095,42.9,3,7,12,3,Male,Urban,Hatchback,No,Yes,Low,Yes
3931,53,98644,5,2,7,9,2,Male,Suburban,SUV,Yes,No,Low,No
3932,49,94443,23.9,2,2,8,2,Male,Urban,Sedan,Yes,No,Low,No
3933,66,56866,5,1,3,9,1,Male,Suburban,Sedan,Yes,Yes,Low,No
3934,26,30000,56.9,2,1,0,1,Female,Rural,Sedan,Yes,Yes,Low,No
3935,66,78656,5,1,5,18,2,Male,Urban,Sedan,No,Yes,Low,No
3936,54,87877,53.6,2,7,8,2,Male,Suburban,SUV,Yes,No,Low,No
3937,36,82325,5,1,1,1,3,Male,Rural,Hatchback,Yes,No,Low,No
3938,50,51331,43.9,3,14,3,1,Female,Urban,Sedan,No,Yes,Medium,No
3939,26,69432,26.4,2,2,17,2,Female,Urban,Sedan,No,No,Low,No
3940,55,74986,54.4,2,5,9,1,Male,Suburban,Sedan,Yes,No,Low,No
3941,30,71040,39.3,2,3,2,2,Male,Suburban,Sedan,Yes,Yes,Low,No
3942,52,110624,43.1,2,4,4,5,Female,Urban,Sedan,No,No,Medium,No
3943,26,72439,66.9,3,3,8,1,Female,Suburban,Hatchback,Yes,No,Low,No
3944,55,93694,5,2,3,9,4,Female,Suburban,SUV,Yes,No,Low,No
3945,37,78738,58.8,2,1,0,2,Male,Rural,Truck,Yes,No,Low,No
3946,49,143670,5,1,1,1,3,Male,Suburban,SUV,Yes,No,Low,No
3947,49,61310,5,2,3,13,3,Female,Urban,Sedan,No,No,Low,No
3948,46,85513,70.9,3,5,13,5,Male,Urban,Sedan,No,Yes,Medium,No
3949,40,141069,43.4,1,2,1,4,Male,Suburban,Sedan,Yes,Yes,Low,Yes
3950,67,114095,5,2,5,17,5,Male,Urban,Hatchback,No,Yes,Low,Yes
3951,37,67954,33.9,1,4,8,3,Female,Suburban,SUV,Yes,No,Low,No
3952,50,30000,5,1,6,7,1,Male,Suburban,Truck,Yes,Yes,Low,No
3953,38,92776,49.8,1,11,17,1,Female,Urban,SUV,No,Yes,Low,No
3954,25,45615,5,2,1,2,1,Female,Rural,SUV,Yes,Yes,Low,No
3955,56,100929,27.3,3,2,3,2,Female,Rural,Sedan,Yes,Yes,Low,No
3956,64,91889,53.3,2,3,9,5,Female,Suburban,Sedan,Yes,No,Low,No
3957,54,138730,36.2,1,2,0,1,Female,Rural,SUV,Yes,No,Low,No
3958,56,136533,42.3,2,6,17,5,Female,Urban,Hatchback,Yes,No,Low,No
3959,25,82313,43.1,1,2,2,2,Male,Rural,SUV,Yes,Yes,Low,No
3960,55,105596,33,2,5,3,5,Female,Urban,SUV,No,Yes,Low,Yes
3961,28,90202,5,1,3,17,5,Male,Urban,SUV,No,Yes,Low,No
3962,63,147870,49.9,1,1,2,2,Female,Rural,Truck,Yes,Yes,Low,No
3963,28,85465,20.5,1,1,2,2,Male,Suburban,Sedan,Yes,No,Low,No
3964,25,58161,36.1,2,1,3,1,Female,Rural,Sedan,Yes,No,Low,No
3965,50,93904,5,1,4,9,4,Male,Suburban,Truck,Yes,Yes,Low,No
3966,39,70399,44.4,1,11,18,2,Female,Urban,SUV,No,Yes,Medium,No
3967,33,30000,5,2,10,16,1,Female,Urban,Sedan,No,Yes,Low,No
3968,31,63819,40.4,2,12,13,2,Female,Urban,Sedan,No,Yes,Low,No
3969,55,68898,5,2,12,5,4,Male,Urban,Sedan,No,Yes,Low,Yes
3970,59,78526,78.5,2,2,8,2,Male,Suburban,Sedan,No,Yes,High,No
3971,32,77922,52.2,2,2,2,1,Male,Rural,SUV,Yes,No,Low,No
3972,43,119299,61.8,2,8,18,1,Male,Urban,SUV,No,No,Low,No
3973,41,30000,37.7,1,5,5,2,Male,Suburban,Truck,Yes,Yes,Low,No
3974,61,92800,39.6,2,6,17,5,Female,Urban,Sedan,Yes,Yes,Low,Yes
3975,58,113801,52.3,1,14,4,5,Female,Urban,Sedan,Yes,No,Low,No
3976,65,66982,38.7,3,1,7,3,Female,Suburban,SUV,Yes,No,Low,No
3977,44,86877,62.1,1,2,5,2,Male,Urban,Sedan,No,Yes,Medium,No
3978,67,113343,46.7,1,14,7,3,Male,Urban,Sedan,No,Yes,Low,No
3979,40,74861,38.3,2,8,16,5,Female,Urban,Sedan,No,No,Low,No
3980,50,78569,16.1,2,6,6,5,Male,Suburban,SUV,Yes,Yes,Low,Yes
3981,53,80960,52.1,2,0,2,5,Male,Rural,Hatchback,Yes,Yes,Low,No
3982,60,115696,24.2,2,5,7,5,Female,Suburban,SUV,Yes,Yes,Low,Yes
3983,37,90510,5,3,3,4,5,Female,Suburban,SUV,Yes,Yes,Low,Yes
3984,57,129767,26.2,2,3,1,3,Male,Suburban,Hatchback,Yes,No,Low,No
3985,46,104896,15.9,2,6,2,5,Male,Suburban,SUV,Yes,Yes,Low,Yes
3986,26,63919,39.1,1,3,6,1,Female,Suburban,Sedan,Yes,No,Low,No
3987,35,71890,5,2,0,9,2,Male,Suburban,SUV,Yes,Yes,Low,No
3988,63,112804,21.9,3,6,8,5,Male,Suburban,Sedan,Yes,Yes,Low,No
3989,53,117280,15.9,2,5,7,5,Male,Suburban,Sedan,Yes,No,Low,No
3990,25,30000,40.4,3,2,2,2,Male,Rural,Sedan,Yes,Yes,Low,No
3991,29,128467,5,1,6,8,1,Male,Urban,Sedan,Yes,Yes,Low,No
3992,27,68315,34.5,2,2,11,3,Male,Urban,Sedan,Yes,No,Low,No
3993,56,73346,5,2,11,16,4,Male,Urban,Sedan,No,Yes,Low,No
3994,47,52615,55.6,2,7,6,1,Male,Urban,Hatchback,No,No,Medium,No
3995,69,148375,30.1,2,1,2,4,Female,Rural,Sedan,Yes,Yes,Low,Yes
3996,64,86909,17.7,2,2,7,4,Male,Suburban,Sedan,Yes,Yes,Low,No
3997,59,110561,5,1,1,6,5,Male,Suburban,Sedan,Yes,Yes,Low,Yes
3998,53,71164,27.8,2,1,1,3,Male,Rural,Hatchback,Yes,Yes,Low,No
3999,38,49329,34.6,2,13,16,1,Female,Urban,SUV,No,No,Low,No
4000,29,91262,39.1,2,14,8,3,Male,Urban,Sedan,No,No,Low,No
4001,56,58963,15.9,1,4,7,4,Male,Suburban,Sedan,Yes,Yes,Low,Yes
4002,59,69726,36.6,3,2,2,1,Male,Rural,Sedan,Yes,No,Low,No
4003,59,97934,47,1,1,1,1,Male,Rural,SUV,Yes,Yes,Low,No
4004,26,69435,38.9,2,4,8,3,Male,Suburban,Hatchback,No,No,Medium,No
4005,65,96658,24.2,2,11,7,4,Male,Urban,SUV,No,Yes,Medium,No
4006,54,75723,50.5,1,2,2,5,Male,Rural,SUV,Yes,Yes,Low,Yes
4007,54,90753,69.2,2,13,5,2,Male,Urban,Sedan,Yes,Yes,Low,No
4008,56,48214,36.7,1,11,6,4,Male,Urban,SUV,Yes,Yes,Low,No
4009,50,30000,45.6,1,2,8,2,Female,Suburban,SUV,Yes,Yes,Low,No
4010,33,72816,24.8,2,4,7,1,Female,Suburban,SUV,Yes,No,Low,No
4011,36,78415,54.7,3,1,2,5,Female,Rural,SUV,Yes,No,Low,No
4012,40,138717,48.9,2,12,13,5,Female,Urban,Hatchback,Yes,Yes,Low,Yes
4013,47,65801,5,2,0,9,4,Male,Suburban,Hatchback,Yes,Yes,Low,No
4014,45,59811,32.9,1,3,10,5,Female,Urban,Hatchback,No,Yes,Low,Yes
4015,32,30000,5,1,0,1,2,Female,Rural,Sedan,Yes,No,Low,No
4016,25,46945,53.3,1,1,1,1,Female,Rural,Sedan,Yes,No,Low,No
4017,54,92319,27.9,1,1,1,4,Male,Rural,Hatchback,Yes,Yes,Low,Yes
4018,53,86986,49.7,1,5,3,3,Male,Suburban,SUV,Yes,Yes,Low,Yes
4019,40,53837,49,2,0,5,1,Female,Suburban,SUV,Yes,No,Low,No
4020,46,59215,5,2,2,2,4,Female,Rural,Truck,Yes,No,Low,No
4021,38,85469,54.4,1,1,2,3,Female,Rural,Sedan,Yes,Yes,Low,No
4022,45,75544,49.5,2,0,2,3,Female,Rural,Sedan,Yes,Yes,Low,No
4023,55,99776,42.3,3,4,16,1,Male,Urban,SUV,Yes,Yes,Low,No
4024,40,30000,48.2,2,6,4,4,Male,Suburban,Sedan,Yes,Yes,Low,No
4025,33,30000,34.8,2,13,6,5,Male,Urban,SUV,No,No,Medium,No
4026,32,71040,37.2,1,1,0,2,Male,Rural,SUV,Yes,Yes,Low,No
4027,60,134931,16.2,1,1,3,3,Male,Rural,Sedan,Yes,No,Low,No
4028,33,91748,32.7,1,9,16,2,Male,Urban,Sedan,No,Yes,Low,No
4029,52,136025,5,2,11,16,4,Female,Urban,SUV,No,Yes,Low,No
4030,30,122934,20.7,1,7,1,1,Male,Suburban,Sedan,No,Yes,Medium,No
4031,31,96749,52.5,2,6,6,1,Male,Suburban,SUV,Yes,Yes,Low,No
4032,45,58519,42.8,3,8,19,4,Male,Urban,SUV,No,No,Low,No
4033,48,72454,36.5,1,2,2,2,Male,Suburban,Sedan,Yes,Yes,Low,No
4034,60,107985,5,2,11,14,5,Male,Urban,Sedan,No,Yes,Low,Yes
4035,52,124402,5,2,7,3,3,Male,Urban,Sedan,Yes,Yes,Low,Yes
4036,29,129919,51.3,2,6,5,5,Female,Urban,Truck,No,Yes,Medium,No
4037,56,91365,5,3,4,18,5,Male,Urban,Sedan,Yes,Yes,Low,Yes
4038,35,77979,21.7,4,10,7,1,Female,Urban,Sedan,No,Yes,Low,No
4039,66,79562,46.5,3,7,8,3,Female,Suburban,Sedan,Yes,No,Low,No
4040,69,151724,28.8,2,11,16,5,Female,Urban,Sedan,Yes,Yes,Low,Yes
4041,29,102624,55.4,1,8,19,4,Male,Urban,Sedan,Yes,Yes,Low,No
4042,39,64511,5,1,10,13,1,Male,Urban,Truck,No,No,Low,No
4043,61,71803,5,1,3,9,1,Female,Urban,Sedan,No,No,Low,No
4044,35,95896,15.9,1,0,0,4,Female,Rural,SUV,Yes,Yes,Low,Yes
4045,63,119602,5,1,12,7,1,Male,Urban,SUV,Yes,Yes,Low,No
4046,29,100442,5,2,3,7,1,Male,Suburban,SUV,Yes,Yes,Low,No
4047,47,30000,34,1,2,2,3,Male,Rural,Sedan,Yes,No,Low,No
4048,49,72223,23.7,1,2,3,3,Male,Rural,SUV,Yes,No,Low,No
4049,66,96747,30.3,2,4,18,1,Female,Urban,Sedan,No,Yes,Low,No
4050,69,121100,35.4,1,12,15,1,Male,Urban,Sedan,Yes,Yes,Low,No
4051,68,136025,32.4,1,3,16,1,Male,Urban,Sedan,Yes,Yes,Low,No
4052,43,95813,5,1,4,9,5,Male,Suburban,Sedan,Yes,No,Low,Yes
4053,48,63433,40.1,2,6,13,5,Female,Urban,SUV,No,Yes,Low,No
4054,69,69538,43.4,2,0,0,3,Male,Rural,Sedan,Yes,Yes,Low,No
4055,68,62655,40.1,2,6,10,4,Female,Urban,SUV,Yes,No,Low,No
4056,50,60401,53.2,1,5,6,2,Male,Suburban,Sedan,No,Yes,Medium,No
4057,55,125870,34.5,2,2,4,5,Female,Suburban,Truck,Yes,No,Low,No
4058,64,30000,31.2,3,2,9,2,Male,Suburban,Truck,Yes,Yes,Low,No
4059,44,117715,5,1,2,8,3,Female,Suburban,SUV,Yes,Yes,Low,No
4060,69,131789,62,1,9,9,2,Female,Urban,Sedan,No,Yes,Low,No
4061,32,172528,44,3,1,0,3,Female,Rural,SUV,Yes,Yes,Low,Yes
4062,62,68933,49.5,1,0,8,2,Female,Suburban,Sedan,Yes,No,Low,No
4063,50,30000,5,2,4,7,4,Female,Suburban,Sedan,Yes,Yes,Low,No
4064,67,62267,46.9,1,1,1,2,Male,Rural,Sedan,Yes,No,Low,No
4065,36,94936,18.1,2,5,12,5,Male,Urban,Sedan,No,Yes,Low,No
4066,36,110226,5,2,8,4,4,Female,Urban,Sedan,No,Yes,Low,Yes
4067,38,130118,38.8,2,6,17,1,Male,Urban,Sedan,Yes,No,Low,No
4068,51,71095,52.4,1,8,16,1,Female,Urban,Sedan,No,Yes,Low,No
4069,60,91326,49.2,3,5,9,4,Female,Suburban,Truck,Yes,Yes,Low,Yes
4070,42,72916,53.1,2,2,17,2,Female,Urban,Hatchback,Yes,No,Low,No
4071,56,131996,55.9,2,1,3,2,Male,Suburban,Sedan,Yes,Yes,Low,No
4072,46,74014,21.2,2,3,7,3,Female,Suburban,SUV,Yes,Yes,Low,Yes
4073,63,82669,38.6,2,14,19,3,Male,Urban,SUV,Yes,No,Low,No
4074,41,74862,5,2,11,17,4,Male,Urban,Sedan,Yes,Yes,Low,No
4075,47,92864,5.4,2,2,13,4,Male,Urban,Sedan,Yes,Yes,Low,Yes
4076,48,64468,26.5,2,2,6,2,Male,Suburban,Sedan,Yes,Yes,Low,No
4077,60,84578,5,2,2,12,4,Male,Urban,Sedan,No,No,Low,No
4078,66,72224,51.2,1,4,12,4,Female,Urban,Hatchback,Yes,No,Low,No
4079,45,30000,64.1,3,1,1,4,Other,Rural,Sedan,Yes,Yes,Low,No
4080,62,86877,5,1,7,3,1,Male,Suburban,Sedan,Yes,No,Low,No
4081,55,84848,27.2,1,5,7,1,Female,Urban,Sedan,Yes,No,Low,No
4082,62,93711,44.8,1,6,9,3,Female,Suburban,Sedan,Yes,Yes,Low,No
4083,52,30000,5,1,3,19,5,Male,Urban,SUV,Yes,Yes,Low,Yes
4084,57,64673,32.8,4,2,2,2,Male,Rural,Sedan,Yes,Yes,Low,No
4085,60,56676,47.5,2,11,12,2,Female,Urban,Hatchback,Yes,No,Low,No
4086,62,52460,47.4,2,2,10,5,Male,Urban,SUV,Yes,No,Low,No
4087,27,63865,45.9,4,9,3,5,Male,Urban,SUV,No,No,Medium,No
4088,58,122966,35.3,1,1,7,4,Male,Suburban,Sedan,Yes,Yes,Low,No
4089,65,30000,21.1,2,2,1,1,Male,Rural,Sedan,Yes,Yes,Low,No
4090,49,137965,25.8,1,2,6,4,Male,Suburban,Sedan,Yes,Yes,Low,Yes
4091,48,95793,5,2,4,17,5,Male,Urban,Sedan,No,No,Low,No
4092,58,30000,45.1,1,2,1,4,Female,Suburban,Hatchback,No,Yes,Medium,No
4093,65,61669,12.1,2,6,14,1,Female,Urban,Sedan,No,Yes,Low,No
4094,45,116801,45.8,1,11,8,5,Female,Urban,SUV,No,Yes,Low,Yes
4095,55,79157,36.4,2,14,4,5,Female,Urban,SUV,No,Yes,Low,Yes
4096,53,90912,22.8,2,6,4,2,Male,Urban,Sedan,No,Yes,Medium,No
4097,54,84578,47.1,2,1,1,2,Male,Suburban,Sedan,Yes,No,Low,No
4098,66,84426,5,1,3,7,1,Male,Urban,Sedan,No,Yes,Low,No
4099,60,86856,22.1,4,7,4,5,Female,Suburban,SUV,Yes,Yes,Low,Yes
4100,67,103351,28.6,2,8,14,1,Male,Urban,Sedan,No,Yes,Low,No
4101,32,72886,32.7,1,9,4,1,Male,Urban,Sedan,No,No,Low,No
4102,56,97623,26.2,1,1,0,1,Male,Rural,SUV,Yes,No,Low,No
4103,65,125033,58.7,3,14,5,3,Female,Urban,SUV,No,Yes,Low,No
4104,40,94936,5,1,1,6,5,Male,Suburban,Sedan,Yes,Yes,Low,Yes
4105,44,75799,28.6,1,2,1,1,Male,Rural,Truck,Yes,Yes,Low,No
4106,26,107798,19.4,1,0,0,5,Male,Rural,Sedan,Yes,Yes,Low,No
4107,54,64472,12.5,2,6,9,4,Male,Suburban,SUV,Yes,Yes,Low,No
4108,66,91883,24.8,1,12,5,1,Male,Urban,SUV,No,No,Low,No
4109,49,124907,70.1,2,3,9,4,Female,Suburban,SUV,Yes,Yes,Low,Yes
4110,29,67966,27.5,1,3,3,1,Female,Suburban,Sedan,Yes,Yes,Low,No
4111,41,72876,43.9,2,13,9,2,Female,Urban,SUV,No,Yes,Low,No
4112,43,114444,22.6,2,1,2,1,Male,Rural,SUV,Yes,No,Low,No
4113,48,64973,5,1,5,8,5,Male,Urban,SUV,Yes,No,Low,No
4114,48,66982,5,2,6,13,4,Female,Urban,Sedan,Yes,No,Low,No
4115,27,120861,48.1,2,2,14,4,Female,Urban,Hatchback,No,Yes,Low,No
4116,27,72406,55.7,1,3,7,4,Male,Suburban,SUV,Yes,No,Low,No
4117,29,89820,44.1,1,7,9,2,Male,Urban,Hatchback,No,Yes,Low,No
4118,53,86437,28.1,2,0,8,1,Male,Suburban,Sedan,Yes,Yes,Low,No
4119,54,110150,34.6,2,6,7,5,Other,Suburban,Sedan,Yes,Yes,Low,Yes
4120,58,87912,43.4,3,8,14,4,Female,Urban,Hatchback,Yes,Yes,Low,No
4121,28,90469,49.1,1,4,5,4,Female,Suburban,SUV,No,Yes,Medium,Yes
4122,52,58781,48.6,1,0,3,3,Male,Rural,SUV,Yes,No,Low,No
4123,25,54887,34.5,3,2,10,1,Male,Urban,Sedan,Yes,No,Low,No
4124,53,76536,37.6,3,4,17,5,Female,Urban,Sedan,No,Yes,Low,Yes
4125,65,51726,27.8,1,1,2,3,Male,Suburban,Sedan,Yes,Yes,Low,No
4126,34,89578,67.6,1,2,1,3,Male,Rural,SUV,Yes,Yes,Low,No
4127,43,112185,53.9,2,1,3,3,Male,Rural,Sedan,Yes,Yes,Low,Yes
4128,62,78851,42.9,1,2,2,5,Male,Rural,Sedan,Yes,Yes,Low,Yes
4129,63,72263,5,1,3,7,4,Male,Suburban,Sedan,Yes,No,Low,No
4130,60,89753,30.1,2,5,15,4,Male,Urban,Sedan,No,Yes,Low,Yes
4131,35,82844,40.7,2,0,7,1,Female,Suburban,SUV,Yes,No,Low,No
4132,60,76795,25.1,1,1,8,5,Male,Suburban,Sedan,Yes,No,Low,No
4133,29,30000,43.7,2,13,15,4,Female,Urban,Sedan,Yes,No,Low,No
4134,34,96787,48.5,2,2,6,5,Male,Suburban,SUV,Yes,Yes,Low,Yes
4135,57,69965,5,1,13,14,5,Female,Urban,Sedan,No,Yes,Low,Yes
4136,41,95924,32.2,2,0,0,1,Male,Rural,Hatchback,Yes,Yes,Low,No
4137,60,86831,5,2,10,7,1,Female,Urban,Sedan,Yes,Yes,Low,No
4138,48,74034,49.8,1,2,9,4,Female,Suburban,Sedan,Yes,Yes,Low,No
4139,44,133583,53.5,1,4,4,1,Female,Urban,Sedan,No,No,Medium,No
4140,26,116852,64.7,1,8,18,4,Male,Urban,Truck,Yes,No,Low,Yes
4141,46,102390,5,1,6,4,1,Female,Suburban,Sedan,No,Yes,Medium,No
4142,42,62351,5,1,7,2,2,Male,Suburban,Truck,Yes,No,Low,No
4143,67,57993,59.1,1,12,15,2,Female,Urban,Hatchback,Yes,Yes,Low,No
4144,51,83735,21.7,1,2,1,4,Male,Suburban,Sedan,Yes,Yes,Low,No
4145,34,88616,31.7,1,11,8,2,Female,Urban,Sedan,Yes,No,Low,No
4146,34,165523,56.5,2,6,3,5,Female,Urban,Sedan,Yes,Yes,Low,Yes
4147,49,73415,5,2,1,4,3,Male,Suburban,Sedan,Yes,Yes,Low,No
4148,35,84832,25.1,2,6,3,4,Male,Urban,SUV,No,Yes,Low,No
4149,41,106931,30.5,2,10,18,1,Female,Urban,SUV,No,No,Low,No
4150,53,67411,61.4,2,2,6,2,Male,Suburban,Truck,Yes,Yes,Low,No
4151,52,117410,18.5,2,7,7,2,Male,Urban,Sedan,Yes,No,Low,No
4152,43,82394,54.6,3,0,6,2,Male,Suburban,SUV,Yes,Yes,Low,No
4153,65,66710,28.3,1,14,19,4,Male,Urban,Sedan,No,No,Low,No
4154,46,66492,35.7,1,1,2,1,Male,Rural,Sedan,Yes,Yes,Low,No
4155,35,30000,5,1,5,12,3,Female,Urban,SUV,Yes,No,Low,No
4156,67,65792,38.4,1,12,11,3,Female,Urban,SUV,No,Yes,Low,No
4157,59,30000,40.4,1,5,16,4,Male,Urban,SUV,No,Yes,Low,No
4158,52,118904,45.1,3,2,8,2,Male,Suburban,SUV,Yes,Yes,Low,No
4159,32,126651,47.3,1,14,15,3,Female,Urban,SUV,No,Yes,Low,Yes
4160,55,137301,41.5,1,14,17,2,Male,Urban,Sedan,Yes,No,Low,No
4161,55,70980,28,2,7,18,1,Male,Urban,Hatchback,No,No,Low,No
4162,62,57898,54.5,3,1,1,5,Male,Rural,SUV,Yes,Yes,Low,No
4163,29,109370,59.4,1,5,9,5,Female,Urban,SUV,No,Yes,Medium,No
4164,59,78942,5,1,2,11,5,Male,Urban,Hatchback,No,Yes,Low,No
4165,32,103158,46,1,0,1,1,Male,Rural,Sedan,Yes,Yes,Low,No
4166,31,92864,60.6,2,13,10,2,Male,Urban,SUV,No,Yes,Low,No
4167,25,66518,48.7,2,6,16,4,Female,Urban,SUV,No,Yes,Low,No
4168,33,133583,21.3,2,5,11,5,Female,Urban,Sedan,No,Yes,Low,Yes
4169,25,60770,50.8,2,5,1,4,Male,Suburban,Sedan,Yes,No,Low,No
4170,48,30000,27.4,1,8,18,5,Female,Urban,Sedan,Yes,Yes,Low,No
4171,49,122934,5,2,8,4,1,Male,Urban,SUV,Yes,Yes,Low,No
4172,57,123312,25.3,2,6,13,1,Male,Urban,SUV,Yes,Yes,Low,No
4173,37,75830,29.3,1,0,0,2,Female,Rural,Sedan,Yes,No,Low,No
4174,37,119625,71.2,1,7,13,2,Male,Urban,Sedan,No,No,Low,No
4175,45,105720,5,1,13,16,4,Male,Urban,SUV,Yes,Yes,Low,No
4176,34,30000,52.6,2,4,5,2,Female,Urban,Sedan,No,No,Medium,No
4177,67,145958,22.4,2,0,6,2,Male,Suburban,Truck,No,Yes,Low,No
4178,69,110258,50.9,1,2,0,5,Male,Rural,Sedan,Yes,Yes,Low,No
4179,28,62351,5,1,7,16,5,Male,Urban,Sedan,Yes,Yes,Low,No
4180,68,63356,5,3,4,4,2,Female,Suburban,Hatchback,Yes,Yes,Low,No
4181,39,151315,29.8,1,2,7,4,Male,Suburban,SUV,Yes,Yes,Low,Yes
4182,29,81438,40.1,3,11,19,1,Female,Urban,SUV,No,No,Low,No
4183,42,77831,5,1,5,15,1,Female,Urban,Sedan,No,Yes,Low,No
4184,34,124809,5,2,14,4,5,Male,Urban,Sedan,No,Yes,Low,Yes
4185,30,75436,29.7,1,6,6,4,Female,Suburban,Truck,Yes,No,Low,No
4186,43,81155,78,2,5,12,4,Female,Urban,Sedan,No,No,Medium,No
4187,37,92665,28.9,3,3,6,5,Female,Suburban,Hatchback,Yes,Yes,Low,Yes
4188,48,78879,27.4,3,8,15,5,Male,Urban,SUV,No,No,Medium,No
4189,39,99451,26.6,4,3,6,1,Male,Urban,SUV,Yes,No,Low,No
4190,62,30000,5,2,5,13,2,Male,Urban,Sedan,Yes,Yes,Low,No
4191,45,104614,5,1,1,0,3,Male,Rural,Sedan,Yes,Yes,Low,No
4192,66,76970,21,1,8,7,2,Female,Urban,Sedan,No,Yes,Low,No
4193,53,132288,55.7,1,6,7,5,Male,Urban,Sedan,Yes,Yes,Low,Yes
4194,35,53786,62.3,3,3,12,3,Female,Urban,Truck,No,No,Medium,No
4195,40,86844,41.2,1,9,12,2,Male,Urban,Sedan,No,Yes,Low,No
4196,49,75799,41.9,3,2,2,4,Male,Rural,Sedan,Yes,Yes,Low,Yes
4197,32,52349,44.3,1,7,18,3,Male,Urban,SUV,No,No,Medium,No
4198,37,103929,31.4,1,2,3,2,Female,Rural,SUV,Yes,Yes,Low,Yes
4199,51,30000,54.1,1,1,2,2,Female,Rural,SUV,Yes,No,Low,No
4200,44,107944,5,2,2,1,2,Female,Rural,Sedan,Yes,Yes,Low,No
4201,37,114739,5,1,5,9,1,Male,Suburban,SUV,Yes,No,Low,No
4202,53,30000,55.7,1,1,4,3,Male,Suburban,SUV,Yes,Yes,Low,No
4203,54,106434,32.7,2,5,11,5,Male,Urban,Hatchback,No,Yes,Medium,No
4204,50,61548,59.4,2,8,12,2,Female,Urban,SUV,Yes,Yes,Low,No
4205,41,110152,33,1,9,18,3,Male,Urban,Sedan,No,No,Low,No
4206,58,107799,25,1,13,5,2,Female,Urban,SUV,No,Yes,Low,No
4207,36,122827,44.7,1,12,12,4,Female,Urban,SUV,No,No,Low,No
4208,38,87836,5,4,9,18,1,Female,Urban,SUV,No,Yes,Low,No
4209,42,80965,5,1,4,2,1,Female,Suburban,Sedan,Yes,Yes,Low,No
4210,34,75480,45.1,2,9,3,2,Male,Urban,SUV,No,Yes,Low,No
4211,30,67941,41.2,1,13,13,4,Female,Urban,Sedan,No,No,Medium,No
4212,56,74056,53.2,2,2,15,3,Female,Urban,Hatchback,No,Yes,Medium,No
4213,66,84868,37.1,1,1,1,3,Male,Rural,Sedan,Yes,Yes,Low,No
4214,28,73346,58.3,2,2,12,3,Male,Urban,SUV,No,Yes,Low,No
4215,62,86886,47.8,1,1,3,4,Male,Rural,Hatchback,Yes,Yes,Low,Yes
4216,60,30000,38.7,2,1,0,3,Male,Rural,Sedan,Yes,Yes,Low,No
4217,39,81487,39.9,2,2,2,4,Male,Rural,Sedan,Yes,Yes,Low,No
4218,50,108847,31.7,3,2,8,4,Male,Suburban,Sedan,Yes,Yes,Low,No
4219,60,30000,37.4,3,6,13,5,Female,Urban,Sedan,No,Yes,Low,No
4220,29,113343,51.3,2,2,4,2,Male,Urban,SUV,No,Yes,Medium,No
4221,66,95715,37.5,2,3,6,3,Female,Urban,SUV,Yes,Yes,Low,Yes
4222,55,67839,34.8,1,2,9,2,Male,Suburban,Sedan,Yes,Yes,Low,No
4223,68,69054,26,1,14,15,3,Male,Urban,Sedan,No,Yes,Low,No
4224,64,82911,28.7,1,5,5,4,Female,Urban,SUV,No,No,Medium,No
4225,57,129919,60.2,1,0,1,2,Male,Rural,SUV,Yes,No,Low,No
4226,39,84531,45.9,2,13,6,5,Male,Urban,SUV,No,Yes,Low,Yes
4227,26,93595,59.2,2,10,9,3,Female,Urban,SUV,Yes,No,Low,No
4228,69,139859,38.6,4,14,18,2,Male,Urban,Sedan,Yes,Yes,Low,Yes
4229,40,53431,24.3,1,2,2,1,Male,Rural,Sedan,Yes,Yes,Low,No
4230,33,30000,54.7,1,2,4,4,Male,Suburban,SUV,Yes,No,Low,No
4231,62,64845,35,3,4,9,2,Male,Urban,SUV,Yes,Yes,Low,No
4232,60,131789,54.7,1,4,9,5,Female,Suburban,Hatchback,Yes,Yes,Low,Yes
4233,55,96310,49.6,1,10,11,3,Male,Urban,Sedan,Yes,No,Low,No
4234,64,85469,5,2,6,8,2,Female,Suburban,Sedan,No,No,Low,No
4235,38,108643,59.8,2,14,13,3,Female,Urban,Sedan,Yes,Yes,Low,No
4236,48,56563,55.7,3,0,3,2,Female,Rural,Sedan,Yes,No,Low,No
4237,58,59883,36.8,3,6,10,3,Male,Urban,SUV,Yes,No,Low,No
4238,59,76650,44.1,2,13,3,1,Male,Urban,Sedan,No,Yes,Medium,No
4239,45,78292,52.6,1,7,14,1,Other,Urban,Sedan,Yes,Yes,Low,No
4240,66,121426,53.3,2,5,7,4,Male,Suburban,SUV,No,Yes,Medium,No
4241,59,79548,31.7,2,0,5,2,Male,Suburban,SUV,Yes,Yes,Low,No
4242,40,95660,5,3,1,1,5,Male,Rural,SUV,Yes,Yes,Low,Yes
4243,58,83314,58.3,1,7,13,2,Female,Urban,Sedan,No,Yes,Medium,No
4244,49,84575,39.1,1,13,6,4,Female,Urban,SUV,Yes,Yes,Low,No
4245,31,107580,49.7,2,2,3,1,Female,Urban,Sedan,Yes,No,Low,No
4246,65,65746,55.2,2,0,8,1,Male,Suburban,SUV,Yes,Yes,Low,No
4247,43,136037,54.6,1,6,8,1,Male,Urban,Sedan,No,Yes,Low,No
4248,44,100893,49.3,1,10,18,5,Female,Urban,SUV,No,Yes,Low,Yes
4249,39,104848,48.9,2,9,19,2,Male,Urban,Sedan,No,Yes,Low,No
4250,59,84421,20.7,1,5,12,5,Male,Urban,Sedan,No,Yes,Low,Yes
4251,64,92385,5,1,0,0,3,Male,Rural,SUV,Yes,No,Low,No
4252,39,67585,23.9,1,0,3,4,Female,Rural,SUV,Yes,Yes,Low,Yes
4253,46,76539,20,1,12,7,2,Female,Urban,Sedan,No,Yes,Low,No
4254,64,118533,38.6,1,4,6,4,Female,Urban,Sedan,Yes,Yes,Low,Yes
4255,26,84730,57.5,2,7,5,4,Female,Urban,Sedan,No,No,Low,No
4256,32,53521,46.8,2,6,5,4,Female,Suburban,Sedan,Yes,Yes,Low,No
4257,57,90901,5,1,3,1,1,Male,Suburban,SUV,Yes,No,Low,No
4258,37,96537,5,1,5,3,3,Male,Suburban,Sedan,Yes,Yes,Low,No
4259,40,48735,5,2,2,7,4,Male,Suburban,Sedan,Yes,No,Low,No
4260,28,96811,35.1,2,5,16,1,Male,Urban,Sedan,No,No,Low,No
4261,68,30000,5,2,2,4,1,Female,Suburban,SUV,Yes,Yes,Low,No
4262,55,82768,5,1,8,16,2,Female,Urban,Hatchback,Yes,No,Low,No
4263,53,92385,53.1,2,0,4,4,Male,Suburban,SUV,Yes,Yes,Low,No
4264,61,63791,42.9,3,4,18,2,Male,Urban,Sedan,No,No,Low,No
4265,47,59818,5,2,0,7,5,Male,Suburban,Sedan,Yes,Yes,Low,Yes
4266,43,120741,26.5,2,8,12,3,Male,Urban,Sedan,No,No,Low,No
4267,47,96607,5,4,2,3,3,Female,Rural,Hatchback,Yes,Yes,Low,No
4268,62,66742,55.6,1,2,2,2,Male,Rural,SUV,Yes,Yes,Low,No
4269,52,110576,45.1,3,13,17,1,Female,Urban,Sedan,No,No,Low,No
4270,69,76537,49.6,2,2,0,3,Male,Rural,Sedan,Yes,Yes,Low,No
4271,61,82867,30.7,1,10,15,3,Female,Urban,SUV,No,Yes,Low,No
4272,25,112195,5,1,1,3,1,Male,Rural,Sedan,Yes,Yes,Low,No
4273,55,65853,45.5,2,7,8,3,Male,Suburban,SUV,Yes,No,Low,No
4274,41,104779,5,3,2,4,5,Male,Suburban,Sedan,Yes,Yes,Low,Yes
4275,29,88861,67.8,1,13,7,5,Male,Urban,Hatchback,No,Yes,Medium,No
4276,67,113935,59.7,2,5,5,5,Female,Suburban,SUV,Yes,Yes,Low,Yes
4277,44,136587,31,1,2,1,5,Female,Rural,Sedan,Yes,No,Low,Yes
4278,34,30000,31.5,1,2,2,4,Male,Rural,SUV,Yes,Yes,Low,No
4279,28,92864,17.4,1,0,2,5,Female,Rural,Sedan,Yes,Yes,Low,Yes
4280,44,121797,5,1,3,7,5,Female,Urban,SUV,No,Yes,Low,Yes
4281,58,91756,5,1,11,13,3,Female,Urban,Sedan,Yes,Yes,Low,No
4282,58,131788,51.8,2,5,11,2,Female,Urban,SUV,No,No,Low,No
4283,53,75943,5,3,0,3,5,Female,Rural,Hatchback,Yes,Yes,Low,Yes
4284,56,86092,44.9,1,11,11,1,Female,Urban,Hatchback,No,Yes,Low,No
4285,40,88653,40.3,2,13,14,4,Male,Urban,Sedan,No,No,Low,No
4286,33,80777,49.5,1,0,0,4,Female,Rural,Sedan,Yes,Yes,Low,No
4287,36,71657,24.5,1,0,1,4,Male,Rural,Sedan,Yes,Yes,Low,No
4288,50,53321,36.3,3,2,7,2,Male,Suburban,Sedan,Yes,Yes,Low,No
4289,29,30000,38.4,2,12,17,3,Female,Urban,SUV,No,Yes,Low,No
4290,58,91804,38,1,1,3,5,Female,Suburban,SUV,Yes,Yes,Low,No
4291,28,60710,5,2,1,6,5,Female,Suburban,SUV,Yes,Yes,Low,No
4292,57,106718,5,1,7,16,5,Female,Urban,Sedan,No,Yes,Low,Yes
4293,38,115488,44.2,2,1,3,3,Male,Suburban,Sedan,Yes,Yes,Low,Yes
4294,54,93711,48.1,3,1,2,5,Female,Suburban,SUV,Yes,Yes,Low,No
4295,59,30000,43.9,2,9,9,2,Male,Urban,SUV,No,Yes,Medium,No
4296,56,54587,5,1,7,6,3,Male,Suburban,Truck,No,Yes,Medium,No
4297,51,92897,61.3,1,7,19,1,Male,Urban,Sedan,No,Yes,Low,No
4298,30,102773,40.8,1,8,18,5,Male,Urban,Sedan,No,Yes,Low,No
4299,28,30000,30.1,2,0,1,4,Female,Rural,SUV,Yes,Yes,Low,No
4300,62,73344,33.1,1,7,3,1,Female,Urban,Sedan,Yes,Yes,Low,No
4301,44,68480,5,1,9,12,3,Male,Urban,Sedan,Yes,No,Low,No
4302,58,86680,30.4,1,2,5,4,Female,Suburban,Sedan,Yes,No,Low,No
4303,63,133716,40.3,1,1,0,4,Female,Rural,SUV,Yes,Yes,Low,Yes
4304,64,79524,24.5,2,3,9,1,Male,Suburban,Hatchback,Yes,No,Low,No
4305,35,111034,5,2,0,0,2,Female,Rural,Sedan,Yes,No,Low,No
4306,29,30000,71.8,1,14,4,1,Female,Urban,Sedan,No,No,Medium,No
4307,65,133551,32.4,1,2,2,1,Male,Rural,SUV,Yes,Yes,Low,No
4308,37,86069,27.7,1,7,6,5,Female,Urban,Hatchback,No,Yes,Low,Yes
4309,40,147943,30,2,0,5,4,Female,Suburban,Sedan,Yes,No,Low,No
4310,48,123577,36.2,2,11,11,2,Male,Urban,SUV,Yes,Yes,Low,Yes
4311,33,126829,41.7,2,8,9,2,Male,Urban,Sedan,No,No,Low,No
4312,63,123547,50.3,1,2,3,3,Male,Urban,Sedan,No,Yes,Medium,No
4313,45,105587,5,2,5,4,2,Male,Urban,Sedan,No,Yes,Medium,No
4314,48,95939,26.6,2,2,3,2,Male,Rural,Sedan,Yes,Yes,Low,No
4315,63,101927,21.1,1,12,19,3,Male,Urban,Sedan,No,No,Low,No
4316,42,65987,57,2,5,6,3,Female,Urban,Sedan,No,Yes,Low,No
4317,28,30000,55.9,1,6,9,1,Male,Suburban,SUV,No,Yes,Medium,No
4318,55,84768,48.1,1,0,3,5,Male,Rural,Sedan,Yes,Yes,Low,Yes
4319,66,77466,5,2,6,17,5,Male,Urban,Sedan,Yes,No,Low,No
4320,33,73361,16.9,2,3,5,2,Male,Suburban,SUV,Yes,Yes,Low,No
4321,35,128430,16.2,2,4,5,4,Male,Suburban,Hatchback,Yes,Yes,Low,Yes
4322,34,109964,5,1,3,13,3,Female,Urban,Truck,No,Yes,Low,No
4323,26,92880,30.4,2,4,3,4,Male,Suburban,SUV,Yes,No,Low,No
4324,47,125788,28.4,3,2,3,4,Female,Suburban,Sedan,Yes,Yes,Low,Yes
4325,51,114768,5,3,2,2,1,Female,Rural,SUV,No,Yes,Medium,No
4326,62,108193,33.4,2,7,6,3,Male,Suburban,Hatchback,Yes,No,Low,No
4327,39,86029,46.3,2,3,18,1,Female,Urban,Truck,Yes,Yes,Low,No
4328,36,93973,44.9,1,4,15,1,Male,Urban,SUV,Yes,Yes,Low,No
4329,37,81029,45.2,4,7,8,4,Male,Urban,SUV,No,No,Low,No
4330,65,66975,34.8,2,14,13,1,Female,Urban,Sedan,No,Yes,Low,No
4331,36,109426,5,1,2,2,2,Female,Rural,Sedan,Yes,No,Low,No
4332,57,87848,5,2,1,8,2,Male,Suburban,Hatchback,Yes,Yes,Low,No
4333,52,90912,5,2,12,11,1,Male,Urban,Sedan,No,Yes,Low,No
4334,25,136790,15.7,2,0,3,1,Female,Suburban,SUV,Yes,Yes,Low,No
4335,48,102762,56.6,1,4,2,5,Female,Suburban,Sedan,Yes,No,Low,No
4336,46,60467,44.1,2,6,13,3,Male,Urban,SUV,No,No,Low,No
4337,32,64498,60.1,1,3,14,2,Male,Urban,Sedan,No,Yes,Low,No
4338,56,78407,24.2,2,2,16,3,Male,Urban,Sedan,No,Yes,Low,No
4339,40,30000,11,2,0,2,2,Male,Rural,Truck,Yes,Yes,Low,No
4340,59,67954,30,1,5,12,1,Male,Urban,Hatchback,No,No,Low,No
4341,27,121802,5,1,2,1,4,Male,Rural,Sedan,Yes,Yes,Low,No
4342,55,74555,25.3,2,6,7,5,Male,Suburban,SUV,Yes,Yes,Low,No
4343,63,122473,5,2,0,3,5,Male,Rural,Sedan,Yes,Yes,Low,Yes
4344,59,54215,26.3,2,3,6,1,Male,Suburban,Sedan,Yes,Yes,Low,No
4345,52,107798,40.3,1,10,12,1,Male,Urban,Hatchback,No,Yes,Low,No
4346,49,82844,31.7,1,11,4,1,Female,Urban,SUV,Yes,No,Low,No
4347,29,47933,5,1,9,18,1,Female,Urban,Hatchback,No,Yes,Low,No
4348,64,30000,40,2,7,2,1,Female,Suburban,Sedan,Yes,Yes,Low,No
4349,69,67541,5,2,1,2,1,Female,Suburban,Sedan,Yes,Yes,Low,No
4350,54,30000,40.3,4,5,8,1,Male,Suburban,Hatchback,Yes,Yes,Low,No
4351,63,72454,54.9,2,3,5,2,Male,Suburban,Truck,Yes,Yes,Low,No
4352,50,107936,54.3,2,0,6,4,Other,Suburban,SUV,Yes,Yes,Low,No
4353,59,94103,13.6,1,3,12,5,Female,Urban,SUV,Yes,Yes,Low,Yes
4354,68,72676,24.2,3,14,3,2,Female,Urban,Sedan,Yes,No,Low,No
4355,47,30000,30.4,1,2,2,2,Male,Rural,Hatchback,Yes,No,Low,No
4356,45,94878,43.1,1,6,16,2,Female,Urban,SUV,Yes,Yes,Low,Yes
4357,63,107315,64.9,1,13,19,4,Female,Urban,SUV,Yes,No,Low,No
4358,63,52711,43.6,1,13,18,1,Female,Urban,SUV,No,Yes,Low,No
4359,48,79245,41.5,1,9,10,2,Female,Urban,Sedan,No,Yes,Low,No
4360,69,55962,59.2,2,7,7,4,Male,Suburban,Sedan,Yes,No,Low,No
4361,58,119512,42.9,2,6,5,3,Female,Suburban,SUV,Yes,No,Low,No
4362,49,114079,23.1,1,7,1,1,Male,Suburban,Hatchback,Yes,Yes,Low,No
4363,62,63561,41.8,2,2,10,2,Male,Urban,Sedan,No,No,Low,No
4364,34,63680,34.7,2,2,5,1,Male,Suburban,SUV,Yes,No,Low,No
4365,38,104947,44.4,2,2,14,5,Male,Urban,Sedan,No,Yes,Low,Yes
4366,54,86090,31.3,2,1,5,5,Female,Suburban,SUV,Yes,No,Low,No
4367,36,88641,53,2,3,16,2,Male,Urban,SUV,No,Yes,Medium,No
4368,26,84748,31.8,3,10,6,1,Male,Urban,Hatchback,No,No,Medium,No
4369,51,102898,31.8,1,5,8,3,Male,Suburban,SUV,Yes,Yes,Low,No
4370,67,74033,5,1,13,8,3,Male,Urban,SUV,No,Yes,Low,No
4371,33,97639,44,2,10,10,3,Female,Urban,SUV,Yes,Yes,Low,No
4372,26,136410,21.2,1,6,8,5,Male,Suburban,SUV,Yes,No,Low,No
4373,65,113905,5,1,11,9,2,Female,Urban,SUV,No,Yes,Low,No
4374,43,71295,30.3,3,11,8,1,Male,Urban,SUV,Yes,Yes,Low,No
4375,28,107430,11.6,1,2,13,4,Male,Urban,Sedan,No,No,Low,No
4376,39,96570,58.7,1,2,8,5,Male,Suburban,SUV,Yes,Yes,Low,Yes
4377,64,68629,46.9,3,14,14,5,Female,Urban,SUV,Yes,Yes,Low,Yes
4378,56,83555,5,3,4,3,5,Female,Suburban,Sedan,Yes,Yes,Low,Yes
4379,50,70708,35.6,2,7,4,1,Male,Suburban,Sedan,No,Yes,Medium,No
4380,33,83533,40.6,1,14,8,1,Male,Urban,SUV,No,Yes,Low,No
4381,56,121795,5,2,7,3,3,Male,Urban,SUV,No,No,Low,No
4382,32,119154,44,2,7,2,1,Female,Suburban,Sedan,Yes,No,Low,No
4383,37,77589,48.5,3,8,19,1,Male,Urban,Sedan,Yes,No,Low,No
4384,62,91619,35.7,1,4,9,4,Male,Suburban,Hatchback,Yes,Yes,Low,Yes
4385,49,71846,15.9,1,7,9,5,Male,Suburban,SUV,Yes,Yes,Low,Yes
4386,35,164835,40,1,2,3,4,Male,Rural,SUV,No,Yes,Medium,No
4387,49,30000,5,2,6,14,5,Male,Urban,Hatchback,No,Yes,Low,No
4388,59,94936,48.9,1,7,8,3,Female,Suburban,SUV,Yes,Yes,Low,No
4389,44,54325,50.5,1,4,4,5,Male,Suburban,Hatchback,Yes,Yes,Low,Yes
4390,32,77532,31,1,14,19,5,Male,Urban,SUV,No,Yes,Low,Yes
4391,60,84982,5,2,11,13,1,Male,Urban,Sedan,No,No,Low,No
4392,28,143670,22.4,1,13,15,2,Male,Urban,Hatchback,No,Yes,Low,No
4393,66,103058,5,3,0,1,3,Female,Rural,SUV,Yes,No,Low,No
4394,58,93300,5,1,8,10,5,Female,Urban,SUV,No,Yes,Low,Yes
4395,62,95717,46.6,3,1,3,4,Female,Rural,Sedan,Yes,Yes,Low,Yes
4396,31,93957,47.6,1,13,17,1,Male,Urban,SUV,No,No,Low,No
4397,44,60772,44.7,2,4,16,3,Male,Urban,Sedan,No,Yes,Medium,No
4398,68,88159,58.3,1,1,1,5,Male,Rural,SUV,Yes,Yes,Low,Yes
4399,40,106085,17.3,2,0,8,3,Male,Suburban,Hatchback,Yes,No,Low,No
4400,61,103466,11,1,7,12,1,Male,Urban,Hatchback,No,Yes,Low,No
4401,50,91535,47.4,1,3,6,5,Female,Urban,Hatchback,No,Yes,Medium,No
4402,42,62378,60.4,4,7,8,3,Male,Urban,Hatchback,Yes,No,Low,No
4403,67,84582,40.1,2,4,3,3,Female,Suburban,SUV,Yes,No,Low,No
4404,60,115275,5,2,8,10,5,Female,Urban,SUV,No,Yes,Low,Yes
4405,48,100402,30.9,2,0,4,4,Female,Suburban,SUV,Yes,Yes,Low,Yes
4406,43,51331,54.4,2,3,9,1,Female,Suburban,Hatchback,Yes,Yes,Low,No
4407,49,62786,53.7,1,4,14,2,Male,Urban,Sedan,No,Yes,Low,No
4408,31,71643,25,1,4,5,4,Female,Suburban,SUV,Yes,No,Low,No
4409,26,92662,5,2,5,4,3,Male,Urban,SUV,Yes,Yes,Low,Yes
4410,51,83314,23.4,2,0,8,3,Female,Suburban,Sedan,Yes,No,Low,No
4411,29,65470,32.9,1,1,2,2,Male,Rural,Sedan,Yes,Yes,Low,Yes
4412,39,30000,28.7,2,7,9,5,Male,Suburban,SUV,Yes,No,Low,No
4413,35,68707,5,1,1,3,3,Female,Rural,SUV,Yes,Yes,Low,No
4414,48,30000,5,1,2,8,4,Male,Suburban,Sedan,Yes,No,Low,No
4415,30,72638,5,2,8,8,1,Male,Urban,Sedan,No,Yes,Low,No
4416,39,92880,43.9,2,9,13,3,Female,Urban,SUV,Yes,No,Low,No
4417,69,64778,34.1,1,1,1,1,Male,Rural,Sedan,Yes,Yes,Low,No
4418,25,30000,32.6,2,6,14,4,Male,Urban,Hatchback,Yes,Yes,Low,No
4419,25,82665,42.8,1,0,6,3,Male,Suburban,Sedan,Yes,Yes,Low,No
4420,28,87953,52.8,1,11,18,1,Male,Urban,SUV,No,No,Low,No
4421,39,154081,5,2,7,6,5,Male,Urban,Sedan,Yes,Yes,Low,Yes
4422,27,61279,43.1,3,13,10,4,Male,Urban,Sedan,Yes,Yes,Low,No
4423,43,78834,21.1,2,2,10,3,Male,Urban,Hatchback,Yes,Yes,Low,No
4424,49,66492,5,1,3,9,2,Male,Suburban,Hatchback,Yes,Yes,Low,No
4425,43,122349,5,1,1,6,2,Male,Suburban,SUV,Yes,No,Low,No
4426,46,55819,5,2,11,4,4,Female,Urban,Sedan,No,Yes,Low,No
4427,32,102935,36.7,2,1,2,1,Male,Suburban,Sedan,Yes,No,Low,No
4428,46,72963,18.3,2,1,0,1,Male,Rural,SUV,Yes,Yes,Low,No
4429,35,62670,27.2,4,6,4,1,Male,Urban,Sedan,No,Yes,Medium,No
4430,45,110235,20.6,1,4,6,1,Male,Suburban,Hatchback,Yes,Yes,Low,No
4431,40,102773,30.6,1,12,8,3,Male,Urban,Sedan,Yes,Yes,Low,No
4432,39,44664,49,3,3,17,1,Female,Urban,Sedan,Yes,Yes,Low,No
4433,53,30000,34.8,2,5,13,1,Female,Urban,Truck,No,No,Low,No
4434,61,91613,37,2,2,2,5,Male,Suburban,SUV,No,Yes,Medium,No
4435,43,82903,60.4,1,1,3,3,Female,Rural,Truck,No,Yes,Medium,No
4436,36,80968,46.4,3,4,6,3,Male,Suburban,Sedan,Yes,Yes,Low,No
4437,31,69340,66.6,2,5,8,4,Male,Suburban,Sedan,Yes,No,Low,No
4438,32,83314,39.9,4,14,15,4,Female,Urban,SUV,No,Yes,Low,Yes
4439,68,96468,5,1,4,9,5,Male,Suburban,SUV,Yes,Yes,Low,Yes
4440,56,79989,22.3,2,1,3,4,Male,Rural,SUV,Yes,No,Low,No
4441,69,82872,31.5,2,8,12,5,Female,Urban,Sedan,No,Yes,Low,Yes
4442,48,82670,37.9,1,12,17,2,Female,Urban,Sedan,No,No,Low,No
4443,54,79856,59.4,1,6,12,1,Male,Urban,Sedan,Yes,Yes,Low,No
4444,25,105536,36.6,1,2,11,4,Male,Urban,SUV,Yes,Yes,Low,Yes
4445,61,54917,69,2,8,7,4,Female,Urban,Truck,No,Yes,Medium,No
4446,39,81452,5,2,2,11,2,Male,Urban,Sedan,Yes,Yes,Low,No
4447,47,66573,16.7,2,2,0,1,Male,Rural,Sedan,Yes,No,Low,No
4448,55,133640,36.8,1,2,1,5,Female,Rural,Hatchback,Yes,Yes,Low,Yes
4449,35,30000,5,1,6,5,1,Female,Urban,Truck,No,No,Low,No
4450,35,113958,36.3,4,1,1,1,Female,Rural,Sedan,Yes,Yes,Low,No
4451,60,77373,5,1,3,6,1,Male,Urban,SUV,No,Yes,Low,No
4452,26,123763,51.2,3,3,9,2,Male,Suburban,Sedan,Yes,Yes,Low,No
4453,60,87433,5,2,1,8,4,Male,Suburban,SUV,Yes,No,Low,No
4454,58,106419,50.5,2,4,9,2,Female,Suburban,Sedan,Yes,No,Low,No
4455,60,100959,16.2,2,8,17,5,Male,Urban,SUV,Yes,Yes,Low,Yes
4456,66,111701,31.2,3,1,5,4,Male,Suburban,SUV,Yes,No,Low,No
4457,55,125905,44.2,2,3,6,1,Female,Suburban,SUV,Yes,No,Low,No
4458,49,30000,23.4,1,4,1,2,Female,Suburban,SUV,Yes,Yes,Low,No
4459,38,123547,31.7,1,1,5,2,Male,Suburban,Sedan,Yes,No,Low,No
4460,64,114048,33,1,0,0,1,Male,Rural,Hatchback,Yes,Yes,Low,No
4461,37,69546,59.8,3,3,18,4,Female,Urban,SUV,Yes,Yes,Low,No
4462,63,49862,47.3,1,5,13,5,Male,Urban,SUV,Yes,Yes,Low,Yes
4463,39,71855,40.1,1,13,5,5,Female,Urban,Sedan,No,Yes,Low,No
4464,38,62723,20.1,1,0,9,1,Male,Suburban,SUV,Yes,Yes,Low,No
4465,59,86989,50.7,2,11,17,3,Male,Urban,SUV,No,No,Low,No
4466,50,135660,50.6,2,2,3,5,Male,Rural,Sedan,Yes,No,Low,No
4467,65,115744,39,2,9,11,2,Male,Urban,SUV,No,Yes,Low,No
4468,32,123547,5,1,8,3,5,Male,Urban,Sedan,No,Yes,Low,Yes
4469,34,103331,5,1,14,10,4,Male,Urban,Truck,No,Yes,Low,No
4470,68,77589,39.8,2,2,0,5,Male,Rural,SUV,Yes,Yes,Low,No
4471,61,79723,43.2,1,14,14,5,Female,Urban,Sedan,No,Yes,Low,Yes
4472,63,51344,5,2,2,4,5,Female,Suburban,Truck,Yes,No,Low,No
4473,63,65757,49.6,2,5,15,3,Female,Urban,SUV,No,Yes,Low,No
4474,66,49710,5,2,7,9,4,Male,Suburban,Hatchback,Yes,Yes,Low,No
4475,66,52223,5,1,11,9,5,Male,Urban,Sedan,Yes,Yes,Low,No
4476,27,107788,22.6,1,0,1,5,Female,Rural,Hatchback,Yes,Yes,Low,Yes
4477,28,57981,43.7,2,7,9,3,Male,Suburban,Truck,Yes,No,Low,No
4478,65,99628,42.2,2,2,5,1,Female,Suburban,Sedan,Yes,Yes,Low,No
4479,58,121896,38.4,1,2,3,3,Female,Rural,Sedan,Yes,No,Low,No
4480,43,137845,41.9,3,1,3,5,Male,Rural,SUV,Yes,Yes,Low,Yes
4481,64,82990,59.6,2,7,5,1,Male,Suburban,Hatchback,Yes,No,Low,No
4482,39,124848,45.2,2,2,9,1,Male,Suburban,Sedan,Yes,Yes,Low,No
4483,51,51353,31,2,1,3,2,Male,Suburban,Sedan,No,No,Low,No
4484,28,95550,50.2,2,2,3,1,Female,Suburban,Sedan,Yes,No,Low,No
4485,64,91361,47.8,3,2,6,4,Male,Suburban,Sedan,Yes,Yes,Low,No
4486,49,30000,5,1,13,8,1,Female,Urban,Sedan,No,Yes,Low,No
4487,30,30000,44.7,1,7,8,1,Male,Suburban,Sedan,Yes,Yes,Low,No
4488,48,51330,10.6,3,4,3,2,Male,Urban,Truck,No,Yes,Low,No
4489,53,92375,38,1,0,6,4,Male,Suburban,Sedan,Yes,Yes,Low,No
4490,58,66535,32.4,2,0,3,3,Female,Suburban,SUV,Yes,Yes,Low,No
4491,31,30000,37,1,7,15,3,Male,Urban,Hatchback,No,No,Medium,No
4492,36,30000,5,2,1,3,4,Female,Rural,Truck,Yes,No,Low,No
4493,36,81449,41.2,1,6,6,3,Male,Urban,Sedan,No,Yes,Medium,No
4494,65,30000,5,3,0,9,2,Male,Suburban,SUV,No,Yes,Low,No
4495,54,83066,40.6,3,2,4,2,Female,Urban,Hatchback,No,No,Medium,No
4496,62,76795,28.5,1,4,15,1,Male,Urban,Sedan,Yes,Yes,Low,No
4497,30,92494,5,3,6,8,3,Male,Suburban,SUV,Yes,Yes,Low,No
4498,36,114048,5,2,2,8,5,Male,Urban,Sedan,No,Yes,Low,No
4499,40,93711,48.4,3,8,14,2,Male,Urban,Sedan,Yes,No,Low,No
4500,42,120127,44.4,1,13,12,4,Male,Urban,SUV,No,Yes,Low,No
4501,66,57701,52.5,1,1,1,5,Male,Rural,Sedan,Yes,Yes,Low,No
4502,49,119237,25.4,1,7,7,1,Female,Suburban,Sedan,Yes,No,Low,No
4503,68,30000,51,1,2,9,1,Female,Suburban,SUV,Yes,No,Low,No
4504,31,91821,37.1,2,8,7,2,Female,Urban,Sedan,No,Yes,Low,No
4505,61,91377,42.8,1,3,8,5,Male,Suburban,SUV,Yes,Yes,Low,Yes
4506,69,72600,44.6,4,0,4,1,Male,Suburban,Truck,Yes,No,Low,No
4507,55,82872,5,2,4,15,3,Female,Urban,Truck,No,Yes,Low,Yes
4508,62,68384,5,1,2,3,5,Female,Rural,Sedan,Yes,Yes,Low,No
4509,60,30000,70.6,2,2,4,3,Male,Urban,SUV,No,Yes,High,No
4510,56,73580,55.9,2,4,8,4,Male,Suburban,Sedan,Yes,Yes,Low,Yes
4511,69,109797,41.2,2,6,2,2,Male,Suburban,Hatchback,Yes,No,Low,No
4512,65,119321,5,1,0,9,2,Female,Suburban,Sedan,Yes,Yes,Low,No
4513,63,108208,30.1,2,6,8,3,Male,Suburban,Sedan,Yes,Yes,Low,Yes
4514,34,81638,30.2,2,3,9,2,Female,Suburban,Sedan,Yes,Yes,Low,No
4515,47,92882,42.1,1,0,4,5,Male,Suburban,Sedan,Yes,Yes,Low,No
4516,36,121802,51,3,3,1,5,Male,Suburban,Sedan,Yes,Yes,Low,Yes
4517,37,85880,5,1,11,13,4,Female,Urban,Truck,Yes,Yes,Low,No
4518,36,82440,38.8,2,2,2,2,Female,Suburban,Sedan,Yes,Yes,Low,No
4519,43,77420,31.8,1,7,11,5,Female,Urban,Hatchback,No,Yes,Low,No
4520,53,123884,50.7,1,1,9,3,Male,Suburban,Sedan,Yes,No,Low,No
4521,33,91578,48.3,2,3,9,2,Female,Suburban,Sedan,Yes,Yes,Low,No
4522,36,30000,57.5,2,3,12,1,Female,Urban,Hatchback,No,Yes,Low,No
4523,62,93383,18.1,1,7,7,2,Female,Suburban,SUV,Yes,No,Low,No
4524,65,46688,24.8,2,1,3,1,Male,Rural,SUV,Yes,No,Low,No
4525,52,87895,59.3,4,5,17,4,Male,Urban,Sedan,Yes,No,Low,No
4526,42,48183,46.3,1,14,17,4,Female,Urban,Sedan,No,Yes,Low,No
4527,25,51460,36.4,3,13,5,5,Male,Urban,Sedan,No,No,Low,No
4528,67,85652,38.1,2,7,8,5,Female,Suburban,SUV,Yes,Yes,Low,No
4529,35,76954,18.8,2,3,9,4,Female,Urban,Sedan,No,Yes,Low,No
4530,47,30000,28.8,3,10,13,4,Female,Urban,Sedan,Yes,No,Low,No
4531,30,77420,37.1,1,2,3,3,Male,Rural,Sedan,Yes,No,Low,No
4532,57,122567,36.2,1,3,7,5,Male,Urban,Sedan,Yes,Yes,Low,Yes
4533,34,109868,44,2,12,7,4,Male,Urban,Sedan,No,No,Low,No
4534,60,87158,50.9,3,7,7,1,Female,Suburban,Hatchback,Yes,Yes,Low,No
4535,62,30000,30.8,1,7,9,3,Male,Urban,SUV,Yes,No,Low,No
4536,69,113851,5,2,5,3,5,Female,Suburban,Sedan,Yes,Yes,Low,Yes
4537,46,125744,47.1,1,4,7,4,Female,Suburban,SUV,Yes,No,Low,No
4538,57,91821,20.3,1,8,3,4,Male,Urban,Sedan,No,Yes,Medium,No
4539,46,83973,5,3,2,7,2,Other,Suburban,Sedan,Yes,Yes,Low,No
4540,68,81916,5,2,13,18,1,Female,Urban,Sedan,No,Yes,Low,No
4541,67,91619,5,3,6,13,2,Male,Urban,SUV,No,Yes,Low,No
4542,63,82301,51.5,1,0,0,3,Female,Rural,Sedan,Yes,No,Low,No
4543,42,121810,33.1,2,7,19,1,Female,Urban,Truck,No,Yes,Low,No
4544,32,117626,59.1,2,7,1,3,Male,Suburban,Sedan,Yes,Yes,Low,No
4545,34,30000,59.7,2,9,12,2,Female,Urban,Hatchback,No,No,Medium,No
4546,63,77421,41.7,1,1,1,4,Male,Rural,Sedan,Yes,Yes,Low,No
4547,31,83766,46.6,2,0,3,4,Male,Rural,Sedan,Yes,No,Low,No
4548,69,73479,43.9,1,7,3,5,Male,Suburban,SUV,Yes,Yes,Low,Yes
4549,40,102879,39.7,1,11,3,1,Male,Urban,SUV,No,Yes,Low,No
4550,50,71929,5,1,11,11,5,Female,Urban,SUV,Yes,Yes,Low,Yes
4551,46,126575,5,2,14,4,5,Male,Urban,Sedan,No,No,Low,No
4552,32,30000,5,2,3,12,4,Male,Urban,Sedan,No,No,Low,No
4553,37,120902,54.6,2,6,8,3,Male,Suburban,SUV,Yes,Yes,Low,Yes
4554,30,88889,5,1,4,8,1,Male,Urban,Sedan,No,Yes,Low,No
4555,48,95539,21.2,2,7,3,2,Male,Suburban,Sedan,Yes,Yes,Low,No
4556,58,113688,57.4,2,2,2,1,Female,Rural,SUV,Yes,Yes,Low,No
4557,69,46959,31,1,10,3,1,Female,Urban,Sedan,No,Yes,Low,No
4558,26,93962,29,4,2,1,1,Male,Suburban,Sedan,Yes,Yes,Low,No
4559,49,101016,45.4,2,1,3,2,Male,Rural,Sedan,Yes,Yes,Low,No
4560,46,89539,30.3,2,0,5,4,Female,Suburban,Sedan,Yes,No,Low,No
4561,28,100943,44.9,3,0,1,3,Female,Rural,SUV,Yes,No,Low,No
4562,56,73979,35.4,3,0,2,1,Female,Rural,Sedan,Yes,Yes,Low,No
4563,58,30000,30.5,1,5,2,3,Male,Suburban,Sedan,Yes,Yes,Low,No
4564,35,81173,5,1,1,9,3,Male,Suburban,SUV,Yes,No,Low,No
4565,26,69401,49.5,3,5,8,4,Male,Suburban,SUV,No,Yes,Low,No
4566,45,102593,50.6,2,4,4,3,Female,Suburban,Sedan,Yes,No,Low,No
4567,25,82870,5,1,4,1,2,Female,Suburban,Sedan,Yes,Yes,Low,No
4568,64,86989,54.3,2,0,9,5,Other,Suburban,Sedan,Yes,Yes,Low,No
4569,47,30000,37.4,3,2,8,5,Female,Suburban,Sedan,Yes,Yes,Low,Yes
4570,39,132749,45.6,2,12,11,1,Female,Urban,Sedan,No,No,Low,No
4571,48,82872,54.1,2,6,14,4,Male,Urban,Sedan,No,Yes,Medium,No
4572,55,30000,5,2,2,3,4,Male,Rural,Sedan,Yes,No,Low,No
4573,52,80968,53.4,2,6,5,1,Other,Suburban,Sedan,Yes,Yes,Low,No
4574,44,78765,62.5,1,1,1,3,Male,Rural,Hatchback,Yes,Yes,Low,No
4575,41,93911,11.4,2,9,18,3,Female,Urban,Sedan,No,Yes,Low,No
4576,58,84934,32.7,2,9,12,2,Female,Urban,Sedan,No,No,Low,No
4577,47,78727,53.3,1,0,2,5,Male,Rural,SUV,Yes,Yes,Low,Yes
4578,55,72887,36,1,5,10,2,Male,Urban,Hatchback,No,Yes,Medium,No
4579,54,119449,5,2,3,6,3,Female,Urban,Sedan,Yes,No,Low,No
4580,41,71095,57.6,2,7,13,4,Male,Urban,SUV,No,Yes,Low,No
4581,44,62930,41,2,11,10,3,Female,Urban,Sedan,Yes,Yes,Low,No
4582,54,78527,34.1,2,12,12,3,Male,Urban,SUV,Yes,No,Low,No
4583,61,56513,50.3,1,2,3,4,Male,Rural,Sedan,Yes,Yes,Low,No
4584,27,107805,54.2,2,10,18,1,Female,Urban,SUV,No,No,Low,No
4585,47,30000,5,2,10,15,2,Female,Urban,SUV,Yes,No,Low,No
4586,36,78800,54.9,1,2,10,1,Male,Urban,Sedan,Yes,Yes,Low,No
4587,69,73881,5,1,0,3,5,Male,Rural,Sedan,Yes,Yes,Low,No
4588,32,64973,29,3,7,7,2,Male,Urban,Hatchback,No,Yes,Low,No
4589,66,112440,25.1,1,1,3,3,Female,Rural,Truck,Yes,No,Low,No
4590,61,81277,57.5,1,3,12,3,Male,Urban,SUV,No,Yes,Medium,No
4591,49,30000,29.7,1,1,7,5,Female,Suburban,Truck,Yes,No,Low,No
4592,42,78453,9.8,2,4,7,5,Female,Suburban,SUV,Yes,No,Low,No
4593,32,120890,5,2,5,8,4,Male,Suburban,SUV,Yes,Yes,Low,Yes
4594,53,107944,52.4,1,14,12,2,Male,Urban,SUV,No,No,Low,No
4595,66,81338,21.6,1,2,1,2,Female,Rural,Hatchback,Yes,Yes,Low,No
4596,35,60598,52.3,1,2,6,4,Male,Urban,Sedan,No,Yes,Medium,No
4597,43,99234,24.1,3,5,10,3,Male,Urban,Sedan,No,Yes,Low,Yes
4598,68,96517,61.9,1,13,17,1,Female,Urban,Sedan,Yes,Yes,Low,No
4599,43,60918,51.8,1,1,2,2,Male,Rural,Hatchback,Yes,Yes,Low,No
4600,37,81449,5.4,2,12,5,3,Male,Urban,Sedan,No,Yes,Low,Yes
4601,30,158926,60.8,1,1,5,2,Male,Suburban,SUV,Yes,Yes,Low,No
4602,61,72454,37.1,1,7,5,5,Female,Urban,Truck,Yes,Yes,Low,Yes
4603,50,91361,29.7,2,1,9,5,Female,Suburban,SUV,Yes,Yes,Low,Yes
4604,61,58734,36.9,1,13,8,5,Male,Urban,Sedan,No,Yes,Low,No
4605,35,69950,54.6,1,10,5,1,Female,Urban,Sedan,Yes,No,Low,No
4606,53,57912,5,2,2,1,4,Male,Suburban,SUV,No,Yes,High,No
4607,48,30000,57,2,6,11,2,Female,Urban,Sedan,No,No,Medium,No
4608,43,132261,30.7,1,2,18,2,Male,Urban,Sedan,No,Yes,Low,No
4609,36,108860,5,1,12,6,2,Male,Urban,Truck,No,No,Low,No
4610,48,73597,15.4,2,6,16,2,Male,Urban,SUV,Yes,Yes,Low,No
4611,33,109349,26.2,2,1,5,2,Female,Suburban,Sedan,Yes,Yes,Low,No
4612,35,70921,33.2,1,7,12,5,Male,Urban,SUV,No,Yes,Low,Yes
4613,33,88125,31.7,1,4,8,4,Male,Urban,Sedan,No,No,Medium,No
4614,36,78973,41.9,1,6,4,1,Male,Suburban,SUV,Yes,Yes,Low,No
4615,50,115195,33.8,2,1,1,5,Female,Rural,Hatchback,Yes,Yes,Low,Yes
4616,33,78599,21.7,1,3,6,1,Male,Urban,Sedan,Yes,Yes,Low,No
4617,32,39063,5,1,3,14,4,Female,Urban,SUV,No,No,Low,No
4618,47,92798,69,1,1,8,3,Male,Suburban,SUV,Yes,Yes,Low,No
4619,64,109294,27.6,2,7,9,1,Female,Suburban,Sedan,Yes,Yes,Low,No
4620,66,30000,52.8,4,2,3,2,Male,Rural,Sedan,Yes,Yes,Low,No
4621,64,134429,48.5,1,9,9,3,Male,Urban,SUV,Yes,Yes,Low,Yes
4622,38,30000,52.2,2,2,0,4,Male,Rural,Sedan,Yes,No,Low,No
4623,64,96803,32.4,2,14,14,1,Male,Urban,Sedan,No,Yes,Low,No
4624,45,119774,48.5,1,3,4,1,Male,Urban,Sedan,No,Yes,Medium,No
4625,60,46799,39.4,1,4,7,4,Female,Suburban,SUV,Yes,No,Low,No
4626,32,65800,22.7,2,7,5,3,Female,Suburban,Sedan,Yes,Yes,Low,No
4627,53,30000,36.5,3,10,19,4,Male,Urban,SUV,No,No,Low,No
4628,45,78407,43.1,2,5,1,4,Male,Suburban,Hatchback,Yes,Yes,Low,Yes
4629,36,101793,18.5,3,2,0,5,Male,Rural,SUV,Yes,Yes,Low,Yes
4630,53,85499,36.1,2,4,16,1,Female,Urban,SUV,No,Yes,Low,No
4631,43,68421,5,2,12,9,3,Female,Urban,SUV,No,Yes,Low,No
4632,48,102515,5,1,11,9,2,Male,Urban,SUV,Yes,Yes,Low,No
4633,52,76940,22.7,2,4,12,1,Male,Urban,Sedan,Yes,Yes,Low,No
4634,26,89990,28.8,1,11,8,4,Male,Urban,Sedan,No,Yes,Medium,No
4635,41,80795,21.1,2,4,5,3,Male,Suburban,SUV,Yes,Yes,Low,No
4636,51,100537,30.5,1,7,3,2,Male,Suburban,Sedan,Yes,Yes,Low,No
4637,67,89340,15.5,1,0,6,2,Female,Suburban,Sedan,Yes,No,Low,No
4638,62,53321,49.3,2,7,7,1,Male,Urban,Sedan,No,Yes,Medium,No
4639,28,145814,18.8,1,0,7,3,Female,Suburban,Truck,Yes,Yes,Low,No
4640,53,74830,51,3,6,6,2,Male,Suburban,Sedan,Yes,Yes,Low,No
4641,44,83615,37.1,1,4,4,3,Male,Urban,Sedan,No,No,Medium,No
4642,49,82538,33.1,1,9,8,1,Male,Urban,SUV,No,Yes,Low,No
4643,36,105950,58.5,1,11,12,5,Female,Urban,SUV,Yes,Yes,Low,No
4644,47,82440,5,2,7,11,4,Male,Urban,SUV,Yes,No,Low,No
4645,50,72987,27.9,1,7,15,4,Male,Urban,SUV,Yes,No,Low,No
4646,51,124429,25.8,2,2,3,4,Male,Rural,SUV,Yes,Yes,Low,Yes
4647,63,92436,23.4,1,6,9,5,Male,Suburban,Sedan,Yes,Yes,Low,Yes
4648,33,114842,28.6,1,2,3,1,Male,Urban,Sedan,Yes,No,Low,No
4649,53,104787,34.5,1,1,5,2,Male,Suburban,SUV,Yes,Yes,Low,Yes
4650,60,69436,33.5,1,2,16,4,Female,Urban,Sedan,No,No,Low,No
4651,49,70572,43.9,2,14,8,5,Male,Urban,SUV,Yes,Yes,Low,Yes
4652,25,81133,45.9,3,7,4,2,Male,Urban,Sedan,Yes,No,Low,No
4653,49,30000,35.7,2,9,11,1,Female,Urban,Sedan,No,Yes,Low,No
4654,37,54739,5,2,6,10,2,Male,Urban,Sedan,No,Yes,Low,No
4655,31,86836,5,2,6,7,3,Female,Urban,Sedan,No,Yes,Medium,No
4656,41,131534,27.9,2,11,3,2,Male,Urban,Sedan,Yes,No,Low,No
4657,55,68480,20.3,2,4,6,4,Female,Suburban,SUV,Yes,No,Low,No
4658,59,101985,5,4,2,1,1,Female,Rural,Sedan,Yes,Yes,Low,No
4659,51,110173,5,1,0,1,4,Female,Rural,SUV,Yes,No,Low,No
4660,49,149435,43.5,3,7,15,1,Female,Urban,Sedan,Yes,No,Low,No
4661,48,111789,29.7,2,2,1,2,Female,Rural,SUV,Yes,Yes,Low,No
4662,28,83615,5,2,0,2,5,Female,Rural,SUV,Yes,Yes,Low,No
4663,53,152720,32.7,3,3,1,3,Male,Suburban,Hatchback,Yes,Yes,Low,Yes
4664,38,131879,5,3,5,9,5,Female,Suburban,Sedan,Yes,Yes,Low,Yes
4665,58,30000,28.5,2,4,8,5,Male,Suburban,Sedan,Yes,Yes,Low,No
4666,28,147796,30,2,2,4,4,Female,Suburban,SUV,Yes,No,Low,No
4667,66,68691,39.9,2,5,7,1,Male,Suburban,Sedan,No,Yes,Low,No
4668,67,30000,46.4,1,8,19,2,Male,Urban,Hatchback,No,Yes,Low,No
4669,44,47771,82.7,2,12,19,4,Male,Urban,SUV,Yes,No,Low,No
4670,68,92341,56.4,2,14,19,4,Male,Urban,Hatchback,No,No,Low,No
4671,55,101036,27.6,1,6,1,1,Female,Suburban,SUV,Yes,Yes,Low,No
4672,29,94468,31,1,2,7,2,Male,Urban,Sedan,Yes,Yes,Low,No
4673,28,63828,5,1,3,9,3,Male,Suburban,Sedan,Yes,Yes,Low,No
4674,45,142496,38,2,6,13,5,Male,Urban,Hatchback,No,Yes,Low,Yes
4675,50,100287,23.6,1,8,6,4,Male,Urban,Sedan,No,Yes,Low,No
4676,61,97624,38.1,2,11,11,4,Male,Urban,Sedan,No,Yes,Low,Yes
4677,38,103613,5,2,7,7,4,Male,Suburban,Hatchback,Yes,No,Low,No
4678,48,67986,46.9,2,5,7,1,Female,Urban,Sedan,No,Yes,Medium,No
4679,52,104441,62,1,11,4,1,Female,Urban,SUV,No,No,Medium,No
4680,50,67245,48.1,1,3,9,1,Female,Suburban,Truck,Yes,Yes,Low,No
4681,32,91412,45.9,2,6,3,1,Male,Suburban,Hatchback,Yes,No,Low,No
4682,55,114491,27.2,1,4,13,3,Male,Urban,Sedan,Yes,Yes,Low,Yes
4683,44,100943,54.4,2,2,3,2,Other,Rural,Sedan,Yes,Yes,Low,Yes
4684,52,67838,5,2,6,4,2,Male,Urban,Sedan,Yes,No,Low,No
4685,56,112352,45.7,2,6,12,3,Female,Urban,SUV,No,Yes,Low,No
4686,45,91438,27,1,1,1,1,Female,Rural,Sedan,Yes,Yes,Low,No
4687,49,82373,48.4,1,3,13,1,Female,Urban,SUV,No,Yes,Medium,No
4688,69,104094,71.2,2,14,5,1,Male,Urban,Sedan,No,Yes,Medium,No
4689,59,86095,5,1,3,9,1,Male,Suburban,SUV,Yes,Yes,Low,No
4690,27,95718,53.1,1,6,13,4,Male,Urban,Sedan,Yes,Yes,Low,No
4691,39,64559,35.3,1,9,9,2,Female,Urban,SUV,No,Yes,Low,No
4692,53,85586,33,2,14,7,2,Female,Urban,SUV,No,Yes,Low,No
4693,59,98795,5,1,4,8,2,Male,Suburban,Sedan,Yes,Yes,Low,No
4694,26,124058,55.1,2,7,12,4,Male,Urban,SUV,Yes,Yes,Low,Yes
4695,53,92577,5,2,12,15,1,Male,Urban,SUV,Yes,Yes,Low,No
4696,29,87712,5,2,13,3,2,Male,Urban,Truck,No,No,Low,No
4697,27,115948,35.5,2,5,9,4,Male,Suburban,Sedan,Yes,No,Low,No
4698,34,51511,36.1,2,4,10,3,Female,Urban,Sedan,No,No,Medium,No
4699,56,132386,55.6,2,4,7,1,Male,Suburban,Sedan,Yes,No,Low,No
4700,31,86092,5,1,2,8,3,Male,Suburban,SUV,Yes,Yes,Low,No
4701,64,102382,40.1,3,6,5,2,Male,Suburban,Truck,Yes,No,Low,No
4702,32,70869,23.6,3,5,12,2,Female,Urban,Sedan,No,Yes,Low,No
4703,43,63787,27.7,1,10,12,4,Female,Urban,Sedan,Yes,No,Low,No
4704,39,122975,5,1,2,5,4,Male,Urban,SUV,No,Yes,Low,Yes
4705,53,102624,39,2,4,10,4,Female,Urban,Truck,Yes,Yes,Low,No
4706,25,88889,50.5,1,1,8,2,Female,Suburban,SUV,Yes,Yes,Low,No
4707,27,84595,47.5,2,6,6,4,Male,Suburban,SUV,Yes,Yes,Low,No
4708,40,30000,5,2,2,0,5,Female,Rural,SUV,Yes,Yes,Low,No
4709,54,121363,5,3,3,8,3,Female,Urban,Sedan,Yes,Yes,Low,Yes
4710,33,94670,24,1,2,9,4,Male,Suburban,Sedan,Yes,Yes,Low,No
4711,57,54550,56.7,1,9,19,1,Female,Urban,SUV,No,Yes,Low,No
4712,64,149984,5,1,2,2,4,Male,Suburban,SUV,Yes,Yes,Low,Yes
4713,50,96437,57.7,3,8,18,4,Male,Urban,Truck,No,Yes,Low,No
4714,58,75874,50.7,2,0,3,3,Male,Rural,Sedan,Yes,Yes,Low,No
4715,57,69516,30.4,2,6,6,4,Female,Suburban,SUV,No,No,Low,No
4716,43,74927,67.5,1,0,3,1,Female,Rural,Sedan,Yes,No,Low,No
4717,39,67778,24.2,1,3,1,3,Male,Suburban,Truck,Yes,Yes,Low,No
4718,28,30000,54.4,2,2,3,3,Female,Rural,SUV,Yes,Yes,Low,No
4719,27,141115,5,1,3,4,5,Male,Urban,Sedan,No,Yes,Medium,Yes
4720,67,65790,32.7,3,2,0,1,Male,Rural,Hatchback,Yes,No,Medium,No
4721,30,149878,31.3,1,2,3,3,Male,Rural,Truck,Yes,No,Low,No
4722,39,82801,5,1,3,3,5,Male,Suburban,Sedan,Yes,Yes,Low,Yes
4723,53,86091,21.1,2,9,17,3,Male,Urban,Truck,No,Yes,Low,Yes
4724,63,87572,28.5,1,4,4,2,Female,Suburban,SUV,Yes,Yes,Low,No
4725,56,51934,19.7,1,3,9,3,Female,Urban,Hatchback,No,Yes,Low,No
4726,49,64545,5,1,2,15,2,Female,Urban,SUV,No,Yes,Low,No
4727,37,60710,49.3,3,0,3,2,Female,Suburban,SUV,Yes,Yes,Low,No
4728,48,101268,20.5,1,2,1,5,Female,Rural,SUV,Yes,Yes,Low,No
4729,43,103485,49.6,1,4,2,1,Male,Suburban,Sedan,Yes,Yes,Low,No
4730,62,107315,46.5,2,4,12,2,Male,Urban,Truck,Yes,No,Low,No
4731,50,86048,24.4,2,7,3,1,Male,Suburban,Sedan,Yes,No,Low,No
4732,25,30000,25.5,1,0,0,4,Male,Rural,Sedan,Yes,Yes,Low,No
4733,30,30000,25.9,2,2,3,2,Female,Suburban,Sedan,Yes,No,Low,No
4734,25,56522,57.7,1,0,0,2,Male,Rural,Sedan,Yes,Yes,Low,No
4735,64,55725,25.9,2,3,2,1,Female,Suburban,SUV,Yes,Yes,Low,No
4736,29,81050,35.8,2,3,7,2,Male,Suburban,Sedan,Yes,No,Low,No
4737,41,30000,52.4,2,6,8,2,Female,Suburban,Sedan,Yes,Yes,Low,No
4738,69,113631,36.1,2,2,0,3,Male,Rural,Sedan,Yes,Yes,Low,No
4739,45,61838,5,1,12,4,2,Female,Urban,SUV,No,No,Low,No
4740,47,51808,5,2,10,5,1,Male,Urban,Sedan,No,Yes,Medium,Yes
4741,52,83636,41.8,1,5,11,3,Female,Urban,SUV,Yes,Yes,Low,No
4742,32,78822,45.9,1,5,12,1,Male,Urban,SUV,No,Yes,Low,No
4743,31,129729,46.7,2,8,5,5,Male,Urban,Hatchback,Yes,Yes,Low,No
4744,66,71462,29.3,1,12,10,5,Male,Urban,SUV,No,No,Low,No
4745,55,58259,39.1,1,6,6,5,Female,Urban,Sedan,No,Yes,Medium,No
4746,47,104084,33.6,2,8,5,3,Male,Urban,Sedan,No,Yes,Low,No
4747,39,30000,59.2,2,11,11,4,Male,Urban,SUV,No,Yes,Low,No
4748,31,104816,5,2,2,2,2,Female,Rural,Hatchback,Yes,Yes,Low,No
4749,56,46833,11.8,2,3,10,4,Female,Urban,SUV,No,No,Low,No
4750,28,85878,22.7,1,13,10,1,Female,Urban,Sedan,Yes,No,Low,No
4751,42,87941,5,2,10,10,2,Female,Urban,Sedan,No,No,Low,No
4752,69,131391,49.2,1,6,6,3,Male,Urban,Sedan,No,No,Medium,No
4753,58,69770,54.6,1,2,16,1,Female,Urban,SUV,Yes,Yes,Low,No
4754,49,81418,17.8,2,0,8,1,Female,Suburban,Sedan,Yes,Yes,Low,No
4755,27,108909,22.5,3,0,8,5,Male,Suburban,Sedan,Yes,Yes,Low,Yes
4756,62,108979,48.1,1,7,16,4,Female,Urban,Sedan,No,Yes,Low,No
4757,36,87561,34.4,1,6,4,5,Female,Suburban,Sedan,Yes,No,Low,No
4758,49,85499,58.5,2,5,7,2,Male,Urban,SUV,No,No,Medium,No
4759,56,61311,41.6,2,9,19,4,Female,Urban,Sedan,No,No,Low,No
4760,25,30000,34.4,1,1,1,5,Male,Rural,SUV,Yes,Yes,Low,Yes
4761,41,79750,16,2,7,9,3,Male,Suburban,Sedan,Yes,Yes,Low,No
4762,27,98589,41.4,1,1,0,2,Male,Rural,Hatchback,Yes,No,Low,No
4763,34,86915,50.8,2,13,17,1,Male,Urban,Sedan,No,Yes,Low,No
4764,29,30000,21,3,9,14,4,Male,Urban,Sedan,Yes,Yes,Low,No
4765,49,81516,53.8,2,2,9,1,Male,Suburban,SUV,Yes,Yes,Low,No
4766,33,113362,52.2,1,1,2,4,Female,Suburban,SUV,Yes,Yes,Low,Yes
4767,38,125038,51,2,7,6,5,Female,Suburban,Sedan,Yes,No,Low,No
4768,40,30000,5,2,2,10,4,Male,Urban,Sedan,Yes,Yes,Low,No
4769,52,82943,5,1,5,3,5,Other,Urban,Sedan,No,Yes,Low,No
4770,66,82388,41.9,1,11,6,3,Male,Urban,Hatchback,No,No,Medium,No
4771,46,51951,37.1,2,0,2,5,Female,Suburban,Sedan,Yes,Yes,Low,Yes
4772,36,30000,34.4,4,0,3,4,Male,Rural,Sedan,Yes,Yes,Low,No
4773,48,147931,40.4,1,2,6,4,Female,Suburban,Sedan,No,Yes,Medium,No
4774,33,30000,29.7,1,9,18,1,Female,Urban,SUV,No,Yes,Low,No
4775,61,90104,40.4,2,13,15,2,Male,Urban,Truck,Yes,No,Low,No
4776,65,30000,5,1,0,3,4,Male,Suburban,SUV,Yes,No,Low,No
4777,25,111797,50.7,2,3,8,5,Female,Suburban,Sedan,Yes,Yes,Low,Yes
4778,32,106710,22.6,1,4,9,2,Female,Suburban,SUV,Yes,Yes,Low,No
4779,50,96642,38.3,2,10,9,1,Female,Urban,Sedan,Yes,No,Low,No
4780,41,93066,31.8,1,0,1,3,Female,Rural,Sedan,Yes,Yes,Low,No
4781,39,111035,47.1,1,9,18,3,Male,Urban,SUV,No,Yes,Medium,No
4782,63,70829,55.8,1,1,8,3,Male,Suburban,SUV,Yes,No,Low,No
4783,44,84578,26.4,2,1,3,4,Female,Rural,SUV,Yes,No,Low,No
4784,48,91799,15.6,1,0,3,4,Male,Suburban,Hatchback,Yes,No,Low,No
4785,47,99628,5,1,12,18,4,Male,Urban,Truck,No,No,Low,No
4786,35,105957,5,2,12,6,4,Male,Urban,Sedan,No,Yes,Low,Yes
4787,41,121391,36.2,2,5,19,1,Male,Urban,Hatchback,No,Yes,Low,No
4788,63,91597,34,2,11,14,5,Female,Urban,Sedan,Yes,No,Low,No
4789,26,101212,48.4,3,11,14,4,Male,Urban,Sedan,Yes,Yes,Low,No
4790,52,30000,55.5,1,3,7,3,Female,Suburban,SUV,No,No,Medium,No
4791,38,57932,33,1,0,0,3,Male,Rural,Hatchback,Yes,Yes,Low,No
4792,38,74941,45.7,1,1,3,1,Female,Rural,SUV,Yes,Yes,Low,No
4793,62,30000,46.9,1,4,8,4,Male,Suburban,Truck,Yes,Yes,Low,No
4794,50,86137,37.1,1,5,16,5,Male,Urban,SUV,No,Yes,Low,Yes
4795,64,100447,55.8,1,1,9,4,Female,Suburban,Truck,Yes,Yes,Low,Yes
4796,36,91289,20.6,2,2,8,5,Female,Suburban,Sedan,Yes,Yes,Low,Yes
4797,56,30000,42.7,1,14,12,1,Male,Urban,Sedan,No,No,Low,No
4798,36,97574,43.3,1,12,4,3,Female,Urban,Sedan,No,Yes,Low,No
4799,55,107280,42.1,1,13,8,1,Female,Urban,Sedan,Yes,No,Low,No
4800,56,148894,5,2,3,9,5,Male,Urban,Sedan,No,Yes,Low,Yes
4801,31,69979,5,2,8,17,5,Male,Urban,Sedan,No,No,Low,No
4802,45,81111,5,1,6,4,2,Other,Urban,SUV,No,Yes,Low,No
4803,25,30000,33.1,1,2,7,4,Female,Suburban,Sedan,Yes,Yes,Low,No
4804,58,76946,5,2,0,2,4,Male,Rural,SUV,Yes,Yes,Low,No
4805,66,69686,5,3,3,8,3,Female,Suburban,Truck,Yes,No,Low,No
4806,41,64953,25.7,2,7,9,2,Male,Suburban,Hatchback,Yes,Yes,Low,No
4807,52,75790,27.8,1,12,6,1,Male,Urban,Hatchback,No,No,Low,No
4808,49,71462,22,2,1,1,5,Female,Suburban,SUV,Yes,No,Low,No
4809,63,81488,45.1,1,10,14,4,Female,Urban,Sedan,Yes,Yes,Low,No
4810,69,78174,60.3,1,7,8,3,Male,Suburban,Sedan,Yes,No,Low,No
4811,61,83066,27.3,2,3,8,3,Female,Urban,Sedan,No,Yes,Low,No
4812,31,94443,33.5,1,4,8,1,Female,Suburban,Sedan,Yes,Yes,Low,No
4813,50,30000,27.4,1,1,1,1,Male,Rural,SUV,Yes,Yes,Low,No
4814,45,72969,29.3,2,9,10,1,Female,Urban,Hatchback,No,Yes,Low,No
4815,38,120939,39,1,1,9,1,Male,Suburban,SUV,Yes,No,Low,No
4816,32,112343,35.4,1,7,18,3,Male,Urban,SUV,No,Yes,Low,No
4817,47,71241,36.8,3,1,3,5,Female,Rural,Sedan,Yes,No,Low,No
4818,55,64441,19.7,1,2,7,2,Male,Suburban,Sedan,Yes,No,Low,No
4819,35,92384,21.1,1,13,13,2,Female,Urban,Sedan,Yes,Yes,Low,No
4820,25,132976,70.8,2,0,0,5,Male,Rural,Truck,No,No,Medium,No
4821,41,104732,32.8,2,9,15,4,Male,Urban,SUV,No,Yes,Low,Yes
4822,59,140561,41.4,2,7,13,5,Female,Urban,Sedan,No,Yes,Low,Yes
4823,54,63991,5,2,4,6,3,Male,Suburban,Sedan,No,No,Low,No
4824,39,62351,55.5,2,1,1,3,Female,Rural,Sedan,Yes,Yes,Low,No
4825,40,30000,30.1,2,3,9,2,Male,Urban,SUV,No,No,Low,No
4826,64,87085,5,2,1,0,1,Male,Rural,Sedan,Yes,Yes,Low,No
4827,26,102063,58.9,3,4,8,5,Male,Urban,SUV,Yes,Yes,Low,Yes
4828,50,115495,5,1,5,10,3,Male,Urban,Sedan,No,No,Low,No
4829,53,105718,21.7,1,14,16,5,Female,Urban,Hatchback,Yes,Yes,Low,Yes
4830,66,113948,49.9,1,7,6,4,Female,Suburban,Sedan,Yes,Yes,Low,Yes
4831,66,82436,5,2,0,5,5,Female,Suburban,Sedan,Yes,Yes,Low,Yes
4832,31,68493,69.5,3,6,1,2,Male,Suburban,SUV,Yes,No,Low,No
4833,50,101877,5,1,8,15,3,Male,Urban,Sedan,Yes,No,Low,No
4834,62,52460,50.6,1,1,0,3,Male,Rural,Hatchback,Yes,No,Low,No
4835,47,77431,70.9,1,1,1,2,Female,Rural,Hatchback,Yes,Yes,Low,No
4836,43,81530,5,4,14,6,4,Female,Urban,SUV,Yes,Yes,Low,Yes
4837,53,66987,61.2,2,4,14,3,Female,Urban,Sedan,Yes,Yes,Low,No
4838,45,63386,34.1,2,13,18,2,Female,Urban,SUV,No,Yes,Low,No
4839,31,93552,5,3,0,3,4,Male,Rural,Sedan,Yes,Yes,Low,Yes
4840,64,88610,36.4,1,1,1,1,Male,Suburban,Hatchback,Yes,No,Low,No
4841,61,74183,57.7,1,4,5,2,Male,Suburban,Sedan,Yes,Yes,Low,No
4842,34,64632,30.4,1,7,9,1,Male,Suburban,Sedan,Yes,Yes,Low,No
4843,67,86029,28.7,1,7,7,1,Female,Urban,Hatchback,No,Yes,Low,No
4844,66,96161,46.4,3,8,5,3,Male,Urban,Hatchback,Yes,No,Low,No
4845,69,80731,27.5,1,14,4,1,Male,Urban,SUV,Yes,No,Low,No
4846,54,87836,38.2,1,5,9,1,Female,Urban,Sedan,Yes,Yes,Low,No
4847,66,78434,66.3,4,3,9,1,Female,Urban,SUV,No,No,Medium,No
4848,54,68669,49.1,1,4,2,3,Male,Suburban,Sedan,Yes,No,Low,No
4849,55,107310,5,2,4,7,5,Male,Urban,Sedan,Yes,Yes,Low,Yes
4850,48,81844,5,1,14,14,5,Female,Urban,SUV,Yes,Yes,Low,Yes
4851,30,93699,48,1,4,3,3,Male,Suburban,SUV,Yes,Yes,Low,No
4852,47,78481,5,2,2,9,2,Female,Suburban,SUV,Yes,No,Low,No
4853,49,121445,27.5,2,4,3,2,Female,Suburban,Sedan,No,Yes,Medium,No
4854,41,68675,38.3,1,2,8,4,Male,Suburban,Sedan,Yes,No,Low,Yes
4855,69,58891,33.2,1,0,5,1,Male,Suburban,SUV,Yes,No,Low,No
4856,67,89296,5,1,7,18,1,Female,Urban,Truck,No,Yes,Low,No
4857,47,110314,26.3,2,0,0,1,Female,Rural,Truck,Yes,Yes,Low,No
4858,54,79644,5,1,6,18,2,Male,Urban,Truck,Yes,No,Low,No
4859,27,78174,29.1,2,1,1,2,Male,Rural,Sedan,Yes,No,Low,No
4860,67,30000,43.9,2,3,6,1,Female,Suburban,SUV,Yes,Yes,Low,No
4861,43,94919,5,1,0,2,5,Male,Suburban,SUV,Yes,No,Low,No
4862,35,101113,5,1,3,16,5,Male,Urban,Sedan,No,No,Low,No
4863,69,143206,59.1,2,3,9,4,Male,Suburban,Hatchback,Yes,No,Low,No
4864,56,99897,76.2,2,12,8,3,Male,Urban,Sedan,No,No,Medium,No
4865,54,95892,21.2,2,5,9,4,Female,Urban,SUV,No,No,Low,No
4866,56,146811,43.5,2,3,15,3,Female,Urban,Sedan,Yes,No,Low,No
4867,45,90912,43,1,10,19,4,Female,Urban,Hatchback,No,Yes,Low,Yes
4868,53,30000,5,1,2,1,1,Female,Rural,SUV,Yes,No,Low,No
4869,45,81699,21.7,4,5,3,1,Male,Suburban,SUV,No,Yes,Medium,No
4870,29,84410,43.5,2,1,3,5,Male,Suburban,Sedan,Yes,Yes,Low,Yes
4871,28,94493,46.9,1,2,0,2,Male,Rural,Sedan,Yes,Yes,Low,No
4872,58,59721,59.8,2,10,4,5,Male,Urban,Sedan,No,Yes,Low,No
4873,26,66492,49.5,2,1,7,3,Male,Suburban,SUV,Yes,Yes,Low,No
4874,54,93856,59,4,6,14,4,Male,Urban,SUV,No,No,Low,No
4875,25,75311,41.8,2,3,10,2,Female,Urban,Sedan,No,No,Low,No
4876,47,107845,35.4,2,9,9,5,Male,Urban,Truck,No,No,Low,No
4877,49,93989,22.1,1,8,17,1,Male,Urban,Hatchback,No,Yes,Low,No
4878,60,30000,24.9,3,3,5,2,Female,Suburban,Sedan,Yes,No,Low,No
4879,62,94308,45.7,2,5,8,5,Male,Suburban,SUV,Yes,Yes,Low,Yes
4880,38,84683,41.5,1,0,1,2,Male,Rural,SUV,Yes,Yes,Low,No
4881,48,67794,56.6,2,0,1,1,Male,Rural,Hatchback,Yes,Yes,Low,No
4882,27,78769,46.5,1,9,11,5,Female,Urban,SUV,Yes,No,Low,No
4883,44,71295,29,3,2,4,1,Male,Suburban,SUV,Yes,No,Low,No
4884,57,121797,22,2,12,19,3,Male,Urban,Truck,Yes,Yes,Low,Yes
4885,61,120863,34.5,1,3,5,4,Male,Suburban,Sedan,Yes,Yes,Low,No
4886,36,78845,24,2,6,16,5,Female,Urban,SUV,No,No,Low,No
4887,28,126825,5,1,8,3,5,Male,Urban,SUV,No,Yes,Low,Yes
4888,62,79724,35.7,4,2,9,4,Male,Suburban,Truck,Yes,Yes,Low,Yes
4889,40,61311,53.9,3,2,3,1,Female,Urban,Sedan,No,No,Medium,No
4890,41,132993,57.2,4,1,0,5,Male,Rural,Sedan,No,Yes,Medium,No
4891,40,94167,44.5,2,13,9,5,Female,Urban,Sedan,No,Yes,Low,Yes
4892,60,85111,43.9,2,1,3,4,Male,Rural,Hatchback,Yes,Yes,Low,Yes
4893,35,30000,38,1,6,16,1,Male,Urban,Sedan,Yes,No,Low,No
4894,33,66929,33.5,1,7,3,5,Male,Suburban,Sedan,Yes,No,Low,No
4895,50,72638,5,2,5,6,3,Male,Urban,Hatchback,No,Yes,Medium,No
4896,66,94469,44.4,1,8,11,1,Male,Urban,Sedan,No,No,Low,No
4897,50,58625,22.8,2,6,5,2,Male,Urban,SUV,Yes,No,Low,No
4898,48,49160,43.8,1,4,4,5,Male,Urban,SUV,Yes,No,Low,No
4899,27,109479,5,1,0,2,1,Female,Rural,Sedan,Yes,Yes,Low,No
4900,35,137965,52.2,1,4,14,1,Male,Urban,SUV,No,Yes,Low,No
4901,54,90385,59.7,2,0,3,4,Female,Rural,SUV,Yes,Yes,Low,Yes
4902,48,95813,26.8,2,6,7,4,Male,Suburban,SUV,Yes,Yes,Low,No
4903,30,75850,47.1,3,9,18,2,Female,Urban,SUV,No,Yes,Low,No
4904,30,99800,37.1,3,3,18,4,Male,Urban,SUV,No,Yes,Low,No
4905,48,48584,38.9,1,2,3,5,Male,Rural,SUV,Yes,No,Low,No
4906,43,82451,5,2,0,5,5,Male,Suburban,SUV,Yes,Yes,Low,No
4907,30,30000,57.9,1,10,13,3,Female,Urban,Sedan,No,Yes,Medium,No
4908,25,51593,8,4,1,6,1,Female,Suburban,SUV,Yes,No,Low,No
4909,44,88653,58.9,1,0,1,2,Male,Rural,SUV,Yes,No,Low,No
4910,59,30000,42.7,3,2,3,1,Female,Rural,Sedan,Yes,Yes,Low,No
4911,35,30000,5,2,13,11,1,Male,Urban,SUV,No,No,Low,No
4912,58,128894,57.5,2,14,14,2,Female,Urban,SUV,No,Yes,Low,No
4913,26,83536,5,1,7,8,5,Female,Suburban,SUV,Yes,Yes,Low,Yes
4914,54,67794,36.8,1,2,1,5,Male,Rural,Hatchback,Yes,No,Low,No
4915,41,30000,30.5,1,4,13,1,Male,Urban,SUV,Yes,Yes,Low,No
4916,63,93586,46.9,1,13,3,5,Female,Urban,Sedan,Yes,No,Low,No
4917,38,60417,29.1,2,4,8,3,Female,Urban,Sedan,No,No,Low,No
4918,56,104558,46.8,1,9,16,2,Male,Urban,Truck,No,Yes,Low,No
4919,44,30000,5,1,12,9,1,Female,Urban,SUV,No,Yes,Low,No
4920,64,110835,5,1,7,8,5,Female,Urban,SUV,Yes,No,Low,No
4921,30,54399,5,2,9,3,1,Male,Urban,Truck,Yes,Yes,Low,No
4922,63,94445,24,2,2,1,3,Male,Rural,SUV,Yes,No,Low,No
4923,47,89915,5,2,2,14,5,Female,Urban,Sedan,Yes,No,Low,No
4924,39,75370,5,1,14,5,2,Male,Urban,SUV,Yes,No,Low,No
4925,59,88333,39.7,1,7,13,5,Male,Urban,Hatchback,No,Yes,Medium,No
4926,41,64666,38.7,2,1,2,2,Male,Suburban,Sedan,Yes,Yes,Low,No
4927,30,128821,30.5,2,3,3,5,Female,Suburban,Sedan,Yes,Yes,Low,Yes
4928,59,83359,37.9,1,13,17,2,Female,Urban,Sedan,No,Yes,Low,No
4929,51,54816,57,2,0,1,5,Male,Suburban,Sedan,Yes,Yes,Low,No
4930,31,72963,19.5,3,1,0,5,Female,Rural,Sedan,Yes,Yes,Low,Yes
4931,63,131379,5,2,3,5,5,Male,Suburban,Sedan,Yes,Yes,Low,Yes
4932,30,95594,28.6,3,8,4,5,Female,Urban,Sedan,No,Yes,Low,No
4933,43,69957,65.6,3,11,13,3,Female,Urban,Sedan,No,Yes,Low,No
4934,54,102589,32.1,1,3,5,2,Female,Suburban,Sedan,Yes,Yes,Low,No
4935,68,96526,16.6,1,7,9,5,Female,Suburban,Sedan,Yes,No,Low,No
4936,34,61293,47.1,2,11,11,2,Male,Urban,Sedan,No,Yes,Medium,No
4937,65,30000,27.9,1,3,6,3,Female,Suburban,Sedan,Yes,No,Low,No
4938,28,75822,31,2,2,9,1,Female,Suburban,Sedan,Yes,Yes,Low,No
4939,47,85677,34.3,2,0,1,2,Male,Rural,SUV,Yes,No,Low,No
4940,55,90190,60.1,3,9,19,3,Male,Urban,Sedan,No,No,Low,No
4941,64,106101,5,1,0,1,3,Male,Rural,Sedan,Yes,Yes,Low,No
4942,41,97743,65.9,2,11,5,4,Female,Urban,Sedan,No,No,Medium,No
4943,51,52859,36.6,2,6,9,5,Male,Suburban,Hatchback,Yes,Yes,Low,No
4944,53,95583,59.2,2,6,9,1,Male,Urban,Hatchback,No,Yes,Low,No
4945,49,70886,18.4,1,4,8,1,Male,Suburban,SUV,Yes,Yes,Low,No
4946,49,78129,19.9,1,0,1,4,Female,Rural,SUV,Yes,No,Low,No
4947,42,75534,5,2,3,6,1,Male,Urban,Sedan,No,Yes,Low,No
4948,67,52260,48.9,2,0,1,4,Female,Rural,Sedan,Yes,No,Low,No
4949,54,81277,25.4,2,11,3,1,Male,Urban,Sedan,Yes,Yes,Low,No
4950,69,77550,5,2,9,19,4,Male,Urban,Sedan,No,Yes,Low,No
4951,59,30000,17.8,2,2,3,3,Male,Rural,Sedan,Yes,Yes,Low,No
4952,49,85102,44.9,2,2,1,3,Male,Rural,SUV,Yes,No,Low,No
4953,45,30000,43.9,2,7,10,4,Female,Urban,Sedan,Yes,No,Low,No
4954,44,59895,28.3,1,5,15,5,Female,Urban,Sedan,No,Yes,Low,Yes
4955,54,84949,61,1,7,8,1,Female,Suburban,Sedan,Yes,No,Low,No
4956,27,121791,46.9,3,7,6,3,Female,Urban,Sedan,No,No,Medium,No
4957,26,90805,35.4,2,9,3,1,Female,Urban,SUV,Yes,Yes,Low,No
4958,41,104787,39.6,2,9,11,2,Female,Urban,Sedan,No,Yes,Low,No
4959,47,114042,5,2,2,7,3,Female,Suburban,Sedan,No,Yes,Low,Yes
4960,56,90557,47.9,3,11,9,3,Female,Urban,Sedan,Yes,No,Low,No
4961,59,102882,67.3,1,3,5,2,Female,Suburban,Sedan,Yes,No,Low,No
4962,30,139905,25,2,7,7,1,Female,Suburban,SUV,Yes,No,Low,No
4963,40,93314,53.3,2,10,19,1,Female,Urban,Sedan,Yes,Yes,Low,No
4964,36,30000,28.6,2,2,3,2,Male,Rural,SUV,Yes,Yes,Low,No
4965,28,87555,60.5,1,4,4,4,Male,Suburban,Sedan,Yes,Yes,Low,Yes
4966,50,30000,22,2,14,7,1,Male,Urban,Sedan,No,No,Low,No
4967,42,106059,30.7,1,8,5,4,Male,Urban,Sedan,No,Yes,Low,Yes
4968,44,30000,49.7,1,0,3,5,Female,Rural,Sedan,Yes,No,Low,No
4969,37,30000,67,1,14,18,3,Male,Urban,SUV,No,Yes,Medium,No
4970,45,101036,34.5,1,3,10,5,Female,Urban,Sedan,No,Yes,Low,No
4971,41,30000,22,1,7,4,3,Male,Suburban,Truck,Yes,Yes,Low,No
4972,45,59469,40.4,2,12,11,5,Male,Urban,Hatchback,Yes,Yes,Low,Yes
4973,62,168218,61.4,1,2,2,5,Female,Rural,Truck,Yes,Yes,Low,Yes
4974,37,85469,24.3,2,6,9,5,Male,Suburban,Sedan,No,Yes,Medium,Yes
4975,49,76954,5,2,7,7,3,Male,Suburban,SUV,Yes,No,Low,No
4976,49,80590,29.7,2,14,17,4,Female,Urban,Sedan,Yes,Yes,Low,Yes
4977,40,116041,47,3,7,3,1,Other,Urban,Sedan,No,Yes,Low,No
4978,38,141884,13.5,2,9,14,1,Female,Urban,Sedan,No,Yes,Low,No
4979,49,83646,53.7,3,4,13,2,Male,Urban,Sedan,No,Yes,Medium,No
4980,26,51595,5,3,3,8,2,Male,Suburban,Hatchback,Yes,Yes,Low,No
4981,68,76623,5,2,2,3,1,Female,Rural,SUV,Yes,Yes,Low,No
4982,40,93683,27.3,1,6,4,3,Female,Suburban,Truck,Yes,No,Low,No
4983,52,104576,23.9,1,0,1,5,Male,Rural,SUV,Yes,Yes,Low,Yes
4984,66,62723,33.8,2,2,1,2,Male,Suburban,Sedan,No,No,Medium,No
4985,26,113589,5,1,5,1,1,Female,Suburban,SUV,Yes,No,Low,No
4986,44,57931,29.7,1,8,12,5,Male,Urban,Truck,Yes,Yes,Low,Yes
4987,69,93085,5,1,14,10,4,Male,Urban,SUV,No,Yes,Low,Yes
4988,57,64204,5,2,7,12,2,Male,Urban,Sedan,Yes,No,Low,No
4989,45,91560,43.7,3,4,3,4,Female,Suburban,Hatchback,Yes,Yes,Low,No
4990,42,77979,42.4,2,1,9,4,Male,Suburban,SUV,Yes,Yes,Low,No
4991,66,81699,20.6,3,5,17,2,Female,Urban,SUV,Yes,Yes,Low,No
4992,48,93544,5,1,4,8,3,Female,Suburban,SUV,Yes,No,Low,No
4993,49,93427,26.5,2,0,3,3,Female,Suburban,SUV,Yes,Yes,Low,No
4994,54,30000,20.7,2,6,5,3,Male,Urban,SUV,No,Yes,Low,No
4995,46,87689,5,1,7,8,2,Male,Urban,Sedan,No,No,Low,No
4996,58,117576,35.9,1,6,5,5,Male,Suburban,SUV,Yes,Yes,Low,Yes
4997,46,106065,43.9,1,10,18,2,Male,Urban,Sedan,Yes,Yes,Low,No
4998,47,102542,43.4,1,14,6,2,Female,Urban,Hatchback,No,Yes,Low,No
4999,26,131762,36.7,1,7,8,5,Female,Suburban,SUV,Yes,Yes,Low,Yes
5000,34,108881,57.5,1,12,8,3,Male,Urban,SUV,Yes,Yes,Low,Yes
5001,52,96642,32,3,5,8,1,Male,Suburban,Sedan,Yes,Yes,Low,No
5002,27,113767,55.9,2,2,9,4,Female,Urban,SUV,Yes,Yes,Low,No
5003,28,113258,54.9,1,7,8,5,Female,Suburban,Sedan,Yes,Yes,Low,Yes
5004,51,95452,24.2,2,9,3,5,Male,Urban,Hatchback,No,No,Low,No
5005,66,62300,26.6,2,9,17,5,Male,Urban,SUV,Yes,No,Low,No
5006,64,73913,41.3,2,7,19,1,Male,Urban,Sedan,No,No,Low,No
5007,34,59903,29.4,1,3,1,4,Male,Suburban,Sedan,Yes,No,Low,No
5008,55,83029,48.5,1,0,7,4,Male,Suburban,Sedan,Yes,Yes,Low,Yes
5009,30,100006,24.8,1,5,3,1,Male,Urban,Hatchback,Yes,Yes,Low,No
5010,26,57337,43.3,2,12,18,1,Female,Urban,Sedan,Yes,Yes,Low,No
5011,58,91535,31.8,2,4,6,3,Male,Urban,Sedan,No,Yes,Medium,Yes
5012,62,69965,53.1,4,11,5,3,Female,Urban,Sedan,No,No,Medium,No
5013,54,85629,57.1,2,7,3,3,Male,Suburban,Sedan,Yes,Yes,Low,No
5014,31,87558,16.2,2,12,10,4,Female,Urban,Hatchback,No,Yes,Low,No
5015,50,78606,5,2,13,6,5,Male,Urban,Sedan,No,Yes,Low,Yes
5016,69,101197,32.5,2,1,1,2,Female,Rural,SUV,Yes,No,Low,No
5017,59,80731,5,2,7,9,4,Female,Suburban,Truck,Yes,No,Low,No
5018,27,90950,22.7,1,5,18,3,Female,Urban,Truck,No,Yes,Low,No
5019,59,65792,31.1,1,5,13,1,Male,Urban,Sedan,No,No,Low,No
5020,28,72769,16.1,1,6,3,4,Female,Suburban,SUV,Yes,Yes,Low,No
5021,28,87779,38.6,2,5,11,2,Male,Urban,SUV,No,Yes,Medium,No
5022,64,72441,44,2,5,3,2,Male,Suburban,Hatchback,Yes,Yes,Low,No
5023,30,56563,5,2,1,0,1,Female,Rural,SUV,Yes,Yes,Low,No
5024,50,109402,23.3,1,5,8,5,Male,Suburban,Hatchback,Yes,Yes,Low,Yes
5025,60,74862,41.2,2,1,3,4,Male,Rural,Sedan,No,Yes,High,No
5026,28,30000,45.4,1,6,17,2,Female,Urban,Sedan,Yes,Yes,Low,No
5027,49,59286,50.3,1,14,14,2,Male,Urban,Hatchback,No,Yes,Low,No
5028,69,77531,60.9,1,0,5,4,Female,Suburban,Hatchback,Yes,No,Low,No
5029,55,121391,23.7,1,5,5,2,Male,Urban,Sedan,Yes,Yes,Low,No
5030,31,75370,47.4,2,3,8,4,Female,Suburban,SUV,Yes,No,Low,No
5031,41,108909,5,2,2,4,2,Male,Suburban,Sedan,Yes,Yes,Low,No
5032,31,121791,25.1,2,6,3,2,Male,Suburban,SUV,Yes,Yes,Low,No
5033,41,75736,57.1,1,4,8,4,Female,Suburban,Hatchback,Yes,No,Low,No
5034,69,87626,36.4,1,4,11,2,Male,Urban,SUV,No,No,Medium,No
5035,39,30000,40.1,2,1,9,2,Female,Suburban,SUV,Yes,Yes,Low,No
5036,25,93766,33.3,1,1,2,3,Male,Rural,SUV,Yes,Yes,Low,No
5037,50,74033,5,4,2,1,1,Male,Rural,Sedan,Yes,Yes,Low,No
5038,35,82870,30,2,7,7,2,Female,Suburban,SUV,Yes,Yes,Low,No
5039,46,85629,18.3,2,2,9,4,Female,Suburban,Truck,Yes,Yes,Low,Yes
5040,33,73693,48.3,2,6,17,5,Female,Urban,SUV,No,Yes,Low,Yes
5041,27,132998,62.3,4,6,6,5,Male,Suburban,SUV,Yes,Yes,Low,Yes
5042,30,91597,5,1,8,4,2,Female,Urban,Sedan,Yes,No,Low,No
5043,69,86407,5,1,7,4,4,Female,Suburban,Sedan,No,Yes,Low,Yes
5044,42,169619,37.9,2,2,9,4,Male,Suburban,Sedan,Yes,No,Low,No
5045,38,104792,57.9,2,5,18,5,Male,Urban,Sedan,No,No,Low,No
5046,62,79986,27,2,12,17,1,Female,Urban,Hatchback,Yes,Yes,Low,No
5047,45,56777,49.3,3,2,14,2,Other,Urban,Hatchback,Yes,Yes,Low,No
5048,35,75534,29.7,1,13,8,1,Male,Urban,Hatchback,Yes,No,Low,No
5049,43,100974,48.6,1,0,7,2,Male,Suburban,Hatchback,Yes,No,Low,No
5050,58,48872,31.6,1,1,1,1,Female,Rural,Sedan,Yes,Yes,Low,No
5051,40,98185,34.4,2,11,19,3,Female,Urban,Truck,No,Yes,Low,No
5052,64,86344,24.9,1,3,3,2,Male,Urban,Truck,Yes,Yes,Low,No
5053,67,87912,52.3,2,1,6,3,Female,Suburban,SUV,Yes,No,Low,No
5054,46,52416,55.1,1,2,1,1,Male,Rural,Sedan,Yes,Yes,Medium,No
5055,31,103850,15.5,2,2,3,4,Male,Suburban,Sedan,Yes,Yes,Low,Yes
5056,67,81511,43.7,1,14,6,4,Male,Urban,Hatchback,Yes,No,Low,No
5057,39,95813,61,2,2,2,5,Female,Rural,Sedan,Yes,No,Low,No
5058,48,83745,24.4,2,3,11,3,Female,Urban,Sedan,Yes,No,Low,No
5059,43,55717,52.4,3,9,5,2,Male,Urban,SUV,Yes,No,Low,No
5060,35,115841,42.2,1,1,2,5,Female,Suburban,SUV,Yes,Yes,Low,Yes
5061,55,113927,5,3,2,1,4,Female,Rural,Sedan,Yes,Yes,Low,Yes
5062,66,84949,66.8,2,1,3,3,Female,Suburban,SUV,Yes,No,Low,No
5063,37,86844,5,1,7,4,5,Male,Suburban,Sedan,Yes,No,Low,No
5064,63,142081,48.2,3,1,1,4,Male,Rural,Sedan,Yes,Yes,Low,No
5065,37,91542,24.6,2,9,7,4,Male,Urban,SUV,Yes,Yes,Low,No
5066,66,144762,5,2,10,17,2,Male,Urban,Sedan,No,Yes,Low,No
5067,66,76536,33.5,2,6,4,2,Male,Suburban,Sedan,Yes,Yes,Low,No
5068,65,82374,30.1,1,8,12,3,Female,Urban,Sedan,No,Yes,Low,No
5069,48,87431,34.5,1,7,7,1,Female,Suburban,Hatchback,Yes,No,Low,No
5070,41,124071,49.4,1,7,3,5,Male,Suburban,SUV,Yes,No,Low,No
5071,41,97580,32,1,6,7,4,Male,Urban,SUV,Yes,Yes,Low,No
5072,40,59429,5,1,4,7,4,Male,Urban,Sedan,Yes,Yes,Low,No
5073,65,56845,43.5,3,7,2,3,Male,Suburban,Hatchback,Yes,Yes,Low,No
5074,41,51353,39.1,2,4,11,1,Male,Urban,Hatchback,No,Yes,Low,No
5075,65,122876,48.1,1,3,4,2,Female,Suburban,Sedan,Yes,No,Low,No
5076,52,76983,50.3,1,12,15,5,Male,Urban,Sedan,Yes,Yes,Low,Yes
5077,32,85465,45.9,2,11,4,3,Female,Urban,SUV,Yes,No,Low,No
5078,53,53951,26.9,1,2,2,4,Male,Rural,Sedan,Yes,Yes,Low,No
5079,47,61670,23.8,2,6,8,4,Female,Urban,SUV,Yes,No,Low,No
5080,45,92566,5,1,6,18,2,Female,Urban,SUV,Yes,No,Low,No
5081,47,73538,17.3,3,6,19,2,Male,Urban,SUV,No,Yes,Low,No
5082,43,52707,42.6,3,0,1,2,Female,Rural,Truck,Yes,Yes,Low,No
5083,66,78434,5,2,2,14,5,Female,Urban,SUV,No,Yes,Low,No
5084,63,121810,52.1,3,7,14,1,Male,Urban,Truck,Yes,Yes,Low,No
5085,64,105810,5,1,8,12,1,Male,Urban,Sedan,Yes,No,Low,No
5086,55,134585,27.6,1,6,5,4,Male,Urban,Sedan,Yes,Yes,Low,Yes
5087,26,30000,32.4,1,2,0,1,Female,Rural,SUV,Yes,No,Low,No
5088,61,98415,5,1,6,4,4,Male,Suburban,Sedan,Yes,Yes,Low,Yes
5089,26,121778,26.4,1,1,1,2,Female,Rural,SUV,Yes,Yes,Low,No
5090,37,83622,35.7,1,3,4,4,Male,Suburban,Hatchback,Yes,Yes,Low,Yes
5091,45,80740,47.2,2,2,2,5,Male,Rural,SUV,Yes,Yes,Low,No
5092,27,118958,29,2,7,5,1,Male,Suburban,SUV,Yes,No,Low,No
5093,42,82394,38.8,2,12,18,5,Female,Urban,Sedan,No,Yes,Low,No
5094,30,78447,46.6,2,1,1,4,Female,Rural,Sedan,No,No,Medium,No
5095,45,116889,31.1,1,13,18,4,Male,Urban,Truck,No,Yes,Low,No
5096,58,30000,5,2,7,1,2,Male,Suburban,Sedan,Yes,No,Low,No
5097,36,134083,5,1,8,13,3,Male,Urban,Sedan,Yes,No,Low,No
5098,26,106431,5,2,2,1,4,Female,Suburban,Sedan,Yes,Yes,Low,No
5099,68,69450,38.8,2,7,6,1,Male,Urban,SUV,Yes,Yes,Low,No
5100,40,87561,22,2,2,1,2,Female,Rural,SUV,Yes,Yes,Low,No
5101,45,113263,16.1,2,4,4,3,Female,Suburban,SUV,Yes,Yes,Low,Yes
5102,39,82665,20.9,2,8,18,3,Female,Urban,SUV,Yes,Yes,Low,No
5103,31,82483,59.4,2,7,6,5,Female,Suburban,SUV,Yes,Yes,Low,Yes
5104,44,93300,5,3,3,15,1,Female,Urban,SUV,Yes,Yes,Low,No
5105,64,68769,45.5,1,2,2,4,Female,Rural,Sedan,Yes,Yes,Low,Yes
5106,65,74830,49.9,1,4,7,3,Male,Suburban,SUV,Yes,Yes,Low,No
5107,67,112352,34.4,4,5,15,1,Female,Urban,SUV,No,Yes,Low,No
5108,53,103376,42.9,1,2,0,4,Male,Rural,SUV,Yes,Yes,Low,No
5109,66,100468,56.7,1,5,2,1,Male,Suburban,Hatchback,Yes,No,Low,No
5110,56,55986,5,1,5,7,1,Male,Suburban,Sedan,Yes,No,Low,No
5111,34,84848,45.4,2,5,16,4,Male,Urban,SUV,Yes,No,Low,No
5112,46,92450,5,2,7,10,5,Male,Urban,SUV,No,Yes,Low,No
5113,43,131789,45.4,1,13,8,1,Male,Urban,SUV,No,No,Medium,No
5114,55,30000,47,1,12,15,3,Male,Urban,Sedan,Yes,Yes,Low,No
5115,43,114964,27.4,4,0,3,2,Male,Rural,Sedan,Yes,No,Low,No
5116,38,72768,37.2,2,4,5,2,Female,Suburban,SUV,Yes,Yes,Low,No
5117,38,115356,51.6,2,6,4,4,Male,Suburban,Sedan,Yes,Yes,Low,No
5118,35,73979,30.5,2,9,4,5,Female,Urban,Sedan,No,Yes,Medium,No
5119,31,85573,5,2,1,0,4,Male,Rural,SUV,Yes,Yes,Low,No
5120,32,88869,56.2,1,13,12,1,Male,Urban,Hatchback,No,No,Low,No
5121,29,151786,12.4,2,6,9,5,Female,Suburban,Sedan,Yes,Yes,Low,Yes
5122,51,90912,49.1,3,0,5,3,Male,Suburban,Sedan,Yes,No,Low,No
5123,57,90598,33.2,1,3,4,1,Male,Suburban,Sedan,Yes,No,Low,No
5124,50,94570,48.9,2,5,1,1,Female,Suburban,Sedan,Yes,Yes,Low,No
5125,69,64713,46.9,3,3,5,2,Male,Urban,Sedan,No,Yes,Medium,No
5126,36,30000,42.4,1,3,7,5,Female,Suburban,Truck,Yes,Yes,Low,Yes
5127,51,144943,56.8,2,5,15,1,Male,Urban,SUV,No,No,Medium,No
5128,62,66471,48.5,3,1,8,1,Female,Suburban,SUV,Yes,Yes,Low,No
5129,40,95715,28.4,1,1,4,2,Male,Suburban,SUV,Yes,Yes,Low,No
5130,32,43824,48.1,2,5,7,3,Male,Suburban,Sedan,No,Yes,Medium,No
5131,42,116959,5,3,0,2,3,Male,Rural,SUV,Yes,No,Low,No
5132,47,89981,5,2,2,1,3,Female,Rural,SUV,Yes,Yes,Low,Yes
5133,41,87115,51.8,2,1,2,2,Male,Rural,Hatchback,Yes,Yes,Low,No
5134,49,96739,57.4,1,3,1,4,Female,Suburban,Sedan,Yes,Yes,Low,Yes
5135,45,79744,57.2,3,4,3,2,Female,Suburban,Sedan,No,Yes,Medium,No
5136,69,92123,61.7,1,7,16,5,Female,Urban,SUV,Yes,Yes,Low,Yes
5137,36,109798,24.5,2,11,6,3,Female,Urban,Sedan,No,No,Low,No
5138,67,131085,25.2,1,7,14,5,Female,Urban,Sedan,No,Yes,Low,Yes
5139,28,89555,12.8,2,2,1,5,Male,Suburban,SUV,Yes,Yes,Low,Yes
5140,52,84768,32.7,3,7,5,1,Male,Suburban,Hatchback,Yes,No,Low,No
5141,41,66975,47.1,2,13,7,5,Female,Urban,Sedan,No,No,Medium,No
5142,36,79198,52.4,2,14,17,3,Female,Urban,Sedan,No,Yes,Low,No
5143,34,30000,64.7,2,14,9,5,Male,Urban,SUV,Yes,No,Low,No
5144,47,78942,24.1,1,3,6,2,Female,Suburban,Sedan,No,Yes,Medium,No
5145,63,121711,38.8,2,9,7,1,Male,Urban,SUV,No,Yes,Low,No
5146,34,78815,52.5,2,5,3,4,Male,Urban,Hatchback,No,No,Medium,No
5147,60,87778,42.6,2,5,15,3,Male,Urban,Sedan,No,No,Low,No
5148,42,94424,5,2,8,8,4,Female,Urban,Sedan,No,Yes,Low,Yes
5149,39,94589,26.6,2,0,4,5,Male,Suburban,Hatchback,Yes,Yes,Low,No
5150,30,90558,41.5,3,8,15,3,Male,Urban,SUV,No,Yes,Medium,No
5151,40,94741,45.7,2,10,18,5,Male,Urban,Sedan,Yes,Yes,Low,Yes
5152,29,121067,5,2,2,12,5,Male,Urban,Hatchback,Yes,Yes,Low,Yes
5153,59,72768,56,1,9,14,2,Male,Urban,Sedan,Yes,Yes,Low,No
5154,52,75790,60.4,2,6,19,1,Female,Urban,Sedan,No,No,Medium,No
5155,36,76549,17.3,2,6,18,1,Male,Urban,Sedan,No,Yes,Low,No
5156,32,104084,5,2,7,12,4,Male,Urban,Sedan,Yes,Yes,Low,No
5157,28,93699,31.4,3,10,14,1,Male,Urban,SUV,No,No,Low,No
5158,56,67866,30.2,2,12,13,4,Female,Urban,SUV,No,No,Low,No
5159,41,30000,33,1,2,8,2,Male,Suburban,SUV,Yes,Yes,Low,Yes
5160,69,82440,45.5,2,1,2,4,Male,Rural,Sedan,Yes,Yes,Low,Yes
5161,46,96613,17.4,2,3,8,1,Female,Urban,Sedan,No,Yes,Low,No
5162,26,106955,5,2,1,6,3,Male,Suburban,Sedan,Yes,No,Low,No
5163,32,114353,39.3,1,3,4,4,Female,Suburban,Sedan,Yes,Yes,Low,Yes
5164,27,104070,21,1,0,7,3,Female,Suburban,SUV,Yes,Yes,Low,No
5165,39,76943,25.3,2,1,2,5,Male,Rural,Sedan,Yes,Yes,Low,No
5166,55,92880,49,2,4,3,1,Male,Suburban,SUV,Yes,No,Low,No
5167,37,105944,45,2,3,12,4,Female,Urban,Sedan,Yes,Yes,Low,No
5168,42,83620,21.3,3,2,14,4,Male,Urban,Sedan,Yes,Yes,Low,No
5169,46,63736,40.2,1,7,3,1,Male,Suburban,Sedan,Yes,Yes,Low,No
5170,56,106931,30.2,2,2,7,2,Male,Suburban,SUV,Yes,Yes,Low,No
5171,39,76959,33.8,2,13,10,4,Male,Urban,SUV,No,No,Low,No
5172,67,100959,22.4,2,1,4,1,Male,Suburban,Sedan,Yes,No,Low,No
5173,46,91494,23.6,2,6,16,5,Female,Urban,Sedan,No,Yes,Low,No
5174,32,113668,24.1,1,9,9,3,Male,Urban,Truck,No,Yes,Low,No
5175,41,64984,34.4,1,6,7,2,Female,Suburban,SUV,Yes,No,Low,No
5176,57,94902,35.1,1,1,9,4,Female,Suburban,Truck,Yes,No,Low,No
5177,55,97623,70,2,1,9,5,Female,Suburban,Sedan,No,Yes,Medium,No
5178,53,135625,23.5,3,0,7,2,Male,Suburban,SUV,Yes,Yes,Low,No
5179,36,82017,61.2,1,5,9,1,Female,Suburban,SUV,Yes,No,Low,No
5180,56,81557,36.8,1,1,1,2,Female,Suburban,SUV,Yes,No,Low,No
5181,41,107315,51.2,2,7,10,1,Male,Urban,SUV,Yes,No,Low,No
5182,51,86896,39,2,2,14,4,Male,Urban,Sedan,No,No,Low,No
5183,25,103843,30.3,2,4,9,5,Female,Suburban,SUV,Yes,Yes,Low,Yes
5184,42,90190,57.9,4,12,3,4,Male,Urban,SUV,No,No,Low,No
5185,41,109320,20,2,2,1,5,Male,Rural,Sedan,Yes,Yes,Low,Yes
5186,32,113781,39.4,1,1,8,4,Male,Suburban,SUV,Yes,Yes,Low,Yes
5187,46,58922,5,1,2,8,2,Female,Suburban,SUV,Yes,Yes,Low,No
5188,49,81294,5,3,2,7,1,Male,Urban,Truck,Yes,No,Low,No
5189,65,30000,67.3,2,8,12,4,Male,Urban,Sedan,No,No,Medium,No
5190,31,108984,22.6,2,7,14,1,Male,Urban,Truck,Yes,Yes,Low,No
5191,69,72676,41.6,3,0,5,4,Male,Suburban,SUV,Yes,Yes,Low,No
5192,26,83859,50.6,2,0,2,4,Female,Rural,SUV,Yes,No,Low,No
5193,44,79786,27.8,2,14,6,2,Female,Urban,Sedan,No,Yes,Medium,No
5194,26,103376,12.1,2,2,5,3,Female,Suburban,Truck,Yes,No,Low,No
5195,49,63771,7,1,6,4,4,Female,Suburban,SUV,Yes,Yes,Low,No
5196,66,113743,35.5,1,3,13,2,Male,Urban,SUV,No,Yes,Low,No
5197,33,30000,50.1,1,4,3,3,Female,Suburban,SUV,Yes,Yes,Low,No
5198,43,88778,55.4,3,5,6,3,Female,Suburban,Sedan,Yes,No,Low,No
5199,61,64745,28.5,3,2,5,1,Male,Urban,SUV,No,Yes,Low,No
5200,57,128430,21.3,1,2,4,5,Female,Suburban,Sedan,Yes,Yes,Low,Yes
5201,63,94959,5,2,6,8,2,Male,Suburban,Sedan,Yes,No,Low,No
5202,68,132490,24.3,1,3,4,2,Male,Suburban,Hatchback,Yes,Yes,Low,No
5203,35,51330,33,1,0,7,3,Female,Suburban,Sedan,Yes,No,Low,No
5204,50,75946,24.7,2,10,9,3,Female,Urban,Sedan,No,Yes,Low,No
5205,33,64869,22.4,1,1,9,2,Male,Suburban,Hatchback,Yes,Yes,Low,No
5206,28,91879,55.6,2,7,3,4,Female,Suburban,SUV,Yes,Yes,Low,No
5207,54,88902,10.3,2,5,5,1,Male,Urban,Sedan,No,No,Medium,No
5208,42,99297,24,1,2,3,3,Male,Rural,Truck,Yes,Yes,Low,No
5209,26,73377,5,2,1,3,1,Female,Rural,SUV,Yes,No,Low,No
5210,27,84853,58.3,1,1,2,1,Female,Rural,Sedan,Yes,Yes,Low,No
5211,44,103628,5,2,13,13,5,Male,Urban,SUV,No,Yes,Low,Yes
5212,35,79644,53.4,1,1,9,5,Male,Suburban,Truck,Yes,Yes,Low,Yes
5213,35,83073,51.3,2,10,18,1,Female,Urban,Sedan,No,Yes,Low,No
5214,27,61183,53.2,2,2,5,5,Male,Urban,Sedan,Yes,No,Low,No
5215,49,30000,22.7,2,5,14,2,Male,Urban,SUV,Yes,No,Low,No
5216,69,119892,59.5,2,1,2,4,Male,Rural,SUV,Yes,No,Low,No
5217,25,78890,32.6,2,1,1,1,Female,Rural,Sedan,Yes,No,Low,No
5218,58,90337,27.5,1,2,8,4,Male,Suburban,Hatchback,Yes,Yes,Low,Yes
5219,32,99320,33.3,1,14,17,4,Female,Urban,SUV,No,Yes,Low,Yes
5220,56,52351,32.5,1,6,4,2,Male,Urban,SUV,No,Yes,Medium,No
5221,40,145880,37.3,2,5,8,1,Female,Suburban,Sedan,Yes,No,Low,No
5222,62,86091,49.2,2,9,18,5,Female,Urban,SUV,No,Yes,Low,Yes
5223,60,91445,5,3,0,6,3,Female,Suburban,Hatchback,Yes,No,Low,No
5224,57,94074,51.9,2,2,13,3,Female,Urban,SUV,Yes,Yes,Low,No
5225,42,122980,29.7,2,6,7,5,Female,Suburban,Hatchback,Yes,Yes,Low,Yes
5226,27,44910,5,2,1,1,2,Female,Suburban,SUV,Yes,No,Low,No
5227,32,92288,44.4,2,5,6,3,Male,Suburban,SUV,No,No,High,No
5228,43,53576,37.1,2,6,9,4,Male,Suburban,Sedan,Yes,Yes,Low,No
5229,26,77550,5,2,3,7,4,Male,Suburban,Sedan,Yes,Yes,Low,Yes
5230,57,145814,26.9,2,6,9,5,Female,Suburban,SUV,Yes,Yes,Low,Yes
5231,45,122318,35,2,6,11,3,Male,Urban,Sedan,Yes,No,Low,No
5232,47,81277,5,2,1,0,1,Male,Rural,Sedan,Yes,No,Low,No
5233,30,101152,5,2,2,4,4,Female,Urban,SUV,Yes,Yes,Low,No
5234,27,51921,42.5,1,0,2,4,Male,Rural,SUV,Yes,Yes,Low,No
5235,46,120902,44.5,1,4,5,1,Male,Suburban,Sedan,Yes,No,Low,No
5236,58,96517,5,1,6,6,4,Female,Suburban,SUV,Yes,Yes,Low,No
5237,33,122389,67.9,3,7,9,4,Female,Suburban,Sedan,No,Yes,Medium,No
5238,64,30000,22.8,2,1,9,2,Male,Suburban,Hatchback,Yes,No,Low,No
5239,51,86091,16.2,1,6,8,5,Female,Suburban,Sedan,Yes,No,Low,No
5240,46,81815,26.4,1,3,3,3,Male,Suburban,Sedan,Yes,No,Low,No
5241,58,112134,5,1,7,8,2,Female,Suburban,Sedan,Yes,Yes,Low,No
5242,32,73624,11,2,4,16,1,Female,Urban,Sedan,Yes,No,Low,No
5243,33,133981,46.2,1,2,0,5,Male,Rural,SUV,Yes,Yes,Low,No
5244,37,40256,54.4,3,13,7,1,Male,Urban,SUV,Yes,Yes,Low,No
5245,57,85878,57.9,1,6,3,5,Female,Suburban,Sedan,Yes,No,Low,No
5246,67,54887,56.4,1,6,3,1,Male,Urban,SUV,No,No,Low,No
5247,45,98876,39.1,2,9,17,4,Male,Urban,Sedan,No,No,Low,No
5248,37,93973,42.7,3,0,4,2,Female,Suburban,SUV,Yes,Yes,Low,No
5249,28,120573,45.5,2,8,19,2,Male,Urban,SUV,Yes,No,Low,No
5250,31,125870,57.5,3,14,8,4,Male,Urban,SUV,Yes,Yes,Low,Yes
5251,38,30000,53.7,2,1,0,3,Male,Rural,SUV,Yes,No,Low,No
5252,29,122872,5,2,3,2,1,Male,Suburban,Sedan,No,Yes,Low,No
5253,60,132225,5,1,6,4,1,Female,Suburban,SUV,Yes,Yes,Low,No
5254,53,86886,76.1,1,10,10,3,Male,Urban,SUV,No,No,High,No
5255,50,100447,5,1,2,7,2,Female,Suburban,SUV,Yes,No,Low,No
5256,47,81622,49.5,3,2,9,5,Male,Suburban,Hatchback,Yes,Yes,Low,Yes
5257,34,89956,5,2,5,14,3,Female,Urban,Sedan,No,Yes,Low,No
5258,54,66728,34,1,0,0,2,Male,Rural,Sedan,Yes,Yes,Low,No
5259,38,106065,38.3,2,0,0,4,Female,Rural,Sedan,Yes,No,Low,No
5260,25,83066,5,2,6,2,1,Female,Suburban,SUV,Yes,Yes,Low,No
5261,28,57740,34,2,6,14,2,Male,Urban,Sedan,No,Yes,Medium,No
5262,44,97624,54.2,2,12,11,3,Female,Urban,Truck,Yes,Yes,Low,No
5263,52,52351,5,2,3,8,2,Male,Urban,Hatchback,No,No,Low,No
5264,69,96286,59,1,0,8,2,Male,Suburban,SUV,Yes,Yes,Low,No
5265,41,61274,28.4,1,0,6,3,Female,Suburban,SUV,Yes,Yes,Low,No
5266,50,73397,5,2,4,9,1,Female,Suburban,Truck,Yes,Yes,Low,No
5267,25,107845,5,2,1,8,4,Male,Suburban,SUV,Yes,Yes,Low,No
5268,41,92887,17.4,2,2,2,4,Male,Rural,Sedan,Yes,Yes,Low,No
5269,32,134476,32.3,3,14,19,4,Female,Urban,Sedan,Yes,No,Low,No
5270,58,81408,21.6,3,0,5,5,Male,Suburban,Sedan,Yes,No,Low,No
5271,54,96310,48.1,2,1,9,5,Female,Suburban,SUV,Yes,Yes,Low,Yes
5272,64,62390,23.6,1,3,6,1,Male,Suburban,SUV,Yes,No,Low,No
5273,55,132921,28.4,2,10,11,5,Male,Urban,Sedan,Yes,No,Low,No
5274,62,57549,34.3,1,2,1,1,Male,Rural,Sedan,Yes,No,Low,No
5275,56,78511,12.2,2,3,12,5,Male,Urban,Truck,Yes,Yes,Low,Yes
5276,69,117090,30.2,1,4,5,5,Male,Suburban,SUV,No,Yes,Low,Yes
5277,62,30000,52.8,2,2,7,4,Female,Suburban,SUV,Yes,Yes,Low,No
5278,64,79846,59.3,2,2,7,1,Male,Urban,SUV,Yes,No,Low,No
5279,31,121255,52.9,1,4,4,3,Male,Urban,Sedan,Yes,Yes,Low,No
5280,25,142784,43.2,4,6,6,2,Female,Suburban,Sedan,Yes,No,Low,No
5281,58,91578,5,1,4,4,3,Male,Suburban,SUV,Yes,Yes,Low,No
5282,44,64908,26.9,1,0,3,1,Female,Suburban,Sedan,Yes,Yes,Low,No
5283,68,53600,5,2,4,4,4,Female,Suburban,SUV,Yes,No,Low,No
5284,38,131789,41.2,2,10,9,3,Female,Urban,Sedan,Yes,No,Low,No
5285,35,116050,48.7,2,8,8,3,Male,Urban,SUV,Yes,Yes,Low,No
5286,52,52211,25.7,2,9,16,5,Male,Urban,SUV,No,Yes,Low,Yes
5287,47,84427,40,1,1,1,2,Male,Suburban,SUV,Yes,Yes,Low,No
5288,33,44601,46.7,2,5,6,4,Male,Suburban,Sedan,Yes,Yes,Low,No
5289,26,120902,5,2,4,7,4,Male,Suburban,Sedan,Yes,Yes,Low,Yes
5290,47,87906,5,1,3,6,2,Male,Suburban,Sedan,Yes,Yes,Low,No
5291,59,88610,17.3,2,0,3,1,Female,Rural,Sedan,Yes,No,Low,No
5292,39,82725,52.1,2,0,3,1,Other,Rural,Sedan,No,Yes,Medium,No
5293,41,93856,5,1,1,1,1,Female,Rural,Sedan,Yes,Yes,Low,No
5294,58,61669,78.7,1,5,8,5,Male,Urban,SUV,No,Yes,Medium,No
5295,25,95717,55.6,2,11,18,4,Female,Urban,SUV,No,Yes,Low,Yes
5296,68,63750,47.8,1,6,9,4,Male,Suburban,SUV,Yes,No,Low,No
5297,42,68373,5,2,11,12,2,Female,Urban,Sedan,No,Yes,Low,No
5298,60,78941,34.5,2,4,5,4,Female,Suburban,SUV,Yes,Yes,Low,No
5299,39,84578,36.1,1,7,19,3,Female,Urban,Sedan,No,No,Low,No
5300,59,69546,22.9,1,4,2,5,Female,Suburban,Sedan,Yes,Yes,Low,Yes
5301,42,125088,32.3,3,5,4,3,Male,Suburban,SUV,Yes,Yes,Low,No
5302,51,131282,42.4,2,9,12,4,Male,Urban,Sedan,No,Yes,Low,Yes
5303,34,90257,5,1,4,9,5,Female,Suburban,Hatchback,Yes,Yes,Low,Yes
5304,62,72760,5,1,6,3,4,Male,Suburban,SUV,Yes,Yes,Low,No
5305,39,62655,31.3,3,7,5,3,Male,Suburban,Hatchback,No,No,Medium,No
5306,33,90844,39.5,2,2,18,5,Female,Urban,Sedan,No,Yes,Low,Yes
5307,54,117410,5,2,10,11,1,Male,Urban,Sedan,Yes,Yes,Low,No
5308,63,30000,5,2,13,15,3,Male,Urban,Truck,No,No,Low,No
5309,29,81815,25.6,3,7,9,3,Male,Suburban,Hatchback,No,Yes,Low,No
5310,64,62451,36.4,2,5,1,1,Male,Suburban,Hatchback,Yes,No,Low,No
5311,53,52736,31.5,2,7,3,1,Female,Suburban,Sedan,No,Yes,Medium,No
5312,33,30000,51.5,4,6,7,2,Female,Suburban,SUV,Yes,Yes,Low,No
5313,58,54728,58.2,1,5,11,3,Female,Urban,Sedan,Yes,No,Low,No
5314,34,91330,48.1,1,5,18,4,Male,Urban,Hatchback,No,No,Low,No
5315,38,121363,21.7,2,6,6,3,Male,Suburban,Sedan,Yes,Yes,Low,No
5316,46,68480,36.2,1,2,3,2,Female,Rural,Hatchback,Yes,Yes,Low,No
5317,64,102593,5,1,7,7,2,Female,Suburban,SUV,Yes,Yes,Low,No
5318,60,67890,34.2,2,9,12,2,Male,Urban,SUV,No,Yes,Low,No
5319,41,87775,37.8,2,11,7,5,Female,Urban,Sedan,Yes,Yes,Low,No
5320,46,118958,29.9,2,5,1,1,Male,Suburban,Sedan,No,No,Low,No
5321,28,83682,46.5,2,5,6,1,Female,Suburban,SUV,Yes,Yes,Low,No
5322,65,85708,5,2,2,3,1,Male,Rural,SUV,Yes,No,Low,No
5323,41,70922,25.3,2,8,15,2,Male,Urban,SUV,No,Yes,Low,No
5324,67,85667,36.8,2,1,2,4,Female,Rural,Hatchback,Yes,Yes,Low,Yes
5325,34,113977,41.3,1,0,4,2,Other,Suburban,Sedan,Yes,Yes,Low,No
5326,29,95969,48.4,1,12,17,5,Male,Urban,Hatchback,No,No,Low,No
5327,37,64666,60.7,3,2,7,1,Male,Urban,Sedan,No,Yes,Medium,No
5328,48,72215,29.2,3,11,18,5,Male,Urban,Sedan,Yes,No,Low,No
5329,54,134433,5,2,1,7,4,Male,Suburban,Sedan,Yes,Yes,Low,Yes
5330,30,56686,38.6,2,3,4,1,Female,Urban,SUV,No,No,Medium,No
5331,61,95899,5,2,6,7,2,Male,Urban,Sedan,Yes,Yes,Low,No
5332,45,99853,47.6,2,12,11,1,Male,Urban,Sedan,Yes,Yes,Low,No
5333,42,67794,42.3,3,11,9,1,Male,Urban,Sedan,No,Yes,Low,No
5334,46,82374,50.1,3,6,9,5,Male,Suburban,Sedan,Yes,Yes,Low,No
5335,58,83960,28.5,2,0,3,2,Female,Rural,SUV,Yes,No,Low,No
5336,64,91548,34,3,6,5,4,Female,Suburban,Sedan,Yes,No,Low,No
5337,69,123547,43.1,1,1,1,4,Female,Rural,SUV,Yes,Yes,Low,No
5338,58,104546,37.7,3,2,2,3,Male,Rural,Sedan,Yes,Yes,Low,No
5339,50,81956,5,1,1,1,4,Female,Rural,Truck,Yes,Yes,Low,Yes
5340,63,61661,33.2,1,4,9,1,Male,Suburban,Sedan,Yes,Yes,Low,No
5341,43,82640,29.7,1,1,6,1,Male,Suburban,Sedan,Yes,Yes,Low,No
5342,46,77697,22,2,13,5,5,Female,Urban,SUV,Yes,Yes,Low,Yes
5343,67,81449,54.9,3,7,3,2,Male,Suburban,SUV,No,No,Medium,No
5344,45,122578,5,1,10,7,5,Male,Urban,SUV,No,No,Low,No
5345,47,84595,5,1,2,0,2,Female,Rural,Hatchback,Yes,No,Low,No
5346,56,81143,59,1,7,10,1,Male,Urban,SUV,Yes,Yes,Low,No
5347,39,120741,20.2,2,13,6,5,Male,Urban,Hatchback,No,Yes,Low,Yes
5348,62,112555,26.2,1,1,2,4,Male,Rural,Sedan,Yes,No,Low,No
5349,49,56520,40.1,1,5,9,1,Female,Suburban,Hatchback,Yes,Yes,Low,No
5350,33,88966,29.6,1,4,3,1,Female,Suburban,Sedan,Yes,Yes,Low,No
5351,50,80797,5,1,13,6,2,Male,Urban,Sedan,Yes,Yes,Low,No
5352,59,55613,57.5,2,4,19,3,Male,Urban,Sedan,No,Yes,Low,No
5353,44,96767,39.2,2,0,1,2,Female,Rural,Sedan,Yes,Yes,Low,No
5354,35,64838,59.3,2,2,7,1,Male,Urban,Sedan,Yes,Yes,Low,No
5355,37,106635,15.9,1,6,3,5,Male,Suburban,SUV,Yes,Yes,Low,Yes
5356,31,119299,49.5,1,3,7,1,Female,Urban,SUV,No,Yes,Low,No
5357,65,132360,49,2,3,4,1,Female,Suburban,Sedan,Yes,Yes,Low,No
5358,34,71643,33,1,9,17,2,Male,Urban,Sedan,No,No,Low,No
5359,51,78566,5,1,2,3,5,Female,Rural,Sedan,Yes,Yes,Low,Yes
5360,33,126746,39,2,0,3,4,Male,Rural,SUV,Yes,Yes,Low,No
5361,40,96854,44.5,2,14,13,1,Female,Urban,SUV,No,No,Low,No
5362,32,69078,52,1,0,3,5,Female,Rural,Sedan,Yes,Yes,Low,No
5363,42,111875,5,2,4,5,4,Male,Suburban,SUV,Yes,No,Low,No
5364,66,87418,5,1,0,4,1,Female,Suburban,Sedan,Yes,Yes,Low,No
5365,34,126736,5,2,2,8,4,Male,Suburban,Sedan,Yes,Yes,Low,No
5366,31,103331,46.8,1,3,4,1,Female,Urban,Sedan,No,Yes,Medium,No
5367,49,66535,54.9,2,4,8,1,Female,Urban,Sedan,Yes,No,Low,No
5368,63,99620,44.7,1,0,0,2,Male,Rural,Sedan,Yes,Yes,Low,No
5369,46,30000,38.8,2,11,19,4,Male,Urban,Sedan,Yes,No,Low,No
5370,62,73327,43.5,2,6,5,3,Male,Suburban,Sedan,Yes,No,Low,No
5371,46,105955,27.5,1,0,2,5,Female,Rural,Truck,Yes,Yes,Low,Yes
5372,44,30000,55.3,2,1,1,2,Male,Rural,Sedan,Yes,Yes,Low,No
5373,38,71040,52.2,2,7,1,2,Female,Suburban,SUV,Yes,No,Low,No
5374,33,99265,5,2,5,9,1,Male,Suburban,SUV,Yes,No,Low,No
5375,60,104576,31.2,2,2,3,1,Female,Rural,Sedan,Yes,Yes,Low,No
5376,60,95583,32.5,1,5,5,4,Male,Suburban,SUV,Yes,Yes,Low,Yes
5377,25,62266,46.6,1,4,4,1,Male,Suburban,SUV,Yes,No,Low,No
5378,49,96658,5,1,2,8,3,Male,Suburban,Sedan,Yes,Yes,Low,No
5379,55,30000,49.2,1,4,15,4,Female,Urban,Sedan,Yes,No,Low,No
5380,56,151392,27.9,2,12,19,3,Female,Urban,Sedan,No,Yes,Low,Yes
5381,27,134591,5,1,5,2,4,Male,Suburban,SUV,Yes,Yes,Low,Yes
5382,30,73321,56.9,1,3,3,2,Male,Suburban,Sedan,Yes,Yes,Low,No
5383,48,64973,37.2,1,1,1,5,Female,Rural,Sedan,Yes,Yes,Low,No
5384,30,131789,69.2,2,5,13,1,Female,Urban,SUV,No,Yes,Low,No
5385,41,53552,5,1,0,6,2,Female,Suburban,Sedan,Yes,Yes,Low,No
5386,30,115823,54.3,1,7,5,2,Male,Suburban,SUV,Yes,No,Low,No
5387,27,78566,30.4,2,1,1,1,Male,Rural,SUV,No,No,Medium,No
5388,50,121886,5,2,7,18,2,Female,Urban,SUV,Yes,Yes,Low,No
5389,61,49862,15.5,2,7,16,2,Male,Urban,Hatchback,Yes,Yes,Low,No
5390,67,67541,52.8,2,0,4,1,Female,Suburban,Sedan,Yes,Yes,Low,No
5391,47,87779,5,3,7,5,1,Female,Urban,Sedan,No,No,Low,No
5392,34,125088,45.7,4,2,4,1,Female,Urban,SUV,No,Yes,Medium,No
5393,32,102647,23.6,2,1,3,5,Male,Suburban,Sedan,Yes,No,Low,Yes
5394,68,59412,51.5,1,0,2,4,Male,Suburban,Sedan,Yes,No,Low,No
5395,33,137855,67.5,3,4,5,1,Male,Suburban,Sedan,Yes,Yes,Low,No
5396,31,95813,22.9,2,0,1,2,Male,Rural,Hatchback,Yes,Yes,Low,No
5397,55,90901,52.3,2,5,5,3,Male,Suburban,SUV,No,No,Medium,No
5398,57,119449,67.6,1,3,7,3,Male,Suburban,Sedan,No,No,Medium,No
5399,34,92697,31.6,1,13,12,1,Male,Urban,Sedan,Yes,Yes,Low,No
5400,67,97934,30.4,1,6,7,3,Female,Suburban,Sedan,Yes,Yes,Low,No
5401,32,93680,5,1,9,9,5,Male,Urban,SUV,No,Yes,Low,Yes
5402,43,30000,17.8,2,5,3,2,Female,Suburban,Sedan,Yes,No,Low,No
5403,67,105917,43.9,1,0,2,4,Female,Rural,Sedan,Yes,No,Low,No
5404,34,84942,5,2,6,8,5,Female,Suburban,SUV,Yes,Yes,Low,Yes
5405,27,56881,25.3,4,2,1,1,Female,Rural,SUV,Yes,Yes,Low,No
5406,29,87444,17.8,3,4,4,2,Male,Suburban,SUV,Yes,Yes,Low,No
5407,39,93766,21.2,2,7,4,4,Male,Suburban,SUV,Yes,No,Low,No
5408,40,48307,21,3,4,13,2,Female,Urban,SUV,No,Yes,Low,No
5409,69,126691,34,1,3,4,4,Male,Suburban,Sedan,No,No,Medium,No
5410,55,30000,51.9,2,7,1,5,Male,Suburban,SUV,Yes,No,Low,No
5411,57,79532,32,2,3,18,1,Male,Urban,SUV,No,Yes,Low,No
5412,47,73881,5,1,3,1,2,Female,Suburban,Hatchback,Yes,Yes,Low,No
5413,61,121433,54.7,2,1,3,4,Female,Rural,Sedan,Yes,No,Low,No
5414,59,92341,28.8,2,5,13,1,Female,Urban,Hatchback,No,No,Low,No
5415,28,93872,5,1,4,4,3,Female,Suburban,SUV,Yes,Yes,Low,No
5416,43,113826,32.5,2,3,3,1,Female,Suburban,Sedan,Yes,Yes,Low,No
5417,32,72897,5,2,3,8,1,Female,Suburban,Hatchback,Yes,No,Low,No
5418,50,103474,54.4,2,5,1,1,Female,Suburban,SUV,Yes,No,Low,No
5419,40,96749,27.5,3,6,18,1,Female,Urban,Sedan,No,Yes,Medium,No
5420,48,86491,50.5,2,4,17,4,Male,Urban,Sedan,Yes,Yes,Low,No
5421,50,85743,66,2,5,7,3,Female,Suburban,Sedan,Yes,Yes,Low,No
5422,41,63536,20,1,10,6,2,Female,Urban,SUV,Yes,No,Low,No
5423,63,86886,38.8,2,0,8,3,Female,Suburban,Sedan,Yes,Yes,Low,No
5424,59,64511,36.1,2,5,4,1,Male,Urban,SUV,No,No,Medium,No
5425,57,78973,34.7,1,7,9,2,Male,Suburban,Sedan,Yes,Yes,Low,No
5426,35,30000,5,2,11,16,5,Male,Urban,SUV,No,Yes,Low,No
5427,32,82633,16.6,1,7,3,2,Male,Suburban,Sedan,Yes,No,Low,No
5428,33,94452,5,1,7,7,2,Male,Urban,Sedan,Yes,No,Low,No
5429,27,30000,49.5,1,2,2,2,Female,Rural,SUV,Yes,Yes,Low,No
5430,58,69434,58.4,1,5,12,2,Other,Urban,SUV,No,No,Low,No
5431,42,103444,30.6,1,0,1,3,Female,Rural,SUV,Yes,No,Medium,No
5432,51,64953,61.9,1,7,7,3,Female,Suburban,Sedan,Yes,Yes,Low,No
5433,63,83819,55.9,1,5,9,1,Male,Suburban,Hatchback,Yes,No,Low,No
5434,54,147943,5,1,6,5,5,Male,Suburban,SUV,Yes,Yes,Low,Yes
5435,26,107839,45.2,1,7,6,5,Male,Suburban,Hatchback,Yes,Yes,Low,Yes
5436,29,96749,5,2,6,4,1,Male,Urban,Sedan,No,Yes,Low,No
5437,25,63987,55.3,2,0,0,1,Female,Rural,SUV,Yes,No,Low,No
5438,63,61183,68.3,3,6,18,2,Female,Urban,SUV,No,Yes,Medium,No
5439,41,64908,5,1,1,2,2,Female,Rural,Truck,Yes,Yes,Low,No
5440,39,162643,28.3,2,13,16,4,Female,Urban,Sedan,No,Yes,Low,Yes
5441,25,68489,5,2,2,17,2,Male,Urban,Sedan,No,Yes,Low,No
5442,47,81093,51.2,1,4,3,2,Male,Suburban,Sedan,No,Yes,Medium,No
5443,39,123547,48.8,1,0,3,5,Female,Rural,Sedan,Yes,Yes,Low,Yes
5444,42,85586,30.9,2,4,10,4,Female,Urban,Sedan,No,Yes,Low,No
5445,32,70908,49.2,2,3,2,2,Male,Suburban,SUV,Yes,Yes,Low,No
5446,54,102390,55.8,1,7,5,2,Female,Suburban,Sedan,Yes,No,Low,No
5447,66,73882,49.5,1,7,6,3,Female,Suburban,Sedan,Yes,No,Low,No
5448,66,30000,57.7,2,0,0,3,Male,Rural,SUV,Yes,Yes,Low,No
5449,57,106933,32.5,1,10,8,2,Female,Urban,SUV,No,Yes,Low,No
5450,57,93711,51.5,1,0,4,1,Male,Suburban,Hatchback,Yes,No,Low,No
5451,48,30000,41.1,2,0,8,2,Male,Suburban,SUV,Yes,Yes,Low,No
5452,39,64838,5,1,2,2,1,Male,Rural,Sedan,Yes,No,Low,No
5453,33,84962,40.7,1,1,2,1,Female,Suburban,SUV,Yes,Yes,Low,No
5454,41,86153,52.5,2,7,11,5,Male,Urban,Sedan,Yes,Yes,Low,Yes
5455,43,96811,46.4,2,4,4,3,Male,Suburban,Sedan,Yes,Yes,Low,No
5456,39,105715,5,2,2,7,1,Male,Urban,SUV,Yes,Yes,Low,No
5457,61,51726,53.1,2,0,3,2,Male,Rural,Sedan,Yes,Yes,Low,No
5458,63,81825,43.1,2,3,3,2,Male,Suburban,SUV,Yes,No,Low,No
5459,43,109945,40.1,1,5,4,5,Female,Urban,SUV,Yes,Yes,Low,Yes
5460,54,107418,34.4,3,6,4,4,Female,Suburban,Sedan,Yes,Yes,Low,Yes
5461,68,30000,5,1,0,3,2,Female,Suburban,Sedan,Yes,Yes,Low,No
5462,53,84726,41.6,1,13,10,4,Male,Urban,SUV,No,Yes,Low,No
5463,27,87910,42,2,6,1,5,Female,Suburban,Sedan,Yes,Yes,Low,Yes
5464,64,110625,22.9,3,13,9,4,Female,Urban,Sedan,No,Yes,Low,Yes
5465,55,58940,68.1,2,6,15,3,Female,Urban,SUV,No,No,Medium,No
5466,32,72866,35.7,2,7,3,1,Female,Suburban,SUV,Yes,Yes,Low,No
5467,50,30000,5,1,7,7,3,Female,Suburban,Sedan,Yes,Yes,Low,No
5468,54,150147,5,1,2,1,5,Male,Rural,Sedan,Yes,Yes,Low,Yes
5469,46,121232,29.5,2,10,4,5,Male,Urban,SUV,Yes,Yes,Low,Yes
5470,54,98381,5,3,10,13,3,Female,Urban,Hatchback,No,No,Low,No
5471,26,97601,55.4,2,8,10,1,Male,Urban,Truck,No,Yes,Medium,No
5472,32,94814,69.4,1,7,5,1,Male,Urban,SUV,No,Yes,Medium,No
5473,27,66417,32.5,2,7,17,3,Female,Urban,SUV,No,Yes,Low,No
5474,52,65726,41.4,2,4,18,1,Female,Urban,SUV,No,Yes,Medium,No
5475,33,73397,28.9,1,9,7,5,Female,Urban,Sedan,Yes,Yes,Low,Yes
5476,35,55791,5,2,10,16,1,Female,Urban,Sedan,Yes,No,Low,No
5477,47,30000,26.8,1,2,3,1,Female,Rural,Sedan,Yes,No,Low,No
5478,67,61701,5,2,11,16,1,Male,Urban,Sedan,No,Yes,Low,No
5479,26,103053,41.4,3,2,8,1,Female,Suburban,SUV,Yes,No,Low,No
5480,50,30000,51.4,1,2,4,2,Other,Urban,SUV,No,Yes,Medium,No
5481,60,74057,39.4,2,6,2,2,Male,Suburban,Truck,Yes,No,Low,No
5482,29,99421,31.5,2,8,13,3,Female,Urban,Sedan,No,Yes,Low,No
5483,50,110612,21.1,2,11,15,4,Female,Urban,Sedan,Yes,Yes,Low,No
5484,55,30000,56.9,2,9,14,4,Male,Urban,SUV,No,No,Medium,No
5485,38,121789,5,2,5,11,1,Male,Urban,Sedan,Yes,Yes,Low,No
5486,40,67954,28.6,2,3,9,3,Male,Urban,Sedan,No,No,Low,No
5487,43,110587,50.3,2,1,8,4,Female,Suburban,Hatchback,Yes,Yes,Low,Yes
5488,46,79209,56,1,11,17,2,Male,Urban,Sedan,No,No,Low,No
5489,28,114353,35.5,1,6,7,3,Male,Suburban,Truck,Yes,Yes,Low,Yes
5490,51,126983,5,2,0,2,1,Male,Rural,Sedan,Yes,No,Low,No
5491,53,111701,5,1,3,8,1,Female,Suburban,SUV,Yes,Yes,Low,No
5492,54,84173,31.7,2,5,1,3,Male,Suburban,SUV,Yes,No,Low,No
5493,28,85586,50.3,2,14,11,4,Female,Urban,Sedan,No,No,Low,No
5494,28,122980,34.6,1,7,12,2,Female,Urban,Truck,Yes,Yes,Low,Yes
5495,44,111580,40.1,1,0,9,1,Female,Suburban,SUV,Yes,No,Low,No
5496,43,88350,31.7,1,1,2,4,Female,Rural,SUV,Yes,No,Low,No
5497,49,30000,54,1,2,0,5,Female,Rural,SUV,Yes,Yes,Low,No
5498,35,147943,38.9,2,7,6,1,Male,Suburban,Sedan,Yes,Yes,Low,No
5499,62,88889,44,2,2,7,4,Female,Suburban,Sedan,Yes,No,Low,No
5500,49,106022,25.8,1,7,8,4,Male,Urban,SUV,No,No,Low,No
5501,30,30000,5,1,6,9,1,Female,Suburban,SUV,Yes,No,Low,No
5502,36,30000,27.8,1,10,15,5,Male,Urban,Sedan,No,Yes,Low,No
5503,52,64468,43.7,2,5,6,2,Male,Suburban,SUV,Yes,No,Low,No
5504,50,66431,5,2,0,7,1,Male,Suburban,Sedan,No,Yes,Medium,No
5505,27,91365,18.1,2,3,9,3,Male,Urban,Sedan,No,Yes,Low,No
5506,41,66471,16.7,2,0,5,5,Female,Suburban,Sedan,Yes,Yes,Low,No
5507,33,80135,5,1,5,5,1,Female,Urban,SUV,Yes,Yes,Low,No
5508,44,75874,42.6,2,0,2,4,Female,Rural,Sedan,Yes,No,Low,No
5509,49,81907,24.8,2,4,3,3,Other,Suburban,Sedan,Yes,Yes,Low,Yes
5510,48,81173,12.7,2,5,7,1,Male,Suburban,Sedan,Yes,No,Low,No
5511,33,61411,36.7,2,2,6,2,Female,Urban,SUV,No,Yes,Medium,No
5512,44,91203,42.3,2,1,0,1,Female,Rural,Hatchback,Yes,Yes,Low,No
5513,69,130734,5,1,1,2,5,Male,Rural,Sedan,Yes,Yes,Low,Yes
5514,40,30000,24.5,1,1,3,2,Male,Rural,Truck,Yes,No,Low,No
5515,40,30000,47.8,3,0,7,4,Female,Suburban,Sedan,Yes,Yes,Low,No
5516,27,152758,37.1,2,1,2,3,Female,Rural,Sedan,Yes,Yes,Low,No
5517,32,64318,27,1,9,14,4,Female,Urban,Sedan,No,No,Low,No
5518,36,80966,10.9,2,5,17,4,Male,Urban,Truck,No,Yes,Low,No
5519,38,30000,5,2,13,8,3,Male,Urban,Sedan,No,Yes,Low,No
5520,33,104614,55.3,1,7,3,4,Male,Suburban,Sedan,Yes,No,Low,No
5521,59,64151,36.2,2,5,1,4,Female,Suburban,SUV,No,Yes,Medium,No
5522,26,123749,5,1,2,12,3,Male,Urban,SUV,Yes,Yes,Low,No
5523,36,102653,31.1,2,9,6,3,Male,Urban,Truck,Yes,No,Low,No
5524,58,84768,5,2,12,10,2,Male,Urban,Sedan,Yes,Yes,Low,No
5525,65,79559,17.8,1,3,15,5,Male,Urban,Sedan,Yes,No,Low,No
5526,69,81958,5,2,8,9,3,Female,Urban,Sedan,No,No,Low,No
5527,45,71224,5,2,7,12,2,Male,Urban,SUV,No,Yes,Low,No
5528,61,91275,5,1,2,3,1,Female,Rural,SUV,Yes,Yes,Low,No
5529,46,67764,26.4,1,8,6,3,Female,Urban,Truck,Yes,Yes,Low,Yes
5530,60,109496,39,1,7,6,3,Male,Urban,Sedan,Yes,Yes,Low,Yes
5531,52,107330,29.8,2,14,17,3,Male,Urban,Sedan,Yes,No,Low,No
5532,28,100634,32.4,3,9,18,4,Male,Urban,Sedan,No,Yes,Low,Yes
5533,28,91275,47.2,1,10,13,2,Male,Urban,Sedan,No,Yes,Low,No
5534,39,50801,51.8,2,0,8,2,Female,Suburban,Truck,Yes,No,Low,No
5535,42,85724,56.7,2,1,4,1,Female,Suburban,Sedan,Yes,No,Low,No
5536,50,121363,33.7,3,5,4,1,Female,Suburban,SUV,Yes,Yes,Low,No
5537,66,104916,33,1,0,0,3,Male,Rural,Sedan,Yes,No,Low,No
5538,61,91202,31.2,1,11,4,3,Male,Urban,Sedan,Yes,Yes,Low,No
5539,64,94032,39.9,2,7,2,3,Male,Suburban,SUV,Yes,No,Low,No
5540,68,81181,5,1,6,9,4,Female,Urban,SUV,Yes,Yes,Low,Yes
5541,48,101793,23.2,2,2,3,3,Female,Rural,SUV,Yes,No,Low,No
5542,37,54587,45.2,1,2,16,2,Female,Urban,Sedan,Yes,No,Low,No
5543,66,94036,46.1,1,1,9,5,Male,Suburban,Sedan,Yes,Yes,Low,No
5544,27,88861,55.6,2,2,1,4,Female,Rural,SUV,Yes,Yes,Low,Yes
5545,27,82345,5,2,6,5,2,Male,Suburban,Hatchback,Yes,No,Low,No
5546,63,70597,44,2,2,3,2,Female,Rural,Sedan,Yes,Yes,Low,No
5547,49,123532,54.9,2,9,8,1,Male,Urban,SUV,No,Yes,Medium,No
5548,45,81593,5,2,4,18,1,Female,Urban,Sedan,Yes,Yes,Low,No
5549,36,88861,5,1,3,7,3,Male,Suburban,SUV,Yes,Yes,Low,No
5550,48,104555,37.4,3,1,1,4,Female,Rural,SUV,Yes,Yes,Low,No
5551,54,91589,5,2,1,2,1,Male,Rural,Sedan,No,Yes,Medium,No
5552,44,60772,28.2,3,11,9,3,Male,Urban,Sedan,No,No,Low,No
5553,51,30000,40.6,1,3,14,2,Male,Urban,Sedan,Yes,Yes,Low,No
5554,28,82988,50.5,3,3,1,4,Male,Suburban,Sedan,Yes,Yes,Low,Yes
5555,36,72441,42.1,3,4,2,3,Female,Suburban,Truck,Yes,Yes,Low,No
5556,63,79575,32.7,2,5,3,3,Female,Suburban,Hatchback,Yes,Yes,Low,No
5557,30,74585,31.5,2,0,0,5,Female,Rural,Sedan,Yes,Yes,Low,Yes
5558,69,30000,42.7,2,8,19,2,Male,Urban,Sedan,Yes,Yes,Low,No
5559,43,91824,26.4,2,2,6,3,Male,Suburban,SUV,Yes,No,Low,No
5560,44,131789,5,1,1,9,1,Male,Suburban,SUV,Yes,No,Low,No
5561,40,87225,24.9,2,1,1,2,Male,Rural,Sedan,Yes,No,Low,No
5562,32,107944,5,2,4,8,2,Female,Suburban,Sedan,Yes,No,Low,No
5563,58,119293,69.2,2,5,11,3,Male,Urban,Hatchback,Yes,Yes,Low,No
5564,47,30000,32.7,2,0,1,5,Male,Rural,Sedan,Yes,Yes,Low,No
5565,51,118947,40.7,3,6,19,3,Male,Urban,Sedan,No,No,Low,No
5566,68,30000,58.7,1,14,13,4,Male,Urban,Sedan,No,No,Low,No
5567,54,47905,5,3,7,8,4,Male,Suburban,Truck,Yes,No,Low,No
5568,39,63820,37.7,1,5,3,3,Male,Suburban,SUV,No,No,Medium,No
5569,32,117550,30.4,1,4,15,2,Male,Urban,Hatchback,Yes,No,Low,No
5570,53,57676,59.5,2,3,1,1,Female,Suburban,SUV,Yes,Yes,Low,No
5571,66,156980,31.8,1,14,4,3,Male,Urban,SUV,No,Yes,Medium,No
5572,47,73469,30.9,1,2,2,4,Female,Suburban,Sedan,No,Yes,Medium,No
5573,67,30000,66.6,3,4,9,2,Female,Urban,Sedan,No,Yes,Medium,No
5574,69,93919,5,1,7,8,5,Male,Suburban,Sedan,Yes,Yes,Low,Yes
5575,42,30000,50.2,2,2,1,3,Male,Rural,Sedan,Yes,No,Low,No
5576,32,60781,40.6,1,3,10,1,Female,Urban,Hatchback,Yes,Yes,Low,No
5577,50,55879,5,1,6,4,5,Male,Suburban,SUV,Yes,Yes,Low,No
5578,27,83066,41.2,2,7,3,4,Male,Urban,Sedan,Yes,No,Low,No
5579,48,67866,5,1,10,12,1,Male,Urban,Sedan,No,Yes,Low,No
5580,31,78202,31.7,2,0,2,5,Female,Rural,Sedan,Yes,Yes,Low,No
5581,31,98578,26.2,2,12,13,5,Male,Urban,Truck,No,Yes,Low,Yes
5582,38,97937,53.2,2,7,4,3,Male,Suburban,SUV,Yes,Yes,Low,No
5583,42,98495,5,1,5,3,2,Male,Suburban,Sedan,Yes,No,Low,No
5584,32,132710,5,1,0,3,3,Female,Rural,Sedan,Yes,No,Low,No
5585,40,84789,46.8,3,4,7,2,Female,Suburban,SUV,Yes,No,Low,No
5586,58,140861,36.4,1,7,4,1,Male,Urban,Sedan,Yes,No,Low,No
5587,68,104567,49.3,1,0,5,1,Male,Suburban,SUV,Yes,No,Low,No
5588,43,66975,11,2,5,11,3,Other,Urban,SUV,Yes,No,Low,No
5589,48,85878,5,1,12,6,4,Male,Urban,Hatchback,Yes,Yes,Low,No
5590,63,61677,33.9,2,13,16,5,Male,Urban,SUV,Yes,Yes,Low,Yes
5591,57,30000,5,1,5,4,4,Female,Suburban,SUV,Yes,Yes,Low,No
5592,40,30000,35,1,2,17,2,Male,Urban,SUV,Yes,Yes,Low,No
5593,34,30000,36.7,1,4,8,3,Male,Suburban,Sedan,Yes,Yes,Low,No
5594,64,30000,46.5,2,9,14,4,Male,Urban,Sedan,Yes,Yes,Low,No
5595,33,129709,34.8,2,11,7,4,Male,Urban,Sedan,No,Yes,Low,Yes
5596,69,78122,55.9,1,3,5,1,Female,Suburban,SUV,Yes,Yes,Low,No
5597,44,107558,45.9,1,10,5,4,Female,Urban,SUV,No,Yes,Low,No
5598,33,92450,45,2,4,9,1,Male,Suburban,Sedan,Yes,Yes,Low,No
5599,31,72439,5,2,3,5,2,Female,Suburban,SUV,Yes,No,Low,No
5600,53,73949,48.7,1,3,9,2,Male,Suburban,Sedan,Yes,No,Low,No
5601,42,56530,5,3,2,1,4,Female,Rural,Sedan,Yes,No,Low,No
5602,52,85277,19.3,1,2,9,4,Male,Suburban,Hatchback,No,Yes,Medium,No
5603,36,69434,38.4,2,4,10,5,Male,Urban,Hatchback,Yes,No,Low,No
5604,44,30000,55.8,3,5,8,4,Male,Suburban,Sedan,Yes,No,Low,No
5605,61,122345,54.4,2,5,5,1,Male,Suburban,Hatchback,Yes,Yes,Low,No
5606,46,115278,16.1,2,1,6,1,Male,Suburban,Sedan,Yes,No,Low,No
5607,31,85586,5,2,8,13,2,Male,Urban,SUV,No,No,Low,No
5608,36,82783,40.9,1,11,14,2,Female,Urban,Sedan,Yes,Yes,Low,No
5609,31,99325,5,1,3,10,1,Male,Urban,SUV,No,Yes,Low,No
5610,27,87357,24.8,1,11,19,1,Male,Urban,Hatchback,No,Yes,Low,No
5611,43,77274,30.1,1,5,4,4,Male,Urban,Sedan,Yes,Yes,Low,No
5612,54,84463,44.8,2,1,8,4,Male,Suburban,Hatchback,Yes,Yes,Low,Yes
5613,63,73490,51.7,2,2,6,1,Male,Suburban,Sedan,Yes,Yes,Low,No
5614,46,113050,5,1,2,14,1,Male,Urban,Truck,No,No,Low,No
5615,48,102280,29.5,2,7,5,1,Male,Suburban,SUV,Yes,No,Low,No
5616,29,77959,5,2,1,6,2,Female,Suburban,Sedan,Yes,Yes,Low,No
5617,27,123501,39,2,2,1,1,Male,Rural,Sedan,Yes,Yes,Low,No
5618,28,82451,32.1,2,0,2,3,Male,Suburban,SUV,Yes,Yes,Low,No
5619,63,90367,5,2,2,3,3,Female,Suburban,SUV,Yes,Yes,Low,Yes
5620,59,91597,48.9,1,10,17,2,Female,Urban,Sedan,No,Yes,Low,No
5621,57,88725,16.5,1,1,2,5,Female,Rural,Hatchback,Yes,Yes,Low,Yes
5622,32,54215,54,2,3,3,2,Male,Suburban,SUV,Yes,No,Low,No
5623,42,134700,39.3,2,12,19,3,Female,Urban,Sedan,Yes,No,Low,No
5624,47,72676,52.2,1,0,3,5,Male,Suburban,Sedan,Yes,Yes,Low,Yes
5625,48,78516,5,2,6,4,5,Male,Suburban,Sedan,Yes,No,Low,No
5626,48,67847,31,2,2,0,3,Female,Rural,Sedan,No,Yes,Medium,No
5627,69,69534,5,2,2,12,2,Male,Urban,SUV,No,Yes,Low,No
5628,50,104816,20.7,2,6,6,5,Male,Suburban,Sedan,Yes,Yes,Low,Yes
5629,25,72660,46,1,5,8,2,Female,Urban,Sedan,No,Yes,Low,No
5630,33,120902,35.7,1,6,17,5,Male,Urban,SUV,Yes,No,Low,No
5631,29,102751,22.6,2,1,0,4,Male,Rural,Sedan,Yes,Yes,Low,Yes
5632,49,87528,5,2,14,14,4,Male,Urban,SUV,Yes,Yes,Low,No
5633,48,30000,35.3,1,5,11,2,Male,Urban,Sedan,Yes,No,Low,No
5634,28,78516,5,1,1,8,5,Female,Suburban,Sedan,Yes,Yes,Low,Yes
5635,36,74382,50.5,3,3,5,3,Male,Urban,SUV,No,Yes,Medium,No
5636,67,124058,45,2,0,6,1,Male,Suburban,SUV,Yes,No,Low,No
5637,60,117475,52.2,1,13,8,5,Male,Urban,SUV,Yes,Yes,Low,No
5638,45,70905,44.7,4,5,4,3,Male,Suburban,Hatchback,Yes,Yes,Low,No
5639,32,77368,5,2,7,5,1,Male,Urban,Truck,No,Yes,Low,No
5640,54,77274,42.7,2,4,11,1,Female,Urban,Sedan,Yes,Yes,Low,No
5641,36,71449,52.5,2,12,7,1,Female,Urban,SUV,No,No,Low,No
5642,27,111873,62.1,1,1,1,3,Male,Rural,SUV,Yes,Yes,Low,No
5643,35,108747,15.7,2,8,14,1,Female,Urban,Sedan,Yes,No,Low,No
5644,62,90161,41,1,6,7,5,Female,Suburban,Sedan,Yes,Yes,Low,No
5645,66,30000,16.7,2,9,19,1,Female,Urban,Sedan,Yes,Yes,Low,No
5646,66,88345,25.8,1,2,2,1,Female,Rural,Truck,Yes,No,Low,No
5647,32,64505,24.4,1,5,3,5,Male,Suburban,Truck,Yes,Yes,Low,No
5648,34,103376,30.2,2,2,3,4,Male,Rural,Sedan,Yes,Yes,Low,Yes
5649,62,111873,5,1,12,10,2,Male,Urban,Sedan,No,Yes,Low,No
5650,69,67712,17,2,2,1,4,Female,Rural,Sedan,Yes,Yes,Low,Yes
5651,64,91804,21.3,2,9,14,3,Male,Urban,SUV,Yes,Yes,Low,No
5652,53,126681,53.8,4,2,2,5,Male,Rural,Sedan,Yes,Yes,Low,Yes
5653,34,106546,41.6,1,8,15,3,Male,Urban,SUV,No,No,Low,No
5654,48,94850,37.5,1,11,11,1,Female,Urban,SUV,No,Yes,Low,No
5655,45,83636,27.3,1,2,3,3,Male,Suburban,SUV,Yes,Yes,Low,Yes
5656,34,114956,33.5,2,2,14,4,Female,Urban,Sedan,No,Yes,Low,Yes
5657,28,138740,58.3,1,9,16,3,Female,Urban,Hatchback,Yes,No,Low,No
5658,34,83363,38.7,1,11,11,1,Female,Urban,Hatchback,No,No,Low,No
5659,33,44214,31.1,2,1,3,2,Male,Rural,Sedan,Yes,No,Low,No
5660,40,51321,38.8,3,1,3,2,Male,Rural,Sedan,Yes,No,Low,No
5661,45,59845,15,2,9,18,3,Male,Urban,Sedan,No,Yes,Low,No
5662,31,66975,43.4,1,12,9,3,Male,Urban,Sedan,No,Yes,Low,No
5663,40,90161,37.1,2,2,8,2,Female,Suburban,SUV,Yes,Yes,Low,No
5664,53,63908,22.6,1,14,19,1,Female,Urban,Sedan,Yes,Yes,Low,No
5665,66,51824,15.5,1,2,3,3,Female,Rural,Sedan,Yes,No,Low,No
5666,45,81815,54.6,1,6,13,1,Male,Urban,Truck,Yes,Yes,Low,No
5667,36,93028,47.4,1,6,8,2,Male,Suburban,SUV,Yes,No,Low,No
5668,56,55322,24.2,1,2,3,4,Male,Urban,Sedan,No,Yes,Medium,No
5669,25,115948,46.8,3,6,1,1,Male,Suburban,SUV,Yes,Yes,Low,No
5670,59,101075,29.7,2,6,7,1,Female,Suburban,Sedan,Yes,Yes,Low,No
5671,29,77584,53.1,1,10,10,3,Female,Urban,SUV,No,No,Low,No
5672,54,54816,53.8,1,12,7,5,Male,Urban,SUV,Yes,No,Low,No
5673,65,64511,29.7,1,2,1,1,Female,Rural,Truck,Yes,No,Low,No
5674,54,100247,40.2,1,13,3,4,Male,Urban,Hatchback,Yes,No,Low,No
5675,56,60598,42.2,2,0,1,1,Female,Rural,Truck,Yes,Yes,Low,No
5676,31,68445,5,4,2,2,1,Female,Rural,Truck,Yes,Yes,Low,No
5677,30,75825,47.9,2,13,15,2,Male,Urban,Sedan,Yes,Yes,Low,No
5678,47,77366,5,1,1,1,1,Other,Rural,Sedan,Yes,No,Low,No
5679,41,64984,31.3,1,6,7,5,Male,Suburban,Sedan,Yes,Yes,Low,No
5680,54,119322,5,2,1,9,4,Male,Suburban,SUV,Yes,Yes,Low,No
5681,48,73882,31.7,1,6,3,3,Male,Urban,Sedan,No,Yes,Medium,No
5682,39,104816,32.9,2,2,5,1,Female,Suburban,Truck,Yes,No,Low,No
5683,49,83363,26.3,1,1,2,5,Male,Rural,SUV,Yes,Yes,Low,Yes
5684,53,101927,32.8,2,8,3,4,Female,Urban,SUV,Yes,Yes,Low,No
5685,29,72638,19.6,1,1,2,3,Male,Rural,Sedan,Yes,Yes,Low,No
5686,60,65810,38.8,3,0,5,2,Male,Suburban,Hatchback,Yes,No,Low,No
5687,36,84853,30.7,1,3,6,4,Male,Suburban,Hatchback,Yes,Yes,Low,No
5688,34,122344,16.8,2,2,16,5,Female,Urban,Sedan,Yes,Yes,Low,Yes
5689,62,90557,35.7,1,2,1,2,Male,Suburban,Sedan,Yes,No,Low,No
5690,30,58964,24.1,1,7,7,3,Female,Suburban,Hatchback,Yes,Yes,Low,No
5691,51,87906,25.9,2,1,2,2,Female,Suburban,SUV,Yes,Yes,Low,No
5692,25,109397,11.7,1,2,3,5,Male,Rural,Sedan,Yes,Yes,Low,Yes
5693,64,147596,5,3,1,1,5,Male,Rural,Sedan,Yes,No,Low,No
5694,39,58857,42.2,1,1,9,4,Male,Suburban,Sedan,Yes,Yes,Low,No
5695,27,61825,25.8,2,13,5,4,Female,Urban,Sedan,No,No,Low,No
5696,67,128783,60.5,2,3,2,4,Female,Suburban,Sedan,Yes,Yes,Low,Yes
5697,32,111043,5,1,11,10,5,Female,Urban,Sedan,No,Yes,Low,Yes
5698,36,94495,33,1,5,8,4,Male,Suburban,SUV,Yes,Yes,Low,No
5699,45,113072,53.6,2,5,9,3,Female,Suburban,Sedan,Yes,Yes,Low,No
5700,31,93919,55.8,3,9,11,1,Male,Urban,SUV,Yes,Yes,Low,No
5701,46,87724,5,1,4,6,1,Female,Urban,SUV,No,Yes,Medium,No
5702,65,51344,5,1,5,4,3,Male,Suburban,SUV,Yes,No,Low,No
5703,67,89609,44.1,2,3,9,2,Male,Suburban,Sedan,Yes,No,Low,No
5704,36,106059,5,1,0,1,1,Male,Rural,SUV,Yes,Yes,Low,No
5705,62,77271,43.9,1,5,15,5,Male,Urban,Sedan,No,Yes,Low,No
5706,36,121363,29.2,3,4,10,2,Male,Urban,SUV,No,No,Medium,No
5707,31,92375,36,2,13,16,2,Male,Urban,Sedan,Yes,No,Low,No
5708,43,81240,42.1,1,13,5,3,Female,Urban,Sedan,Yes,Yes,Low,No
5709,66,116532,52.2,1,0,8,3,Male,Suburban,SUV,Yes,Yes,Low,No
5710,27,134466,38,3,11,17,5,Female,Urban,Sedan,Yes,Yes,Low,Yes
5711,67,59870,28.2,2,7,5,5,Female,Suburban,SUV,Yes,Yes,Low,No
5712,51,69435,36.1,2,5,5,3,Male,Suburban,Sedan,Yes,No,Low,No
5713,53,30000,69.8,1,4,4,1,Male,Urban,Sedan,No,Yes,Medium,No
5714,35,30000,5,2,9,5,3,Male,Urban,Sedan,Yes,Yes,Low,No
5715,61,83745,5,2,3,8,2,Female,Urban,SUV,No,No,Low,No
5716,67,67864,43.2,1,1,1,4,Female,Rural,Sedan,Yes,No,Low,No
5717,28,85652,46.1,1,3,11,2,Male,Urban,Sedan,No,No,Medium,No
5718,47,96588,39.3,1,6,9,5,Male,Suburban,Truck,Yes,Yes,Low,Yes
5719,48,78277,5,2,3,11,1,Male,Urban,Sedan,Yes,Yes,Low,No
5720,26,107580,39.4,3,2,6,2,Male,Suburban,Sedan,Yes,No,Low,No
5721,64,73490,32.8,1,5,9,1,Male,Suburban,Sedan,No,Yes,Low,No
5722,41,98334,54.8,4,0,3,5,Male,Rural,SUV,Yes,Yes,Low,No
5723,35,90866,50.2,2,11,19,4,Male,Urban,Sedan,No,No,Low,No
5724,47,81876,41,2,10,9,3,Female,Urban,Sedan,Yes,No,Low,No
5725,64,126580,21.2,4,0,0,4,Female,Rural,Hatchback,Yes,Yes,Low,No
5726,27,58410,42.4,2,12,17,5,Male,Urban,Sedan,Yes,Yes,Low,Yes
5727,36,146967,36.4,2,8,4,5,Male,Urban,SUV,No,No,Low,No
5728,25,76269,58.2,3,3,5,5,Male,Suburban,SUV,No,Yes,Medium,No
5729,68,86057,49.7,1,0,9,5,Male,Suburban,Sedan,Yes,No,Low,No
5730,69,84560,21.7,3,3,9,4,Female,Suburban,SUV,Yes,Yes,Low,Yes
5731,57,119774,28.2,2,3,2,3,Female,Suburban,Sedan,Yes,Yes,Low,No
5732,61,90920,44.9,1,2,2,4,Male,Rural,Sedan,No,No,High,No
5733,53,93957,5,2,4,8,5,Female,Suburban,Sedan,Yes,Yes,Low,Yes
5734,38,30000,57.9,2,6,10,2,Female,Urban,SUV,Yes,No,Low,No
5735,32,71635,39.5,3,7,8,3,Male,Suburban,Sedan,Yes,No,Low,No
5736,68,30000,17.3,1,5,7,1,Female,Suburban,SUV,Yes,Yes,Low,No
5737,27,57624,29.7,3,13,17,4,Male,Urban,Sedan,No,Yes,Low,No
5738,47,115912,43.7,1,11,4,5,Female,Urban,Truck,Yes,Yes,Low,Yes
5739,29,81751,5,2,8,17,2,Male,Urban,Sedan,No,No,Low,No
5740,43,50809,40.1,1,5,7,4,Male,Urban,Hatchback,No,Yes,Low,No
5741,39,44909,5,1,6,5,3,Female,Suburban,SUV,Yes,No,Low,No
5742,68,150144,17.4,1,3,18,3,Female,Urban,Sedan,No,Yes,Low,No
5743,52,96877,31.3,1,3,2,4,Female,Suburban,Sedan,Yes,Yes,Low,No
5744,50,81240,5,2,3,11,4,Male,Urban,SUV,No,Yes,Low,Yes
5745,39,72224,5,3,0,0,3,Female,Rural,SUV,Yes,Yes,Low,No
5746,49,78566,55.9,1,4,7,4,Female,Suburban,Hatchback,Yes,No,Low,No
5747,46,83066,65.4,2,11,7,2,Male,Urban,Hatchback,Yes,Yes,Low,No
5748,52,64557,37.1,1,6,19,1,Female,Urban,SUV,No,No,Medium,No
5749,64,30000,30.5,1,2,3,1,Female,Rural,Sedan,Yes,Yes,Low,No
5750,60,97640,33.1,2,0,3,2,Male,Rural,SUV,Yes,Yes,Low,No
5751,33,78516,29.8,2,13,17,3,Male,Urban,Sedan,No,Yes,Low,No
5752,47,85776,31.5,2,6,5,3,Male,Suburban,SUV,Yes,Yes,Low,No
5753,39,103884,10.6,2,10,9,1,Female,Urban,Hatchback,No,No,Low,No
5754,58,106831,53,2,6,5,3,Male,Suburban,Sedan,Yes,Yes,Low,No
5755,60,84899,5,2,2,19,1,Female,Urban,Hatchback,No,No,Medium,No
5756,27,84575,53.5,1,6,3,3,Male,Suburban,Hatchback,Yes,No,Low,No
5757,32,97567,5,3,0,5,3,Male,Suburban,Sedan,Yes,Yes,Low,Yes
5758,44,30000,5,3,4,16,1,Female,Urban,SUV,No,No,Low,No
5759,54,55717,5,2,10,10,1,Female,Urban,SUV,No,Yes,Low,No
5760,50,124686,46.5,1,2,1,5,Male,Rural,Hatchback,Yes,Yes,Low,Yes
5761,49,81593,71.8,1,4,17,2,Male,Urban,SUV,No,No,Medium,No
5762,47,84578,70.3,2,6,2,1,Male,Suburban,Sedan,No,Yes,Medium,No
5763,64,30000,10.1,3,10,4,2,Male,Urban,Sedan,Yes,No,Low,No
5764,44,82882,46.3,2,2,2,1,Female,Rural,SUV,Yes,Yes,Low,No
5765,34,112294,18.3,1,4,1,5,Female,Suburban,Sedan,Yes,Yes,Low,Yes
5766,55,131391,40.6,2,11,11,5,Female,Urban,Sedan,Yes,No,Low,No
5767,54,30000,37.5,2,13,8,1,Male,Urban,Hatchback,Yes,Yes,Low,No
5768,58,77543,40.2,1,2,9,4,Female,Urban,SUV,No,No,Medium,No
5769,63,122986,36.8,2,1,1,4,Female,Rural,SUV,Yes,No,Medium,No
5770,52,101744,5,2,7,3,4,Female,Suburban,SUV,Yes,Yes,Low,No
5771,43,100893,37.3,1,9,13,5,Female,Urban,Hatchback,No,Yes,Low,Yes
5772,63,94445,29.5,1,2,6,3,Male,Suburban,Sedan,Yes,No,Low,No
5773,42,96767,48.4,1,0,4,2,Female,Suburban,Sedan,Yes,Yes,Low,Yes
5774,54,104942,48.3,3,0,1,2,Male,Suburban,Sedan,No,Yes,Medium,No
5775,63,65181,31.4,2,11,4,2,Female,Urban,SUV,Yes,No,Low,No
5776,48,93561,49.9,1,5,3,4,Female,Urban,Sedan,Yes,Yes,Low,No
5777,30,53762,5,1,9,3,3,Female,Urban,Sedan,No,No,Low,No
5778,52,88653,5,1,4,4,4,Female,Urban,SUV,Yes,Yes,Low,Yes
5779,65,53598,5,1,1,2,2,Female,Rural,SUV,Yes,Yes,Low,No
5780,65,30000,32,2,7,8,1,Male,Suburban,SUV,Yes,Yes,Low,No
5781,63,91415,37.9,2,8,13,5,Male,Urban,Hatchback,No,Yes,Low,Yes
5782,33,71419,48.6,2,8,7,3,Male,Urban,SUV,No,No,Medium,No
5783,48,30000,5,1,2,8,3,Female,Suburban,Sedan,Yes,Yes,Low,No
5784,26,67762,38.8,1,12,8,4,Male,Urban,Sedan,Yes,No,Low,No
5785,37,121391,47.5,2,2,8,5,Male,Suburban,Sedan,Yes,Yes,Low,Yes
5786,27,78447,47.1,1,3,11,4,Male,Urban,Sedan,No,No,Medium,No
5787,34,76687,45.2,2,13,16,1,Female,Urban,Sedan,No,No,Low,No
5788,50,75963,26,1,7,8,5,Male,Suburban,SUV,Yes,Yes,Low,No
5789,66,61864,5,2,7,7,4,Female,Suburban,Hatchback,Yes,No,Low,No
5790,47,116449,56.4,1,11,10,3,Male,Urban,SUV,No,Yes,Low,Yes
5791,43,91289,52,2,14,15,1,Female,Urban,Sedan,No,No,Low,No
5792,56,91623,36.4,2,6,4,3,Male,Suburban,Hatchback,Yes,Yes,Low,No
5793,46,30000,45,1,5,8,3,Female,Suburban,Hatchback,Yes,No,Low,No
5794,42,93600,50.1,1,4,8,1,Female,Suburban,Sedan,Yes,Yes,Low,No
5795,64,30000,37.6,2,14,17,2,Female,Urban,Sedan,No,Yes,Low,No
5796,32,138473,5,3,8,9,4,Male,Urban,Sedan,No,Yes,Low,Yes
5797,37,30000,59,2,8,19,4,Female,Urban,Sedan,No,Yes,Low,No
5798,67,118544,22,1,4,19,1,Male,Urban,SUV,Yes,Yes,Low,No
5799,29,30000,43.9,2,2,3,5,Female,Rural,Hatchback,Yes,Yes,Low,No
5800,58,94036,25.2,1,0,8,4,Male,Suburban,Sedan,Yes,No,Low,No
5801,66,122988,5,2,5,16,2,Female,Urban,Sedan,No,Yes,Low,No
5802,50,84868,21.9,4,0,2,4,Male,Rural,Hatchback,Yes,Yes,Low,Yes
5803,63,87702,5,2,2,2,4,Female,Rural,Sedan,Yes,No,Low,No
5804,57,91756,5,2,1,2,5,Male,Rural,Sedan,Yes,No,Low,No
5805,40,75634,44.1,2,5,13,1,Female,Urban,Sedan,No,No,Low,No
5806,42,138132,27.8,2,4,3,3,Female,Suburban,Sedan,Yes,Yes,Low,Yes
5807,28,30000,62.8,1,9,13,1,Male,Urban,Sedan,Yes,No,Low,No
5808,52,72454,26.2,2,0,7,2,Female,Suburban,SUV,Yes,Yes,Low,No
5809,60,91766,55.3,2,2,2,4,Female,Rural,Sedan,No,No,Medium,No
5810,54,58594,69.7,3,2,15,3,Male,Urban,SUV,No,No,Medium,No
5811,60,30000,5,1,2,3,1,Female,Rural,Truck,Yes,Yes,Low,No
5812,46,85889,55.7,2,5,8,3,Male,Suburban,SUV,Yes,Yes,Low,Yes
5813,38,94664,39.5,3,3,9,3,Female,Urban,Sedan,No,No,Low,No
5814,52,110720,18.4,3,1,6,5,Female,Suburban,Hatchback,Yes,Yes,Low,Yes
5815,29,106588,49.7,3,3,5,2,Male,Suburban,Sedan,Yes,Yes,Low,No
5816,66,72347,5,1,4,13,3,Female,Urban,Sedan,No,No,Low,No
5817,50,108979,5,2,2,7,5,Male,Urban,Hatchback,Yes,Yes,Low,Yes
5818,38,71927,57,1,4,8,1,Female,Suburban,Hatchback,Yes,Yes,Low,No
5819,47,131725,56.7,2,14,6,5,Female,Urban,Sedan,No,No,Low,No
5820,36,73947,5,1,0,5,3,Male,Suburban,Sedan,Yes,Yes,Low,No
5821,40,81844,36.6,1,2,8,2,Male,Urban,Truck,No,No,Medium,No
5822,55,113010,39.7,1,3,19,5,Male,Urban,SUV,No,Yes,Low,Yes
5823,41,57778,48.5,2,2,1,3,Male,Rural,Hatchback,Yes,Yes,Low,No
5824,62,66492,5,3,0,9,2,Male,Suburban,Sedan,Yes,No,Low,No
5825,52,92665,26.5,1,2,2,3,Male,Rural,Sedan,Yes,Yes,Low,No
5826,56,65862,47.4,1,0,2,5,Male,Rural,SUV,Yes,No,Low,No
5827,38,72815,30.4,4,10,17,1,Female,Urban,Sedan,No,Yes,Low,No
5828,39,103838,46,3,7,8,1,Male,Suburban,SUV,Yes,Yes,Low,No
5829,43,30000,63.9,2,8,7,1,Male,Urban,SUV,No,No,High,No
5830,50,52366,18.7,1,4,4,5,Male,Suburban,Sedan,Yes,No,Low,No
5831,29,86095,36.4,2,1,1,2,Male,Rural,Truck,Yes,Yes,Low,No
5832,59,95388,10.9,2,10,16,3,Female,Urban,SUV,No,No,Low,No
5833,61,81438,39,3,10,14,1,Male,Urban,Truck,No,Yes,Low,No
5834,29,54768,5,2,3,1,5,Male,Suburban,Sedan,Yes,No,Low,No
5835,42,103955,49.5,3,0,0,4,Male,Rural,Sedan,Yes,Yes,Low,Yes
5836,48,122986,40.8,2,11,19,3,Male,Urban,SUV,Yes,No,Low,No
5837,57,64745,34.7,1,5,9,2,Male,Suburban,Hatchback,No,No,Low,No
5838,37,102773,5,1,2,4,4,Female,Suburban,Sedan,Yes,No,Low,No
5839,69,86543,19.1,2,3,9,5,Female,Suburban,Sedan,Yes,No,Low,No
5840,43,91603,5,1,1,2,4,Male,Rural,Sedan,Yes,Yes,Low,No
5841,67,65800,5,1,7,5,4,Male,Suburban,Hatchback,Yes,Yes,Low,No
5842,64,94048,36.8,2,7,7,1,Male,Suburban,SUV,No,No,Low,No
5843,52,62482,38.9,1,3,4,5,Male,Urban,SUV,No,Yes,Medium,No
5844,67,72638,5,2,1,3,1,Female,Rural,SUV,Yes,Yes,Low,No
5845,50,100920,40.9,1,2,8,5,Female,Suburban,Sedan,Yes,No,Low,No
5846,38,79575,69.9,3,1,8,5,Female,Suburban,SUV,Yes,No,Low,No
5847,39,78237,61.9,1,8,16,1,Female,Urban,Sedan,No,Yes,Low,No
5848,68,82870,11.4,2,7,6,4,Male,Urban,SUV,Yes,Yes,Low,Yes
5849,32,134466,5,1,11,3,3,Female,Urban,Sedan,Yes,Yes,Low,No
5850,47,80946,45.7,2,2,2,3,Male,Suburban,Sedan,Yes,Yes,Low,Yes
5851,57,30000,50.3,2,3,6,1,Female,Suburban,Sedan,No,No,Medium,No
5852,62,107310,70.5,1,1,3,5,Female,Suburban,SUV,Yes,No,Low,No
5853,34,30000,5,2,2,1,4,Female,Rural,Hatchback,Yes,No,Low,No
5854,65,89051,45.9,2,1,6,4,Female,Suburban,Sedan,Yes,Yes,Low,No
5855,60,58964,41.1,2,10,10,4,Male,Urban,SUV,No,No,Medium,No
5856,34,84493,54.8,1,4,3,2,Female,Suburban,Sedan,No,No,Medium,No
5857,54,30000,37.4,1,10,13,3,Female,Urban,Sedan,No,Yes,Low,No
5858,32,147974,31.8,1,2,2,4,Male,Rural,Sedan,Yes,Yes,Low,Yes
5859,32,110321,38.3,3,11,11,5,Female,Urban,Sedan,No,Yes,Low,Yes
5860,58,91412,37.4,1,5,8,5,Male,Suburban,Hatchback,Yes,Yes,Low,Yes
5861,28,119512,59.9,1,5,5,4,Male,Suburban,SUV,No,Yes,Low,No
5862,41,40892,5,3,2,2,4,Male,Rural,SUV,Yes,Yes,Low,No
5863,45,30000,64.7,2,12,19,2,Male,Urban,Hatchback,No,Yes,Low,No
5864,56,94036,50.4,2,7,6,4,Female,Urban,Hatchback,Yes,No,Low,No
5865,65,65181,5,1,8,16,4,Male,Urban,SUV,No,No,Low,No
5866,36,72815,53,2,1,8,4,Male,Suburban,Sedan,Yes,Yes,Low,No
5867,48,131391,5,2,7,13,5,Male,Urban,Hatchback,No,Yes,Low,Yes
5868,54,134587,27.7,3,2,13,3,Male,Urban,Sedan,No,Yes,Medium,No
5869,51,30000,49,1,1,2,1,Female,Suburban,Sedan,Yes,Yes,Low,No
5870,41,62266,67.8,1,4,3,1,Male,Urban,SUV,Yes,Yes,Low,No
5871,66,140698,32.7,2,11,6,4,Female,Urban,Sedan,No,Yes,Low,Yes
5872,35,109868,50,2,1,9,3,Female,Suburban,Sedan,Yes,Yes,Low,No
5873,69,94564,67.2,2,7,9,5,Male,Suburban,Sedan,Yes,No,Low,No
5874,33,88365,53.3,2,0,0,5,Female,Rural,SUV,Yes,Yes,Low,No
5875,29,71019,46.8,2,6,5,2,Female,Suburban,SUV,Yes,Yes,Low,No
5876,31,119401,12.7,3,7,1,4,Male,Suburban,Hatchback,Yes,Yes,Low,Yes
5877,32,102855,5,2,3,11,1,Female,Urban,Hatchback,No,No,Low,No
5878,62,51321,5,2,0,0,4,Male,Rural,Sedan,Yes,Yes,Low,No
5879,44,81958,33,1,7,9,4,Male,Suburban,Hatchback,Yes,Yes,Low,No
5880,53,30000,13,3,6,14,5,Female,Urban,SUV,Yes,Yes,Low,Yes
5881,40,73961,38.4,1,10,15,5,Male,Urban,SUV,No,Yes,Low,Yes
5882,38,57127,5,1,2,3,2,Male,Suburban,Sedan,Yes,Yes,Low,No
5883,31,30000,31.9,1,2,3,2,Male,Rural,SUV,Yes,No,Low,No
5884,36,85689,32.1,3,1,3,2,Male,Rural,Sedan,Yes,No,Low,No
5885,66,115516,20.7,2,2,1,4,Female,Rural,Sedan,Yes,No,Low,No
5886,67,45300,28.3,2,3,9,5,Male,Urban,SUV,No,No,Medium,No
5887,47,136888,22.1,2,8,19,5,Female,Urban,SUV,Yes,Yes,Low,Yes
5888,30,115447,5,3,0,3,4,Female,Rural,Sedan,Yes,No,Low,No
5889,46,30000,53.3,1,7,6,2,Male,Urban,SUV,No,Yes,Medium,No
5890,36,87019,56,2,6,9,2,Female,Urban,SUV,Yes,Yes,Low,No
5891,32,97934,29.8,1,5,9,4,Male,Suburban,Hatchback,Yes,Yes,Low,No
5892,33,30000,50.7,2,1,3,2,Female,Rural,Truck,Yes,No,Low,No
5893,52,90742,5,1,10,5,1,Male,Urban,Sedan,No,Yes,Low,No
5894,59,138730,61.6,3,3,16,2,Male,Urban,SUV,Yes,Yes,Low,No
5895,34,55836,5,2,7,4,1,Male,Suburban,Sedan,No,No,Medium,No
5896,56,107814,22.6,2,0,6,2,Male,Suburban,Sedan,Yes,Yes,Low,No
5897,63,109211,5,2,3,5,4,Male,Suburban,Sedan,Yes,Yes,Low,Yes
5898,30,81557,54.4,1,8,19,1,Male,Urban,Sedan,Yes,Yes,Low,No
5899,41,86491,37.9,1,2,3,3,Male,Rural,Sedan,Yes,Yes,Low,No
5900,61,134591,5,1,2,5,2,Male,Urban,Sedan,Yes,No,Low,No
5901,50,99412,34.5,1,2,16,1,Male,Urban,Hatchback,No,No,Low,No
5902,47,101159,62.8,3,2,19,2,Female,Urban,Sedan,No,Yes,Medium,No
5903,51,95106,5,2,3,18,2,Female,Urban,Sedan,Yes,No,Low,No
5904,45,115529,62.8,1,4,13,3,Male,Urban,SUV,No,Yes,Medium,No
5905,43,112697,5,3,4,6,3,Male,Suburban,SUV,Yes,Yes,Low,No
5906,66,77431,58.8,2,5,9,1,Female,Suburban,SUV,Yes,No,Low,No
5907,63,30000,5,2,12,3,2,Male,Urban,SUV,No,No,Low,No
5908,50,30000,5,2,5,8,3,Male,Suburban,SUV,Yes,Yes,Low,No
5909,41,117813,5,1,7,4,2,Male,Suburban,Hatchback,No,Yes,Low,No
5910,29,122318,62.3,1,9,7,5,Female,Urban,SUV,No,Yes,Low,No
5911,25,30000,18,2,9,8,1,Male,Urban,SUV,Yes,Yes,Low,No
5912,63,93922,32.6,3,2,18,5,Male,Urban,Truck,Yes,No,Low,No
5913,69,91415,5,1,7,14,1,Male,Urban,Hatchback,Yes,Yes,Low,No
5914,30,75370,12.9,1,3,6,3,Male,Suburban,Sedan,Yes,Yes,Low,No
5915,52,84683,23.2,1,1,2,2,Male,Rural,Hatchback,Yes,No,Low,No
5916,51,99772,22.7,1,14,14,2,Female,Urban,Hatchback,No,Yes,Low,No
5917,51,57369,30.7,2,12,13,1,Female,Urban,SUV,No,Yes,Low,No
5918,55,81907,5,1,7,2,1,Female,Suburban,Sedan,Yes,Yes,Low,No
5919,54,30000,18.4,2,2,8,4,Female,Suburban,Hatchback,Yes,Yes,Low,No
5920,43,67845,5,1,2,2,4,Other,Rural,SUV,No,Yes,Medium,No
5921,67,59215,53,2,14,14,4,Male,Urban,Sedan,No,No,Low,No
5922,69,137424,33.8,1,4,17,4,Male,Urban,SUV,No,Yes,Low,Yes
5923,25,30000,30.6,2,7,9,3,Male,Suburban,SUV,Yes,Yes,Low,No
5924,44,30000,27.9,1,1,3,3,Female,Rural,Sedan,Yes,Yes,Low,Yes
5925,67,94976,59.6,2,12,11,4,Male,Urban,Sedan,No,No,Low,No
5926,59,56860,5,2,3,1,1,Male,Suburban,Sedan,Yes,Yes,Low,No
5927,52,81844,28.4,1,11,19,3,Male,Urban,Sedan,No,No,Low,No
5928,46,77147,48.7,3,4,3,4,Male,Suburban,SUV,Yes,Yes,Low,Yes
5929,37,54768,48.1,1,8,6,4,Male,Urban,Sedan,No,No,Medium,No
5930,28,61559,24.7,1,5,5,1,Female,Urban,SUV,Yes,Yes,Low,No
5931,35,30000,31.2,2,5,6,1,Male,Suburban,Sedan,Yes,Yes,Low,No
5932,59,69768,15,1,10,15,4,Male,Urban,Hatchback,No,Yes,Low,Yes
5933,27,61616,5,1,6,18,5,Female,Urban,SUV,No,Yes,Low,No
5934,52,147967,33.4,1,5,9,2,Male,Suburban,Sedan,Yes,Yes,Low,No
5935,48,30000,26.4,1,5,5,1,Female,Suburban,SUV,Yes,Yes,Low,No
5936,26,30000,60.8,2,0,2,5,Female,Rural,Sedan,Yes,Yes,Low,No
5937,37,119040,34.8,4,1,2,5,Male,Suburban,SUV,Yes,Yes,Low,No
5938,25,58748,21.3,3,1,8,5,Male,Suburban,Sedan,Yes,Yes,Low,No
5939,49,75544,26.6,2,0,1,1,Male,Rural,Sedan,Yes,No,Low,No
5940,31,96481,33.2,2,1,2,2,Female,Suburban,SUV,Yes,No,Low,No
5941,26,94855,5,3,5,1,4,Male,Suburban,SUV,Yes,No,Low,No
5942,40,113668,58.8,2,0,9,2,Male,Suburban,SUV,Yes,No,Low,No
5943,68,82818,47.6,2,6,1,2,Female,Suburban,Sedan,Yes,Yes,Low,No
5944,66,52366,22.8,3,5,5,4,Female,Urban,Hatchback,Yes,No,Low,No
5945,29,53776,37.4,2,11,6,4,Male,Urban,Sedan,No,No,Low,No
5946,35,65766,50,1,1,3,3,Female,Rural,Sedan,Yes,No,Low,No
5947,42,54545,5,1,6,6,4,Female,Urban,Sedan,No,No,Low,No
5948,43,66727,55.9,2,3,3,4,Male,Suburban,Sedan,Yes,Yes,Low,No
5949,34,126966,20.1,1,2,2,1,Male,Rural,SUV,Yes,Yes,Low,No
5950,36,75822,55.5,3,7,4,3,Male,Suburban,Sedan,No,Yes,Medium,No
5951,49,84578,5,1,2,6,4,Male,Suburban,SUV,Yes,Yes,Low,Yes
5952,69,100537,46.4,2,5,8,2,Female,Suburban,Sedan,Yes,No,Low,No
5953,33,91619,44.7,3,11,3,4,Male,Urban,SUV,Yes,Yes,Low,Yes
5954,48,119510,32.7,1,11,9,1,Male,Urban,Hatchback,No,Yes,Low,No
5955,44,93038,27,2,6,11,1,Male,Urban,Truck,No,Yes,Low,No
5956,62,61385,51.6,3,0,1,3,Female,Rural,Sedan,Yes,Yes,Low,No
5957,42,87460,52.2,3,4,3,4,Female,Suburban,Sedan,Yes,Yes,Low,No
5958,49,76549,49.6,2,0,9,1,Male,Suburban,SUV,Yes,Yes,Low,No
5959,54,66434,49,1,0,0,2,Male,Rural,Sedan,Yes,No,Low,No
5960,44,61366,38.8,2,11,12,3,Male,Urban,Hatchback,No,Yes,Low,No
5961,46,72466,28.7,1,3,7,3,Female,Suburban,Sedan,Yes,Yes,Low,No
5962,32,65414,5,2,0,0,4,Female,Rural,SUV,Yes,No,Low,No
5963,55,82440,27.7,1,2,1,2,Female,Suburban,Hatchback,Yes,Yes,Low,No
5964,48,83622,21.2,2,11,9,2,Female,Urban,Sedan,Yes,Yes,Low,No
5965,50,88415,44.8,2,5,4,4,Female,Suburban,Sedan,Yes,No,Low,No
5966,61,103598,52,2,4,4,3,Male,Suburban,SUV,Yes,Yes,Low,No
5967,60,63435,56.9,1,7,5,2,Male,Suburban,Sedan,Yes,Yes,Low,No
5968,37,65790,21.3,1,6,7,1,Female,Suburban,SUV,Yes,Yes,Low,No
5969,56,138473,46.7,2,4,8,4,Female,Suburban,SUV,Yes,Yes,Low,Yes
5970,41,30000,20.3,2,8,3,3,Female,Urban,SUV,No,No,Low,No
5971,60,96777,40.8,3,9,8,4,Female,Urban,Sedan,No,Yes,Low,No
5972,31,64916,34,2,3,14,4,Male,Urban,SUV,No,Yes,Low,No
5973,57,102879,5,1,1,3,1,Male,Rural,Sedan,Yes,Yes,Low,No
5974,37,103847,5,1,4,4,1,Male,Suburban,Sedan,Yes,Yes,Low,No
5975,56,120813,5,2,6,18,2,Male,Urban,Truck,Yes,Yes,Low,No
5976,30,151724,25.9,2,7,6,1,Male,Urban,SUV,Yes,No,Low,No
5977,30,107861,55.5,2,2,1,2,Female,Rural,SUV,Yes,No,Low,No
5978,36,104021,33.5,2,2,1,3,Female,Rural,Sedan,Yes,Yes,Low,No
5979,46,96767,28.5,1,12,19,2,Female,Urban,SUV,No,Yes,Low,No
5980,26,73928,36.5,1,12,6,4,Female,Urban,SUV,No,Yes,Low,No
5981,38,96601,5,3,6,14,3,Female,Urban,Truck,Yes,No,Low,No
5982,39,30000,5,3,12,6,4,Male,Urban,SUV,Yes,Yes,Low,No
5983,28,72816,25.7,1,0,3,1,Male,Rural,SUV,Yes,No,Low,No
5984,36,75636,57,3,11,13,4,Male,Urban,Truck,Yes,No,Low,No
5985,68,62703,5,3,1,1,3,Female,Rural,Hatchback,Yes,No,Low,No
5986,35,106565,5,1,1,3,4,Male,Rural,Hatchback,Yes,Yes,Low,No
5987,31,100447,52.2,2,3,9,1,Male,Urban,Sedan,No,Yes,Medium,No
5988,37,88106,41.2,1,13,5,4,Female,Urban,SUV,Yes,Yes,Low,Yes
5989,56,123832,50.4,2,4,18,5,Female,Urban,Sedan,Yes,Yes,Low,No
5990,30,90104,42.4,2,2,2,4,Male,Rural,SUV,Yes,Yes,Low,No
5991,63,107532,55.3,2,12,19,3,Male,Urban,Sedan,No,Yes,Low,No
5992,45,113828,66.9,3,3,5,4,Female,Suburban,Sedan,Yes,No,Low,No
5993,54,91762,39.3,1,2,1,4,Male,Suburban,Hatchback,Yes,No,Low,No
5994,60,78851,5,1,2,1,4,Male,Suburban,Sedan,Yes,No,Low,No
5995,48,69955,43.1,2,13,16,5,Female,Urban,Sedan,No,No,Low,No
5996,58,95892,34.8,2,3,8,3,Male,Suburban,Sedan,Yes,Yes,Low,No
5997,28,30000,41.1,2,11,6,3,Male,Urban,SUV,Yes,No,Low,No
5998,39,54884,24.5,1,3,4,1,Male,Suburban,Sedan,Yes,Yes,Low,No
5999,60,69093,23.6,2,5,2,5,Male,Suburban,SUV,Yes,No,Low,No
6000,30,119322,17.7,2,4,8,5,Female,Suburban,SUV,Yes,No,Low,No
6001,66,95945,47.8,1,3,4,4,Male,Suburban,SUV,Yes,Yes,Low,Yes
6002,59,110576,40.4,1,13,5,5,Female,Urban,SUV,Yes,Yes,Low,Yes
6003,31,30000,5,2,10,10,1,Female,Urban,Hatchback,Yes,Yes,Low,No
6004,39,81785,29.8,2,7,5,3,Female,Suburban,Sedan,Yes,Yes,Low,No
6005,44,83557,5,3,2,12,2,Female,Urban,Hatchback,No,Yes,Low,No
6006,67,119293,42.8,2,2,2,1,Female,Rural,SUV,Yes,Yes,Low,No
6007,30,51651,5,1,2,6,1,Male,Urban,SUV,No,Yes,Low,No
6008,26,30000,42.6,1,1,3,5,Male,Rural,Sedan,Yes,No,Low,No
6009,39,79986,68.6,3,14,15,2,Female,Urban,SUV,No,Yes,Low,No
6010,34,30000,32.9,2,0,2,2,Male,Suburban,SUV,Yes,Yes,Low,No
6011,27,91879,52.2,2,3,7,1,Female,Suburban,SUV,Yes,No,Low,No
6012,27,76978,12.2,1,5,17,5,Male,Urban,Sedan,No,Yes,Low,Yes
6013,49,82872,44.5,3,3,18,3,Male,Urban,SUV,Yes,Yes,Low,No
6014,43,137424,33,2,2,5,3,Female,Suburban,Hatchback,Yes,Yes,Low,No
6015,51,62869,59.1,2,0,0,1,Female,Rural,Sedan,Yes,Yes,Low,No
6016,29,78418,25.5,1,2,1,2,Male,Rural,Sedan,Yes,No,Low,No
6017,50,95543,16,1,3,13,1,Female,Urban,SUV,No,Yes,Low,No
6018,67,110132,34.4,2,6,10,3,Male,Urban,SUV,Yes,No,Low,No
6019,66,30000,48.1,2,4,4,1,Female,Suburban,SUV,Yes,Yes,Low,No
6020,51,73881,53,1,7,4,1,Male,Urban,Truck,No,No,Low,No
6021,33,69965,5,1,10,13,2,Male,Urban,Truck,No,No,Low,No
6022,66,125937,5,1,7,3,1,Female,Urban,SUV,No,No,Medium,No
6023,40,84575,33.4,1,6,2,4,Male,Suburban,Hatchback,Yes,No,Low,No
6024,42,107819,34.8,2,1,6,4,Female,Suburban,Hatchback,Yes,Yes,Low,Yes
6025,55,30000,47.6,3,0,3,3,Female,Rural,SUV,Yes,Yes,Low,No
6026,47,108881,34.1,1,0,3,1,Female,Rural,SUV,Yes,No,Low,No
6027,30,30000,5,1,7,12,5,Male,Urban,Sedan,Yes,No,Low,No
6028,41,61697,5,1,2,1,1,Female,Rural,Sedan,Yes,Yes,Low,No
6029,43,92614,15.3,3,4,12,5,Male,Urban,SUV,No,Yes,Low,Yes
6030,27,135849,29.7,2,0,3,2,Female,Rural,Sedan,Yes,Yes,Low,No
6031,48,94443,55.9,1,2,3,4,Male,Suburban,Truck,Yes,Yes,Low,Yes
6032,50,96749,31.2,1,0,2,2,Male,Suburban,Sedan,Yes,No,Low,No
6033,51,107580,47.7,1,14,13,2,Male,Urban,Hatchback,No,No,Low,No
6034,50,64953,33.1,2,7,7,1,Female,Suburban,Sedan,Yes,No,Low,No
6035,30,129746,5,1,5,13,2,Female,Urban,SUV,Yes,Yes,Low,No
6036,64,87673,5,1,6,9,1,Female,Suburban,Sedan,No,Yes,Low,No
6037,42,171327,51.5,1,9,16,3,Female,Urban,Sedan,Yes,Yes,Low,Yes
6038,64,30000,54,1,0,3,5,Male,Rural,Sedan,No,No,Medium,No
6039,29,81952,47.8,2,8,13,5,Male,Urban,SUV,No,No,Low,No
6040,69,30000,18.5,1,1,0,5,Male,Rural,SUV,Yes,No,Low,No
6041,42,86831,5,2,14,4,5,Male,Urban,SUV,Yes,Yes,Low,No
6042,63,72441,25.5,1,5,4,2,Female,Suburban,SUV,Yes,No,Low,No
6043,52,129971,5,1,1,0,5,Male,Rural,Sedan,Yes,Yes,Low,Yes
6044,59,72638,27.6,1,2,0,1,Male,Rural,Sedan,Yes,Yes,Low,No
6045,33,64775,31.6,1,11,7,2,Female,Urban,Sedan,No,Yes,Medium,No
6046,28,68466,36.7,2,4,7,3,Male,Urban,SUV,No,No,Medium,No
6047,65,75512,32.6,1,4,8,2,Male,Suburban,SUV,No,No,Medium,No
6048,42,98796,5,2,10,12,5,Female,Urban,SUV,Yes,Yes,Low,Yes
6049,40,30000,34.2,2,2,1,3,Male,Rural,SUV,Yes,Yes,Low,No
6050,34,54917,5,2,11,13,2,Male,Urban,SUV,Yes,No,Low,No
6051,32,30000,54.9,1,6,3,3,Male,Suburban,Sedan,Yes,Yes,Low,No
6052,47,49172,31.7,2,12,18,1,Male,Urban,SUV,Yes,Yes,Low,No
6053,37,81785,42.6,2,6,8,3,Male,Urban,Hatchback,No,Yes,Low,No
6054,36,61726,5,2,2,5,4,Female,Urban,SUV,Yes,No,Low,No
6055,34,69340,33.4,2,7,17,1,Male,Urban,Sedan,No,Yes,Low,No
6056,66,136025,42.9,2,2,1,4,Male,Rural,Sedan,Yes,Yes,Low,Yes
6057,33,132982,43.8,1,4,16,3,Male,Urban,Hatchback,Yes,No,Low,No
6058,28,91818,16.6,3,9,14,2,Female,Urban,SUV,No,Yes,Low,No
6059,62,97589,5,4,1,1,4,Male,Rural,SUV,Yes,Yes,Low,No
6060,48,78757,60.6,3,4,7,3,Male,Suburban,Sedan,Yes,No,Low,No
6061,54,53431,36.4,2,5,3,2,Female,Suburban,Sedan,Yes,No,Low,No
6062,65,58478,34.4,1,13,19,4,Male,Urban,SUV,Yes,No,Low,No
6063,30,96749,5,2,5,4,3,Male,Suburban,Truck,Yes,No,Low,No
6064,40,71706,34.5,1,7,6,3,Male,Urban,Sedan,Yes,No,Low,No
6065,56,51850,46,1,13,7,1,Male,Urban,SUV,No,No,Medium,No
6066,67,90544,5,1,0,8,2,Male,Suburban,Truck,No,Yes,Low,No
6067,38,91535,26.5,1,2,1,2,Female,Rural,SUV,Yes,Yes,Low,No
6068,27,93572,38.2,1,2,3,3,Female,Suburban,SUV,Yes,No,Low,No
6069,66,86896,30.5,2,9,10,1,Female,Urban,Hatchback,Yes,No,Low,No
6070,54,30000,34.8,3,6,10,3,Male,Urban,Sedan,No,Yes,Low,No
6071,46,75300,32.5,1,3,17,2,Male,Urban,Truck,No,Yes,Low,No
6072,61,68480,5,1,1,9,1,Male,Suburban,Hatchback,Yes,No,Low,No
6073,26,77383,57.7,3,7,6,3,Male,Suburban,Sedan,Yes,No,Low,No
6074,44,69054,5,2,2,3,1,Male,Rural,Sedan,Yes,No,Low,No
6075,27,52276,57.4,2,14,10,5,Female,Urban,SUV,Yes,No,Low,No
6076,25,87948,53.8,2,2,8,1,Female,Urban,Sedan,Yes,Yes,Low,No
6077,36,101730,5,1,1,3,2,Female,Suburban,Sedan,Yes,Yes,Low,No
6078,30,93600,34.8,1,0,0,1,Female,Rural,SUV,Yes,Yes,Low,No
6079,45,107950,35.4,1,5,19,1,Male,Urban,SUV,Yes,No,Low,No
6080,39,82437,25.4,1,14,3,2,Female,Urban,SUV,Yes,No,Low,No
6081,49,106779,5,1,2,9,3,Male,Suburban,Sedan,Yes,Yes,Low,No
6082,58,83622,5,1,6,17,2,Male,Urban,SUV,No,No,Low,No
6083,54,121819,31.5,1,7,17,2,Female,Urban,Sedan,No,No,Medium,No
6084,40,30000,55.7,2,13,5,1,Male,Urban,SUV,No,Yes,Low,No
6085,40,137855,45.7,1,6,1,5,Male,Suburban,Sedan,Yes,No,Low,No
6086,67,93989,21.2,2,0,0,3,Female,Rural,Hatchback,Yes,Yes,Low,No
6087,35,93353,47.4,2,3,4,3,Male,Suburban,Sedan,Yes,No,Low,No
6088,43,101580,5,1,3,8,4,Female,Suburban,SUV,Yes,No,Low,No
6089,61,63471,59.1,2,2,3,4,Male,Suburban,Hatchback,Yes,No,Low,No
6090,26,113623,38.8,2,2,0,5,Male,Rural,SUV,Yes,Yes,Low,Yes
6091,44,84642,53.8,2,3,4,1,Male,Suburban,SUV,Yes,No,Low,No
6092,46,30000,46.8,2,3,5,5,Female,Suburban,Sedan,Yes,No,Low,No
6093,62,91412,5,2,2,2,5,Male,Rural,Hatchback,Yes,No,Low,No
6094,37,81019,45.5,1,7,4,2,Female,Urban,Sedan,No,Yes,Medium,No
6095,32,132993,5,1,6,8,3,Male,Urban,Sedan,No,Yes,Low,No
6096,68,75908,31,2,5,4,5,Female,Suburban,SUV,Yes,Yes,Low,No
6097,26,76983,34.5,2,10,10,4,Female,Urban,Sedan,Yes,No,Low,No
6098,65,65003,36.4,2,5,4,4,Female,Urban,SUV,No,Yes,Low,No
6099,38,82436,39.8,2,9,15,1,Male,Urban,Sedan,Yes,No,Low,No
6100,48,89858,45.2,2,7,7,5,Male,Suburban,Sedan,No,Yes,Low,Yes
6101,52,97741,52.5,4,9,8,2,Female,Urban,SUV,No,Yes,Low,No
6102,39,93957,28.6,1,4,3,5,Male,Urban,Sedan,No,Yes,Medium,No
6103,42,52876,5,1,11,5,2,Female,Urban,Sedan,Yes,No,Low,No
6104,41,30000,50.9,1,7,13,1,Male,Urban,Sedan,No,Yes,Low,No
6105,51,68481,69.5,2,10,17,2,Male,Urban,SUV,No,Yes,Low,No
6106,30,130657,59,1,4,8,5,Male,Suburban,Sedan,No,No,Low,No
6107,65,121363,27,2,2,2,1,Male,Rural,Sedan,Yes,Yes,Low,No
6108,40,115696,41.3,2,12,19,1,Female,Urban,SUV,Yes,No,Low,No
6109,36,92800,62.3,2,2,13,3,Female,Urban,Sedan,No,No,Medium,No
6110,42,101392,66.9,2,4,4,3,Female,Suburban,Truck,Yes,No,Low,No
6111,59,93666,51.2,1,7,1,4,Male,Suburban,Hatchback,Yes,Yes,Low,No
6112,44,76949,41.9,1,12,10,4,Male,Urban,SUV,No,Yes,Low,No
6113,58,114469,25.4,4,0,2,4,Male,Rural,Sedan,Yes,Yes,Low,No
6114,49,101200,49,1,3,12,3,Male,Urban,SUV,No,Yes,Low,No
6115,36,75370,24,1,5,8,4,Male,Suburban,SUV,Yes,No,Low,No
6116,29,89363,50.6,2,3,9,5,Male,Suburban,Truck,Yes,Yes,Low,No
6117,37,131719,51.4,2,4,5,2,Male,Suburban,Hatchback,Yes,Yes,Low,No
6118,59,57622,43.9,2,5,14,4,Male,Urban,SUV,No,Yes,High,No
6119,38,30000,5,2,12,17,4,Female,Urban,Truck,Yes,Yes,Low,Yes
6120,69,94582,5,2,6,6,4,Female,Suburban,Sedan,No,Yes,Medium,No
6121,48,83397,61.9,3,8,14,5,Male,Urban,SUV,Yes,Yes,Low,Yes
6122,49,30000,35.4,2,11,3,1,Female,Urban,Sedan,Yes,No,Low,No
6123,39,78481,5,2,2,0,2,Female,Rural,Sedan,Yes,Yes,Low,No
6124,56,55819,5,3,4,6,5,Female,Suburban,SUV,Yes,Yes,Low,No
6125,36,154081,22.5,1,8,7,4,Female,Urban,SUV,Yes,Yes,Low,No
6126,31,82450,45,2,1,7,3,Female,Suburban,Sedan,Yes,Yes,Low,No
6127,61,99265,51.4,2,7,19,4,Female,Urban,SUV,No,Yes,Low,No
6128,38,30000,24.1,2,7,6,3,Male,Suburban,Sedan,Yes,No,Low,No
6129,27,83557,34.8,1,6,4,3,Female,Suburban,Sedan,Yes,Yes,Low,No
6130,65,78727,31.8,1,0,3,3,Male,Rural,SUV,Yes,Yes,Low,No
6131,40,84768,53,2,3,8,1,Female,Suburban,Sedan,Yes,Yes,Low,No
6132,54,30000,66.4,2,2,15,1,Male,Urban,Sedan,No,Yes,Medium,No
6133,36,102368,51.1,2,13,17,2,Male,Urban,Sedan,Yes,No,Low,No
6134,64,72223,37.6,1,3,2,5,Female,Suburban,SUV,Yes,Yes,Low,Yes
6135,35,72429,5,1,6,8,2,Female,Urban,SUV,No,No,Low,No
6136,65,67954,32.1,3,4,6,1,Female,Suburban,Sedan,No,No,High,No
6137,40,111380,16.5,1,1,2,4,Male,Rural,SUV,Yes,Yes,Low,Yes
6138,32,133907,46.7,1,1,3,1,Female,Suburban,SUV,Yes,No,Low,No
6139,69,106968,53.7,2,11,7,4,Male,Urban,SUV,No,Yes,Medium,No
6140,29,71095,48.6,2,14,15,2,Male,Urban,Sedan,No,Yes,Low,No
6141,25,74183,50.3,2,1,3,3,Female,Rural,SUV,Yes,No,Low,No
6142,49,69719,5,1,3,9,4,Male,Suburban,Sedan,Yes,Yes,Low,Yes
6143,44,91209,53.3,1,10,18,4,Male,Urban,SUV,No,Yes,Low,No
6144,26,103799,51.3,1,13,14,5,Male,Urban,Sedan,No,No,Low,No
6145,53,107375,43.4,1,8,5,1,Male,Urban,Sedan,Yes,No,Low,No
6146,34,110375,36.7,1,14,9,2,Male,Urban,Hatchback,No,No,Low,No
6147,39,122347,36.7,2,11,3,5,Female,Urban,SUV,No,No,Medium,No
6148,40,80142,42.6,1,14,6,1,Female,Urban,Sedan,Yes,No,Low,No
6149,61,105911,28.8,2,8,17,2,Male,Urban,Sedan,Yes,Yes,Low,No
6150,49,74981,50.7,1,3,8,3,Female,Suburban,Sedan,Yes,Yes,Low,No
6151,34,84774,33,2,11,18,2,Male,Urban,SUV,Yes,Yes,Low,No
6152,40,92683,20.9,1,6,3,1,Female,Suburban,SUV,Yes,Yes,Low,No
6153,36,30000,22.9,2,9,19,4,Female,Urban,Sedan,No,No,Low,No
6154,44,62378,47.6,2,13,17,5,Female,Urban,SUV,Yes,No,Low,No
6155,58,63341,5,1,6,7,1,Female,Suburban,Sedan,No,No,Medium,No
6156,43,57520,49.9,1,4,9,2,Male,Suburban,SUV,Yes,No,Low,No
6157,45,30000,29.5,1,7,5,3,Female,Suburban,Sedan,Yes,No,Low,No
6158,65,57865,53.5,1,0,6,5,Male,Suburban,Sedan,Yes,Yes,Low,Yes
6159,49,62378,5,1,0,3,3,Female,Rural,Sedan,Yes,No,Low,No
6160,30,30000,66.8,1,13,19,3,Female,Urban,Sedan,Yes,Yes,Low,No
6161,50,58354,5,3,0,2,4,Female,Suburban,Sedan,No,No,Medium,No
6162,69,92230,48.4,2,2,1,2,Female,Suburban,SUV,Yes,No,Low,No
6163,41,30000,32.6,1,0,9,2,Female,Suburban,SUV,Yes,Yes,Low,No
6164,48,85465,59.7,1,4,8,5,Female,Suburban,Truck,Yes,Yes,Low,No
6165,34,71258,40,1,0,4,3,Male,Suburban,Sedan,Yes,Yes,Low,No
6166,29,127906,39,1,0,0,3,Female,Rural,Sedan,Yes,Yes,Low,No
6167,33,92864,5,1,5,12,3,Female,Urban,Sedan,Yes,Yes,Low,No
6168,63,64838,5,2,0,3,4,Male,Rural,Sedan,Yes,Yes,Low,No
6169,29,118939,59,1,3,6,1,Female,Urban,SUV,No,No,Medium,No
6170,64,83682,34.8,2,2,5,2,Male,Suburban,Sedan,Yes,No,Low,No
6171,69,106419,12.7,1,5,3,4,Male,Urban,Sedan,No,Yes,Low,Yes
6172,62,71470,5,2,13,7,4,Male,Urban,Sedan,No,No,Low,No
6173,59,30000,34.3,3,2,8,5,Male,Suburban,Sedan,Yes,Yes,Low,Yes
6174,35,84887,37.4,2,3,18,1,Female,Urban,Hatchback,Yes,Yes,Low,No
6175,32,86090,22.5,1,7,8,3,Male,Suburban,SUV,Yes,Yes,Low,No
6176,53,30000,5,3,5,1,1,Female,Suburban,Sedan,Yes,Yes,Low,No
6177,63,62260,34.5,3,14,13,1,Female,Urban,Hatchback,No,Yes,Low,No
6178,58,125033,43.5,2,3,11,1,Female,Urban,SUV,Yes,No,Low,No
6179,63,75326,44.3,1,7,3,3,Male,Suburban,Sedan,Yes,No,Low,No
6180,64,64902,33,1,6,17,1,Male,Urban,Truck,No,Yes,Low,No
6181,38,94341,59.1,3,2,3,1,Female,Rural,Truck,Yes,No,Low,No
6182,55,96749,49.7,1,2,2,4,Male,Suburban,Sedan,Yes,Yes,Medium,Yes
6183,53,94814,17.6,2,3,3,2,Male,Urban,SUV,No,No,Low,No
6184,60,86989,41,1,5,5,5,Female,Suburban,SUV,Yes,Yes,Low,Yes
6185,62,69434,33.1,1,1,1,3,Female,Rural,SUV,Yes,Yes,Low,No
6186,28,133659,50.5,1,2,2,3,Female,Rural,SUV,Yes,Yes,Low,No
6187,25,82483,27.9,1,13,11,4,Male,Urban,Sedan,No,No,Low,No
6188,38,30000,5,1,4,3,1,Female,Suburban,Sedan,Yes,Yes,Low,No
6189,49,107944,47.8,1,1,1,3,Male,Rural,SUV,Yes,Yes,Low,Yes
6190,52,90912,28.3,1,5,6,1,Male,Suburban,Hatchback,No,Yes,Low,No
6191,57,61428,19.5,1,1,4,1,Male,Suburban,Hatchback,Yes,No,Low,No
6192,66,102330,49,2,2,3,1,Female,Urban,Hatchback,No,Yes,Medium,No
6193,26,119036,43.8,1,10,12,4,Male,Urban,Sedan,No,No,Medium,No
6194,55,71212,46,1,1,1,5,Female,Rural,SUV,Yes,Yes,Low,Yes
6195,64,74471,38.3,2,1,8,4,Female,Suburban,Sedan,Yes,No,Low,No
6196,31,81050,57,2,6,7,4,Male,Urban,SUV,No,Yes,Low,No
6197,60,131214,46.2,2,12,9,2,Male,Urban,SUV,No,Yes,Low,No
6198,62,71722,64.3,2,9,18,5,Male,Urban,SUV,No,Yes,Low,No
6199,36,86800,21.6,1,3,7,3,Male,Urban,SUV,No,No,Low,No
6200,59,91804,37.8,3,3,3,1,Female,Suburban,SUV,Yes,Yes,Low,No
6201,52,66417,12.3,1,6,18,1,Female,Urban,Sedan,No,No,Low,No
6202,55,30000,21.3,1,1,7,5,Female,Suburban,Sedan,Yes,No,Low,No
6203,54,105534,62.1,1,9,5,1,Male,Urban,Sedan,Yes,Yes,Low,No
6204,64,30000,46.6,2,0,3,5,Male,Suburban,SUV,Yes,Yes,Low,No
6205,30,107750,23,2,0,8,2,Male,Suburban,SUV,Yes,No,Low,No
6206,28,79164,17.9,2,5,12,4,Male,Urban,Sedan,Yes,No,Low,No
6207,58,61411,28.7,1,5,11,4,Male,Urban,SUV,Yes,Yes,Low,No
6208,67,73961,34.1,2,11,6,5,Female,Urban,Sedan,No,Yes,Low,Yes
6209,65,73399,42,1,5,5,3,Male,Suburban,Hatchback,Yes,No,Low,No
6210,60,95539,58.5,1,2,12,3,Male,Urban,Sedan,No,No,Low,No
6211,43,30000,17.9,2,2,3,1,Male,Suburban,Sedan,Yes,No,Low,No
6212,26,30000,5,1,3,6,2,Male,Urban,SUV,Yes,No,Low,No
6213,43,111748,41.1,1,5,9,2,Female,Suburban,SUV,Yes,Yes,Low,No
6214,44,91628,50.9,2,0,5,5,Male,Suburban,SUV,Yes,No,Low,No
6215,69,58816,62.6,3,2,1,4,Male,Rural,SUV,Yes,Yes,Low,No
6216,54,63425,28.5,1,8,6,3,Male,Urban,Truck,Yes,No,Low,No
6217,61,72673,47.8,2,7,4,3,Male,Suburban,SUV,Yes,No,Low,No
6218,40,107100,49.8,2,0,3,2,Female,Suburban,Sedan,Yes,Yes,Low,No
6219,38,107517,46,2,6,9,4,Female,Urban,Sedan,No,Yes,Low,No
6220,62,72716,17.3,1,5,3,5,Female,Suburban,Hatchback,Yes,Yes,Low,Yes
6221,50,143054,43.9,2,3,8,1,Female,Urban,Truck,Yes,No,Low,No
6222,60,57912,39.7,1,13,18,3,Male,Urban,Hatchback,No,No,Low,No
6223,26,85208,24.5,3,1,2,4,Male,Rural,Sedan,No,No,Medium,No
6224,25,121286,29.4,1,9,10,5,Male,Urban,SUV,Yes,Yes,Low,Yes
6225,42,113931,41.5,2,1,2,2,Male,Rural,Sedan,Yes,No,Low,No
6226,65,131862,29.2,1,8,17,2,Female,Urban,Sedan,No,Yes,Low,No
6227,55,81954,5,2,0,1,5,Female,Rural,Sedan,Yes,Yes,Low,No
6228,49,128889,56.5,1,4,13,5,Male,Urban,SUV,Yes,Yes,Low,Yes
6229,52,75799,49.1,1,0,1,1,Male,Rural,Sedan,Yes,No,Low,No
6230,31,62989,5,1,1,7,4,Female,Suburban,Sedan,Yes,Yes,Low,No
6231,67,104777,64.4,1,4,9,5,Male,Urban,Sedan,Yes,No,Low,No
6232,48,60467,51.7,2,4,11,1,Male,Urban,Sedan,Yes,Yes,Low,No
6233,68,117587,50.8,1,2,7,4,Male,Urban,Truck,No,Yes,Medium,No
6234,68,108819,5,1,4,8,5,Female,Suburban,Sedan,Yes,Yes,Low,Yes
6235,50,93355,53.6,2,4,2,3,Female,Suburban,Sedan,Yes,Yes,Low,Yes
6236,39,78418,34.7,3,13,13,4,Male,Urban,SUV,No,No,Low,No
6237,34,133945,29.5,3,3,8,1,Male,Suburban,Hatchback,Yes,Yes,Low,No
6238,39,84205,52.4,1,12,11,2,Female,Urban,Hatchback,Yes,Yes,Low,No
6239,61,100584,62.3,1,11,17,4,Male,Urban,SUV,Yes,Yes,Low,Yes
6240,56,30000,71.5,3,8,12,4,Male,Urban,SUV,No,No,Medium,No
6241,58,144943,54.6,1,1,3,1,Male,Rural,Sedan,Yes,No,Low,No
6242,33,118260,30,2,2,1,3,Female,Rural,SUV,Yes,Yes,Low,No
6243,46,98598,42.1,2,1,2,1,Female,Rural,Sedan,Yes,No,Low,No
6244,30,90554,52.6,1,12,9,5,Male,Urban,SUV,No,Yes,Low,No
6245,44,133854,39.4,1,7,6,2,Male,Urban,Sedan,No,Yes,Medium,No
6246,47,83622,43.9,1,5,1,2,Female,Suburban,Sedan,Yes,No,Low,No
6247,40,83636,26.6,2,1,0,5,Male,Rural,Sedan,Yes,Yes,Low,No
6248,53,30000,37.5,2,2,1,3,Female,Rural,Sedan,Yes,Yes,Low,No
6249,45,56687,60.1,2,1,3,1,Male,Rural,Hatchback,Yes,Yes,Low,No
6250,32,98376,59.6,2,4,9,3,Female,Suburban,SUV,Yes,No,Low,No
6251,68,131018,5,4,5,12,4,Female,Urban,Truck,Yes,Yes,Low,Yes
6252,55,90544,5,2,7,4,2,Male,Suburban,SUV,Yes,Yes,Low,No
6253,29,30000,25.7,3,3,1,3,Female,Suburban,Sedan,Yes,Yes,Low,No
6254,62,64824,57.5,2,8,16,5,Male,Urban,SUV,Yes,No,Low,No
6255,52,99500,34.4,1,2,2,1,Male,Rural,SUV,Yes,Yes,Low,No
6256,50,53746,59,1,4,3,4,Female,Suburban,Hatchback,Yes,No,Low,No
6257,45,54300,5,3,12,14,3,Female,Urban,Sedan,No,No,Low,No
6258,69,137959,61.2,2,4,7,2,Female,Urban,SUV,No,Yes,Medium,No
6259,56,30000,38.9,1,2,1,3,Female,Rural,SUV,Yes,Yes,Low,No
6260,26,83960,29.6,2,11,11,5,Female,Urban,SUV,No,Yes,Low,Yes
6261,61,80745,46.8,2,0,1,5,Male,Rural,Sedan,Yes,Yes,Low,No
6262,37,93316,16.8,1,4,8,4,Female,Suburban,SUV,Yes,No,Low,No
6263,31,78840,41.1,4,3,4,2,Male,Urban,SUV,No,No,Medium,No
6264,28,88252,46.8,1,6,15,2,Female,Urban,Hatchback,Yes,No,Low,No
6265,53,61160,41.2,3,0,2,5,Male,Rural,Sedan,Yes,No,Low,No
6266,51,93021,36.4,1,1,2,4,Female,Rural,SUV,Yes,No,Low,No
6267,43,30000,28.1,1,7,7,4,Female,Urban,SUV,No,Yes,Low,No
6268,42,63750,20.9,2,12,15,2,Male,Urban,Hatchback,No,Yes,Low,No
6269,52,111041,31,2,10,18,1,Male,Urban,SUV,No,No,Low,No
6270,35,95943,24.4,1,2,3,2,Male,Suburban,SUV,Yes,No,Low,No
6271,62,96483,53,4,2,4,2,Male,Suburban,Sedan,Yes,Yes,Low,No
6272,58,95950,41.6,1,6,9,5,Male,Urban,SUV,No,No,Medium,No
6273,64,103348,31.9,2,1,3,5,Male,Rural,Sedan,Yes,Yes,Low,Yes
6274,44,64953,24.6,4,6,3,3,Female,Suburban,Sedan,Yes,No,Low,No
6275,39,122986,5,2,1,6,2,Male,Suburban,SUV,Yes,Yes,Low,No
6276,48,79989,5,2,4,8,1,Male,Suburban,SUV,Yes,Yes,Low,No
6277,57,72991,49.5,2,7,8,3,Female,Urban,SUV,No,No,Medium,No
6278,27,77266,46.6,1,9,9,4,Female,Urban,Sedan,No,No,Medium,No
6279,45,72638,5,2,1,1,1,Female,Rural,Sedan,Yes,Yes,Low,No
6280,58,62794,30.6,2,2,4,3,Female,Urban,Sedan,Yes,No,Low,No
6281,41,81240,5,2,11,16,4,Female,Urban,Sedan,Yes,Yes,Low,No
6282,44,123870,45.9,1,3,9,1,Male,Suburban,Hatchback,No,No,Medium,No
6283,44,77543,50.7,3,2,6,2,Female,Suburban,Sedan,Yes,No,Low,No
6284,66,94589,5,1,9,17,3,Female,Urban,Sedan,No,Yes,Low,No
6285,36,74861,24.6,1,3,15,5,Female,Urban,Sedan,No,No,Low,No
6286,63,30000,53.3,2,11,13,4,Female,Urban,Hatchback,Yes,No,Low,No
6287,66,50880,61.5,3,2,3,1,Female,Rural,Hatchback,Yes,Yes,Low,No
6288,38,30000,30.1,2,2,0,3,Male,Rural,Sedan,Yes,No,Low,No
6289,31,106795,25,1,13,4,2,Female,Urban,Sedan,Yes,No,Low,No
6290,58,141115,19.4,1,7,2,2,Female,Suburban,Sedan,Yes,No,Low,No
6291,58,102781,21.6,1,2,6,5,Male,Urban,Sedan,No,Yes,Low,Yes
6292,30,98583,50.6,1,6,6,1,Male,Suburban,Sedan,Yes,Yes,Low,No
6293,66,87712,21.4,2,4,7,4,Male,Suburban,Hatchback,Yes,Yes,Low,No
6294,59,152046,5,2,3,16,2,Male,Urban,Sedan,No,No,Low,No
6295,55,85815,29.7,2,14,5,2,Male,Urban,SUV,No,Yes,Low,No
6296,31,136025,40.2,2,7,4,3,Female,Suburban,SUV,Yes,Yes,Low,No
6297,56,64666,38.7,1,1,2,5,Female,Rural,SUV,Yes,No,Low,No
6298,47,133736,28.4,1,0,0,5,Male,Rural,Sedan,Yes,Yes,Low,Yes
6299,27,147931,5,4,0,1,5,Male,Rural,Sedan,Yes,Yes,Low,Yes
6300,34,62378,5,3,3,16,3,Female,Urban,SUV,No,Yes,Low,No
6301,49,109508,22.6,1,11,4,5,Male,Urban,Sedan,Yes,Yes,Low,Yes
6302,68,66474,48.4,2,5,1,4,Male,Suburban,Sedan,Yes,Yes,Low,No
6303,43,102542,46.7,1,5,5,2,Female,Suburban,Sedan,Yes,No,Low,No
6304,58,119054,46.1,1,7,10,1,Male,Urban,SUV,Yes,Yes,Low,No
6305,46,30000,42.2,2,10,17,4,Male,Urban,Sedan,No,No,Low,No
6306,61,154485,5,2,4,7,4,Female,Suburban,SUV,Yes,Yes,Low,Yes
6307,31,99440,16.7,2,2,7,3,Male,Suburban,SUV,Yes,No,Low,No
6308,65,57585,12.9,1,7,5,4,Female,Suburban,Sedan,Yes,Yes,Low,Yes
6309,40,80968,5,1,13,6,2,Other,Urban,Sedan,No,Yes,Low,No
6310,35,87836,58.6,2,9,5,1,Male,Urban,Sedan,No,No,Medium,No
6311,46,98796,27.3,3,0,9,4,Male,Suburban,SUV,Yes,Yes,Low,Yes
6312,63,43761,5,2,0,2,2,Male,Rural,Sedan,Yes,No,Low,No
6313,26,87953,59.3,2,6,3,2,Male,Urban,SUV,No,No,Medium,No
6314,45,72768,54.4,2,6,19,4,Female,Urban,Sedan,No,No,Low,No
6315,29,94574,7,2,10,13,3,Female,Urban,Truck,No,Yes,Low,No
6316,43,87624,48.2,2,9,9,3,Female,Urban,Hatchback,No,No,Low,No
6317,33,131789,30.4,1,6,17,5,Male,Urban,Truck,No,Yes,Low,Yes
6318,26,74585,39.7,3,0,9,5,Male,Suburban,Sedan,Yes,Yes,Low,Yes
6319,64,95813,45.1,1,5,3,4,Female,Suburban,Hatchback,Yes,No,Low,No
6320,32,153682,17.6,2,10,8,2,Female,Urban,Sedan,Yes,Yes,Low,No
6321,62,74472,52.9,1,2,3,3,Male,Suburban,SUV,Yes,Yes,Low,No
6322,29,113931,56.5,3,7,1,2,Male,Suburban,SUV,No,Yes,Medium,No
6323,69,95539,53.7,3,14,17,4,Male,Urban,Truck,Yes,Yes,Low,Yes
6324,55,122318,5,1,2,10,5,Female,Urban,Sedan,Yes,Yes,Low,Yes
6325,66,99114,5,1,1,3,1,Male,Rural,Hatchback,Yes,Yes,Low,No
6326,63,63791,33.1,1,6,5,2,Female,Suburban,Sedan,Yes,Yes,Low,No
6327,47,71834,31.4,1,0,3,1,Female,Rural,SUV,Yes,Yes,Low,No
6328,56,95872,42.5,4,3,5,4,Female,Suburban,Sedan,Yes,Yes,Low,Yes
6329,49,30000,53.8,1,7,5,5,Female,Urban,SUV,No,Yes,Medium,No
6330,56,80740,55.1,2,7,7,3,Female,Suburban,Sedan,Yes,Yes,Low,No
6331,62,121802,23.9,2,5,3,1,Female,Suburban,Sedan,Yes,No,Low,No
6332,63,80731,5,2,2,7,2,Female,Suburban,SUV,Yes,No,Low,No
6333,42,88861,32.5,2,3,9,4,Male,Suburban,Sedan,Yes,Yes,Low,No
6334,54,80787,33.5,1,6,4,3,Male,Suburban,Hatchback,Yes,No,Low,No
6335,47,120573,57.2,2,0,2,5,Female,Rural,Sedan,Yes,No,Low,No
6336,36,84510,5,1,2,19,1,Female,Urban,Sedan,No,No,Low,No
6337,39,30000,34,2,11,14,2,Male,Urban,Sedan,No,Yes,Low,No
6338,69,62989,31,2,5,6,3,Female,Suburban,Sedan,Yes,No,Low,No
6339,37,58811,5,3,4,17,1,Female,Urban,Sedan,Yes,No,Low,No
6340,56,93962,5,1,14,8,4,Male,Urban,Sedan,Yes,Yes,Low,No
6341,31,101877,57.1,2,3,7,1,Male,Urban,Sedan,No,No,Medium,No
6342,28,121954,52,3,7,10,5,Male,Urban,SUV,No,Yes,Medium,No
6343,31,74091,54,2,1,6,5,Male,Suburban,Truck,Yes,Yes,Low,Yes
6344,52,48657,5,1,2,3,5,Male,Suburban,Hatchback,Yes,No,Low,No
6345,48,95938,50.7,1,6,5,1,Male,Suburban,Sedan,Yes,No,Low,No
6346,30,87906,43.8,1,9,9,1,Female,Urban,SUV,No,Yes,Medium,No
6347,61,30000,52.9,4,10,5,2,Male,Urban,Truck,No,No,Medium,No
6348,65,111282,40.1,2,3,3,5,Male,Urban,Sedan,No,Yes,Low,Yes
6349,52,124958,39.6,1,6,8,4,Female,Suburban,Sedan,Yes,No,Low,No
6350,40,134501,47.7,3,2,1,5,Female,Rural,Sedan,Yes,No,Low,No
6351,50,30000,55.1,2,2,2,1,Female,Suburban,Truck,Yes,No,Low,No
6352,43,88097,18.3,1,0,2,1,Female,Rural,Truck,Yes,Yes,Low,No
6353,45,94445,24.2,1,6,8,3,Female,Suburban,SUV,Yes,No,Low,No
6354,62,153085,55.6,4,1,0,5,Female,Rural,SUV,Yes,Yes,Low,Yes
6355,37,123312,32,1,11,6,1,Female,Urban,Sedan,No,No,Low,No
6356,39,90957,22.7,1,9,9,1,Male,Urban,Hatchback,Yes,No,Low,No
6357,39,116062,34.5,3,1,4,3,Female,Suburban,Sedan,Yes,No,Low,No
6358,67,85800,5,2,6,2,2,Female,Suburban,Sedan,Yes,Yes,Low,No
6359,29,96749,37.1,3,7,1,1,Female,Suburban,SUV,Yes,Yes,Low,No
6360,62,83766,21.3,1,6,9,4,Male,Suburban,Sedan,Yes,No,Low,No
6361,60,87561,5,1,2,2,5,Male,Rural,Sedan,Yes,Yes,Low,Yes
6362,62,94468,21.3,1,14,19,1,Male,Urban,Truck,Yes,No,Low,No
6363,46,81954,5,3,11,5,5,Female,Urban,SUV,No,Yes,Low,Yes
6364,36,121962,38.7,2,3,4,1,Female,Urban,Hatchback,No,Yes,Medium,No
6365,29,88307,52.5,2,12,3,5,Male,Urban,SUV,No,Yes,Low,Yes
6366,49,86042,5,3,6,4,2,Male,Suburban,SUV,Yes,No,Low,No
6367,61,93021,5,2,4,12,3,Female,Urban,Sedan,No,Yes,Low,No
6368,25,86800,24.8,2,1,2,3,Male,Rural,Sedan,Yes,Yes,Low,No
6369,41,106769,28,2,10,7,5,Female,Urban,Sedan,No,No,Low,No
6370,26,161662,5,3,5,1,3,Male,Suburban,Sedan,Yes,No,Low,No
6371,47,108248,5,2,11,6,4,Female,Urban,Sedan,No,No,Low,No
6372,30,86091,32.2,1,10,5,4,Male,Urban,SUV,No,No,Low,No
6373,65,130693,36.5,1,2,2,1,Male,Rural,Sedan,Yes,No,Low,No
6374,40,81483,46.3,2,7,3,3,Male,Suburban,SUV,Yes,No,Low,No
6375,32,76650,28.4,3,9,16,4,Male,Urban,Hatchback,No,Yes,Low,No
6376,62,90838,60.5,1,4,9,5,Male,Suburban,Sedan,Yes,No,Low,No
6377,43,55767,5,1,1,9,2,Female,Suburban,Sedan,Yes,No,Low,No
6378,56,91283,5,1,11,10,1,Male,Urban,SUV,Yes,Yes,Low,No
6379,36,113784,51.8,3,4,6,2,Male,Suburban,SUV,Yes,No,Low,No
6380,68,113073,5,2,5,5,4,Female,Urban,SUV,Yes,Yes,Low,Yes
6381,41,92864,41.9,1,6,4,4,Female,Suburban,Sedan,No,Yes,Medium,No
6382,58,80199,5,3,2,2,4,Male,Suburban,SUV,No,No,Low,No
6383,45,95872,5,2,2,16,3,Female,Urban,Sedan,Yes,Yes,Low,No
6384,68,139945,45.4,2,3,9,5,Male,Suburban,SUV,Yes,No,Low,No
6385,48,118421,5,1,4,11,4,Male,Urban,SUV,Yes,Yes,Low,Yes
6386,67,93699,41.9,1,14,18,2,Female,Urban,Truck,No,Yes,Low,No
6387,26,30000,24.2,1,0,4,2,Female,Suburban,SUV,Yes,No,Low,No
6388,28,73678,64.8,1,0,3,1,Female,Rural,Sedan,Yes,Yes,Low,No
6389,42,113343,25.7,2,7,15,3,Male,Urban,Sedan,Yes,Yes,Low,Yes
6390,61,89240,61.9,1,2,4,4,Male,Suburban,SUV,Yes,No,Low,No
6391,68,114747,35,2,2,1,1,Female,Rural,SUV,Yes,Yes,Low,No
6392,48,61250,62.8,1,10,3,2,Male,Urban,Hatchback,No,No,Medium,No
6393,42,82917,44,2,3,14,1,Female,Urban,Sedan,Yes,Yes,Low,No
6394,31,59393,5,3,7,11,3,Female,Urban,SUV,Yes,Yes,Low,No
6395,36,79830,34.2,1,6,8,2,Male,Urban,Sedan,No,No,Medium,No
6396,39,78606,43,2,1,2,3,Male,Rural,Sedan,No,Yes,Low,Yes
6397,27,72441,33.1,2,14,7,2,Male,Urban,Sedan,No,No,Low,No
6398,28,73569,26.1,3,0,3,5,Female,Rural,Hatchback,Yes,Yes,Low,No
6399,47,30000,21.8,3,4,7,4,Female,Urban,Sedan,No,No,Low,No
6400,39,67817,21.3,1,13,16,5,Male,Urban,Sedan,Yes,Yes,Low,Yes
6401,49,58877,55.1,1,5,6,4,Female,Suburban,Sedan,Yes,Yes,Low,No
6402,27,83017,66.6,2,4,3,3,Female,Suburban,SUV,No,No,Medium,No
6403,37,79144,5,2,3,9,3,Male,Suburban,Sedan,Yes,Yes,Low,No
6404,62,140983,5,1,14,15,5,Female,Urban,Sedan,Yes,Yes,Low,Yes
6405,57,116889,48.1,1,6,6,5,Male,Suburban,SUV,Yes,Yes,Low,No
6406,35,81483,37,1,8,16,3,Male,Urban,SUV,No,No,Low,No
6407,32,92331,51.2,2,10,9,1,Male,Urban,SUV,No,No,Low,No
6408,49,73963,5,2,2,17,1,Male,Urban,SUV,No,No,Low,No
6409,42,66471,56.6,1,0,3,3,Female,Rural,SUV,Yes,No,Low,No
6410,61,67598,5,1,3,19,3,Male,Urban,Sedan,Yes,No,Low,No
6411,64,95899,5,2,0,0,5,Female,Rural,Sedan,Yes,No,Low,No
6412,48,104988,47.1,1,0,7,2,Male,Suburban,Sedan,Yes,Yes,Low,No
6413,68,106795,54.4,2,4,13,2,Male,Urban,SUV,Yes,No,Low,No
6414,53,86448,28.3,1,2,2,2,Female,Rural,SUV,Yes,No,Low,No
6415,54,93353,38.5,1,3,12,4,Male,Urban,Sedan,Yes,No,Low,No
6416,30,95593,44.1,2,14,13,4,Male,Urban,SUV,No,No,Low,No
6417,32,72760,38.5,1,2,6,4,Male,Suburban,SUV,Yes,Yes,Low,No
6418,62,30000,38.2,2,4,14,5,Male,Urban,Hatchback,Yes,Yes,Low,Yes
6419,33,95207,5,2,3,9,3,Male,Suburban,SUV,Yes,No,Low,No
6420,65,78529,52,1,5,5,1,Female,Suburban,SUV,Yes,No,Low,No
6421,49,53972,19.9,2,1,6,2,Male,Suburban,Sedan,Yes,No,Low,No
6422,47,91775,5,1,14,17,4,Female,Urban,Sedan,No,Yes,Low,No
6423,49,97524,36.1,2,11,12,5,Male,Urban,Truck,No,Yes,Medium,Yes
6424,27,97511,30,1,0,3,1,Male,Suburban,Truck,Yes,Yes,Low,No
6425,27,117876,66,2,6,14,2,Male,Urban,SUV,Yes,Yes,Low,No
6426,67,68675,52.5,1,2,1,3,Female,Rural,Truck,Yes,Yes,Low,No
6427,56,68466,36.8,1,6,5,3,Male,Suburban,Sedan,Yes,No,Low,No
6428,43,77963,46.4,2,7,7,1,Female,Suburban,Sedan,Yes,No,Low,No
6429,44,107730,19.4,2,6,4,3,Male,Suburban,SUV,Yes,No,Low,No
6430,65,111282,62,2,14,14,4,Male,Urban,Sedan,No,Yes,Low,No
6431,30,137930,43.9,1,2,1,5,Male,Suburban,Truck,Yes,Yes,Low,Yes
6432,67,140630,41.2,2,7,17,3,Male,Urban,Sedan,No,No,Low,No
6433,28,97623,50.7,2,14,18,4,Male,Urban,Sedan,Yes,Yes,Low,No
6434,31,131879,54,2,8,19,4,Male,Urban,Sedan,Yes,No,Low,No
6435,36,69432,56,2,5,1,1,Female,Suburban,Sedan,Yes,No,Low,No
6436,40,58547,49.4,1,0,1,5,Male,Rural,SUV,Yes,No,Low,No
6437,33,30000,23,2,5,2,5,Male,Suburban,Sedan,Yes,Yes,Low,No
6438,60,91560,5,3,6,18,1,Male,Urban,SUV,No,Yes,Low,No
6439,47,67380,41.9,2,7,5,2,Female,Urban,Truck,No,No,Medium,No
6440,29,49191,48.7,2,3,6,4,Male,Suburban,Hatchback,Yes,No,Low,No
6441,41,101814,30.4,1,6,8,5,Female,Urban,Sedan,No,Yes,Low,No
6442,61,114491,47.7,1,14,16,3,Female,Urban,SUV,Yes,No,Low,No
6443,38,61825,23.6,2,7,7,5,Female,Urban,Hatchback,No,No,Medium,No
6444,34,121954,36.3,3,2,13,1,Male,Urban,Sedan,Yes,Yes,Low,No
6445,66,30000,5,1,1,6,2,Male,Suburban,Sedan,No,Yes,Medium,No
6446,34,121669,45.8,2,5,7,5,Male,Suburban,Sedan,Yes,Yes,Low,Yes
6447,49,93562,12.6,3,14,11,5,Male,Urban,Hatchback,No,Yes,Low,Yes
6448,52,98583,45.7,3,5,10,1,Female,Urban,SUV,No,Yes,Medium,No
6449,61,107936,5,3,6,5,4,Male,Suburban,Sedan,Yes,No,Low,Yes
6450,40,139937,24.6,2,7,3,1,Male,Suburban,Sedan,No,Yes,High,No
6451,52,123852,39,3,3,3,5,Female,Suburban,Sedan,Yes,Yes,Low,Yes
6452,60,94686,54,1,0,2,4,Male,Suburban,Sedan,Yes,No,Low,No
6453,54,61726,65.1,2,9,3,5,Male,Urban,SUV,No,No,Medium,No
6454,40,94878,60.9,2,4,9,2,Female,Urban,SUV,No,Yes,Medium,No
6455,53,107761,5,1,0,9,2,Female,Suburban,SUV,Yes,No,Low,No
6456,37,87712,31.1,2,1,3,2,Male,Rural,SUV,Yes,Yes,Low,No
6457,65,82882,32,2,2,2,1,Female,Rural,Sedan,Yes,No,Low,No
6458,66,78911,51.7,2,4,4,1,Female,Suburban,SUV,No,No,Medium,No
6459,64,102281,32,2,5,5,5,Male,Urban,Sedan,No,No,Medium,No
6460,31,102311,57.4,2,9,7,2,Male,Urban,Sedan,No,Yes,Medium,No
6461,57,30000,50.2,1,2,2,3,Male,Rural,SUV,Yes,No,Low,No
6462,55,96481,33,2,9,14,3,Female,Urban,SUV,No,Yes,Medium,No
6463,69,87998,5,2,2,2,2,Male,Rural,Sedan,No,No,Medium,No
6464,52,61183,45.1,1,12,14,2,Male,Urban,SUV,Yes,No,Low,No
6465,46,30000,5,3,5,8,1,Female,Urban,Sedan,Yes,No,Low,No
6466,64,73361,76.1,2,8,18,4,Female,Urban,Sedan,No,Yes,Medium,No
6467,40,96767,51.6,1,6,3,1,Female,Suburban,Sedan,Yes,No,Low,No
6468,33,54729,5,1,2,1,3,Male,Rural,Sedan,Yes,Yes,Low,No
6469,45,88603,56.9,3,0,0,3,Female,Rural,Hatchback,Yes,No,Low,No
6470,45,78957,29.3,2,0,8,4,Male,Suburban,Sedan,Yes,No,Low,No
6471,60,109294,5,1,12,9,2,Male,Urban,SUV,No,Yes,Low,No
6472,52,130680,23.8,2,6,3,4,Male,Suburban,Sedan,Yes,No,Low,No
6473,50,90912,38,2,6,9,5,Male,Urban,Sedan,Yes,Yes,Low,No
6474,39,102310,70.9,2,0,3,5,Male,Rural,Sedan,Yes,Yes,Low,Yes
6475,58,110587,31.8,3,0,3,4,Male,Rural,Hatchback,Yes,Yes,Low,Yes
6476,26,86664,5,2,1,3,3,Male,Rural,Sedan,Yes,Yes,Low,No
6477,57,89340,31.7,1,0,3,1,Male,Rural,Hatchback,Yes,No,Low,No
6478,44,132225,32.3,1,11,4,1,Female,Urban,Sedan,Yes,Yes,Low,No
6479,44,74099,5,2,0,3,3,Female,Rural,Hatchback,Yes,No,Low,No
6480,47,130953,66.2,2,2,1,3,Male,Rural,Sedan,Yes,Yes,Low,No
6481,53,87083,36,2,7,9,2,Female,Suburban,SUV,No,Yes,Low,No
6482,35,60467,41,1,3,4,3,Female,Suburban,SUV,Yes,Yes,Low,No
6483,42,81815,22,1,5,6,1,Male,Suburban,SUV,Yes,No,Low,No
6484,29,86491,32.9,2,2,2,5,Male,Rural,Truck,Yes,Yes,Low,Yes
6485,36,69005,5,2,11,10,4,Male,Urban,Sedan,Yes,No,Low,No
6486,46,133736,5,1,3,4,1,Male,Urban,Sedan,Yes,Yes,Low,No
6487,60,30000,52.4,1,0,9,1,Male,Suburban,SUV,Yes,No,Low,No
6488,59,80968,46.6,3,0,3,4,Male,Rural,Sedan,Yes,Yes,Low,No
6489,61,113072,22,3,1,4,4,Male,Suburban,SUV,Yes,Yes,Low,No
6490,57,72897,26.5,2,10,18,3,Male,Urban,Sedan,Yes,No,Low,No
6491,27,141034,25.6,2,3,11,1,Female,Urban,Sedan,No,Yes,Low,No
6492,48,71095,35.3,2,11,8,1,Male,Urban,Truck,No,Yes,Low,No
6493,67,83682,50.3,2,4,7,3,Male,Urban,SUV,No,Yes,Medium,No
6494,57,30000,51.8,2,3,9,1,Male,Suburban,Sedan,Yes,Yes,Low,No
6495,49,30000,39,2,8,13,1,Female,Urban,Sedan,No,No,Medium,No
6496,50,67598,5,2,1,0,2,Female,Rural,Sedan,Yes,No,Low,No
6497,62,73361,41.4,1,5,11,3,Male,Urban,Truck,No,No,Low,No
6498,53,82437,35.6,1,14,13,1,Other,Urban,SUV,Yes,Yes,Low,No
6499,37,86939,28.4,1,7,3,4,Male,Suburban,SUV,Yes,Yes,Low,Yes
6500,49,95585,5,2,3,11,2,Female,Urban,Sedan,No,No,Low,No
6501,45,51511,30.2,2,13,16,3,Male,Urban,Sedan,Yes,Yes,Low,No
6502,37,81050,40.6,1,8,18,2,Male,Urban,Sedan,Yes,Yes,Low,No
6503,58,95894,52.9,3,2,17,1,Female,Urban,Hatchback,No,Yes,Low,No
6504,56,30000,48.2,1,5,4,3,Female,Suburban,Sedan,Yes,No,Low,No
6505,46,134585,59.7,2,4,7,1,Male,Urban,SUV,No,No,High,No
6506,30,75874,51.9,1,7,6,4,Female,Suburban,SUV,Yes,No,Low,No
6507,57,83953,11.9,2,3,6,5,Female,Suburban,Sedan,Yes,Yes,Low,No
6508,27,83730,47.4,1,0,0,5,Female,Rural,SUV,Yes,Yes,Low,Yes
6509,42,62351,5,1,14,7,2,Male,Urban,Hatchback,No,No,Low,No
6510,27,118034,24.6,1,12,4,5,Male,Urban,Sedan,Yes,Yes,Low,Yes
6511,50,58922,35.3,1,2,1,1,Male,Rural,SUV,Yes,Yes,Low,No
6512,68,78237,34.7,3,1,2,4,Female,Suburban,SUV,Yes,Yes,Low,No
6513,50,80590,43.4,2,3,6,3,Male,Suburban,Sedan,Yes,Yes,Low,No
6514,49,106769,15.9,3,3,7,4,Male,Urban,SUV,Yes,No,Low,No
6515,67,75541,53.1,2,5,8,3,Female,Suburban,SUV,Yes,Yes,Low,No
6516,64,60467,46.6,1,7,1,1,Male,Suburban,Sedan,Yes,No,Low,No
6517,52,91732,22.7,1,0,7,5,Male,Suburban,Sedan,Yes,No,Low,No
6518,26,63386,40.3,1,3,6,4,Female,Suburban,SUV,Yes,Yes,Low,No
6519,52,96100,16.4,4,6,4,3,Female,Suburban,Sedan,Yes,No,Low,No
6520,45,65757,33.7,2,10,12,1,Female,Urban,Sedan,No,Yes,Low,No
6521,59,30000,53.3,1,11,3,3,Male,Urban,SUV,No,Yes,Medium,No
6522,42,92494,52,2,4,18,1,Male,Urban,SUV,Yes,No,Low,No
6523,46,130734,26.5,2,1,1,3,Male,Rural,SUV,Yes,No,Low,No
6524,43,51330,46.6,2,11,3,1,Female,Urban,Truck,No,No,Low,No
6525,64,121293,41.9,2,9,19,1,Female,Urban,Sedan,Yes,Yes,Low,No
6526,30,107845,53.3,1,0,1,1,Male,Suburban,Truck,Yes,No,Low,No
6527,49,90134,58.2,1,13,12,2,Female,Urban,Sedan,Yes,No,Low,No
6528,44,82870,5,3,1,3,5,Male,Rural,Sedan,Yes,Yes,Low,No
6529,66,80731,54,2,2,1,1,Female,Rural,Sedan,Yes,Yes,Low,No
6530,65,46947,35.4,2,2,8,5,Male,Suburban,SUV,Yes,Yes,Low,No
6531,29,55977,16.8,2,1,3,4,Female,Suburban,SUV,Yes,Yes,Low,No
6532,25,136543,33,3,0,2,4,Male,Rural,Sedan,Yes,Yes,Low,No
6533,31,118089,21,1,2,3,5,Female,Rural,Sedan,Yes,Yes,Low,No
6534,52,104533,24.6,1,2,3,2,Female,Suburban,SUV,Yes,Yes,Low,No
6535,69,96419,5,2,4,9,5,Female,Suburban,Sedan,No,Yes,Low,No
6536,46,44910,48.6,2,1,3,3,Female,Rural,Sedan,Yes,Yes,Low,No
6537,32,134476,59.7,2,7,17,5,Male,Urban,SUV,No,Yes,Low,Yes
6538,35,133854,28.5,2,7,7,4,Male,Suburban,Sedan,Yes,Yes,Low,Yes
6539,62,148948,22.8,2,6,4,3,Female,Suburban,SUV,Yes,Yes,Low,No
6540,55,93486,28.8,1,2,7,2,Female,Suburban,Hatchback,Yes,No,Low,No
6541,51,75541,21.2,2,11,4,2,Male,Urban,Sedan,Yes,Yes,Low,No
6542,51,82903,50.2,1,7,8,4,Female,Urban,Sedan,No,No,Medium,No
6543,38,60770,38.2,1,5,17,2,Female,Urban,SUV,No,Yes,Low,No
6544,56,88754,34.1,2,0,8,3,Female,Suburban,Sedan,Yes,No,Low,No
6545,36,166587,54.4,2,12,16,5,Male,Urban,Sedan,No,Yes,Low,No
6546,30,118904,45.3,2,7,14,5,Male,Urban,SUV,No,Yes,Low,Yes
6547,45,134433,32.5,2,0,2,1,Female,Suburban,SUV,Yes,No,Low,No
6548,38,30000,5,1,2,3,1,Female,Rural,Sedan,Yes,No,Low,No
6549,54,88889,59.8,1,0,1,5,Female,Suburban,Sedan,No,No,Medium,No
6550,63,75480,23.9,2,4,8,1,Female,Urban,Sedan,No,Yes,Low,No
6551,53,90751,38.8,3,3,6,2,Female,Suburban,Truck,Yes,No,Low,No
6552,55,97574,27,2,14,13,3,Male,Urban,Hatchback,Yes,Yes,Low,No
6553,54,88616,60.4,2,5,19,5,Female,Urban,Sedan,No,Yes,Medium,Yes
6554,43,81533,11.8,2,14,9,2,Male,Urban,SUV,No,Yes,Low,No
6555,60,115518,45.7,1,4,2,4,Male,Suburban,SUV,Yes,Yes,Low,No
6556,26,87779,43.5,2,1,1,4,Female,Rural,SUV,Yes,No,Low,No
6557,48,93957,12.4,3,0,4,4,Male,Suburban,Sedan,Yes,Yes,Low,No
6558,41,79923,41.6,1,0,3,4,Male,Rural,Sedan,Yes,No,Low,No
6559,44,112352,49,1,5,5,5,Male,Suburban,Hatchback,Yes,Yes,Low,Yes
6560,45,132969,46.8,1,2,2,1,Female,Rural,Sedan,Yes,No,Low,No
6561,56,52416,41.6,1,4,19,1,Male,Urban,Sedan,No,Yes,Low,No
6562,29,85342,61.1,4,12,19,1,Male,Urban,Hatchback,Yes,No,Low,No
6563,69,43932,56.1,2,0,2,2,Female,Rural,Hatchback,Yes,Yes,Low,No
6564,47,99638,15.9,1,0,3,2,Female,Rural,SUV,Yes,No,Low,No
6565,32,103547,5,1,7,11,3,Male,Urban,Sedan,No,No,Low,No
6566,28,127763,21.8,1,0,0,5,Male,Rural,SUV,Yes,Yes,Low,No
6567,65,80465,31.5,2,4,4,3,Female,Suburban,Truck,Yes,Yes,Low,No
6568,40,81050,5,1,3,10,3,Male,Urban,Sedan,No,Yes,Low,No
6569,35,99102,31.7,2,0,0,2,Male,Rural,SUV,Yes,Yes,Low,No
6570,40,96382,29.7,1,4,3,3,Female,Suburban,Sedan,Yes,No,Low,No
6571,51,83086,13.1,1,7,9,2,Female,Urban,Truck,No,Yes,Low,No
6572,66,67575,46.5,1,3,9,3,Male,Suburban,Hatchback,Yes,Yes,Low,No
6573,60,30000,66.9,1,2,3,1,Female,Rural,SUV,Yes,Yes,Low,No
6574,30,30000,5,2,12,10,5,Male,Urban,Sedan,No,No,Low,No
6575,29,95793,41.1,2,1,1,4,Female,Rural,Sedan,Yes,Yes,Low,Yes
6576,29,102773,55.8,1,0,7,4,Male,Suburban,SUV,Yes,Yes,Low,No
6577,51,81812,35.8,1,13,6,2,Female,Urban,SUV,No,Yes,Low,No
6578,55,74205,48.1,3,3,6,5,Female,Urban,Sedan,Yes,Yes,Low,No
6579,42,67838,20.7,1,9,17,1,Female,Urban,SUV,No,No,Low,No
6580,37,121433,16.4,1,7,6,2,Female,Suburban,SUV,No,Yes,Low,No
6581,67,96437,33,1,3,6,3,Male,Suburban,Hatchback,Yes,No,Low,No
6582,65,82870,60.1,2,4,8,4,Male,Urban,Sedan,Yes,No,Low,No
6583,44,111242,5,3,3,2,4,Male,Suburban,SUV,Yes,Yes,Low,Yes
6584,42,30000,47.6,1,1,3,1,Female,Suburban,Sedan,Yes,No,Low,No
6585,42,106442,38.8,1,4,1,2,Female,Suburban,SUV,Yes,Yes,Low,No
6586,58,83745,44.7,2,12,9,2,Male,Urban,SUV,No,Yes,Low,No
6587,40,116852,41.5,2,4,3,2,Male,Suburban,Sedan,Yes,Yes,Low,No
6588,31,133945,22.3,2,3,8,1,Male,Suburban,Hatchback,Yes,No,Low,No
6589,28,30000,5,1,7,13,5,Male,Urban,SUV,Yes,No,Low,No
6590,58,95896,22.7,1,1,7,4,Male,Suburban,Sedan,Yes,Yes,Low,Yes
6591,32,76959,5,2,7,7,3,Female,Suburban,SUV,Yes,No,Low,No
6592,53,73678,5,4,5,1,1,Female,Suburban,SUV,Yes,Yes,Low,No
6593,52,61541,37.5,2,2,12,1,Male,Urban,Hatchback,No,No,Low,No
6594,66,84440,41.6,2,3,5,2,Female,Urban,Sedan,No,Yes,Medium,No
6595,34,30000,58.7,2,8,4,5,Female,Urban,Sedan,No,Yes,Low,Yes
6596,35,80960,28,3,1,0,2,Male,Rural,SUV,Yes,Yes,Low,No
6597,45,94888,23.5,1,6,2,2,Male,Suburban,Sedan,Yes,Yes,Low,No
6598,47,124835,16.6,1,2,5,5,Male,Suburban,SUV,No,Yes,Medium,No
6599,41,30000,5,2,6,2,4,Male,Suburban,SUV,Yes,Yes,Low,No
6600,63,76945,5,2,7,3,4,Female,Suburban,SUV,No,No,Low,No
6601,50,93562,43.6,1,1,5,2,Male,Suburban,Sedan,No,Yes,Medium,No
6602,41,30000,27.4,2,2,1,5,Male,Rural,Hatchback,Yes,No,Low,No
6603,55,75480,32.1,1,14,15,4,Male,Urban,SUV,No,Yes,Low,Yes
6604,64,30000,26.6,1,2,4,2,Male,Suburban,SUV,Yes,Yes,Low,No
6605,36,69060,5,3,8,19,5,Male,Urban,Sedan,No,Yes,Low,Yes
6606,38,93486,5,1,5,5,1,Male,Urban,Sedan,Yes,Yes,Low,No
6607,39,100703,5,3,5,4,3,Male,Urban,SUV,No,No,Low,No
6608,45,94048,48.2,3,0,1,4,Male,Rural,SUV,Yes,Yes,Low,No
6609,44,79417,41,1,5,6,2,Male,Urban,Sedan,Yes,No,Low,No
6610,56,55962,20.9,1,0,2,3,Female,Rural,Sedan,Yes,Yes,Low,No
6611,41,124432,26.8,2,0,0,4,Male,Rural,Sedan,Yes,No,Low,No
6612,51,73490,5,2,10,7,5,Male,Urban,Sedan,No,No,Low,No
6613,33,30000,5,1,6,2,4,Male,Suburban,Sedan,Yes,Yes,Low,No
6614,54,93963,5,1,10,7,4,Female,Urban,SUV,No,Yes,Low,Yes
6615,58,96710,47.8,1,8,11,2,Female,Urban,Hatchback,No,No,Medium,No
6616,53,134900,21.8,2,3,8,5,Male,Suburban,Sedan,Yes,Yes,Low,Yes
6617,28,72638,55.4,2,0,0,1,Female,Rural,Sedan,Yes,Yes,Low,No
6618,27,87942,5,2,7,11,5,Male,Urban,SUV,No,Yes,Low,Yes
6619,56,85894,5,2,4,16,4,Male,Urban,SUV,Yes,No,Low,No
6620,65,76978,5,2,7,2,2,Male,Suburban,Truck,Yes,No,Low,No
6621,39,114444,44,2,10,5,1,Male,Urban,Sedan,No,Yes,Low,No
6622,54,69726,47.5,2,1,1,4,Male,Rural,Sedan,Yes,Yes,Low,No
6623,64,30000,48.6,2,9,6,2,Male,Urban,Sedan,No,No,Medium,No
6624,52,74450,36.7,2,3,6,5,Male,Urban,Truck,Yes,Yes,Low,No
6625,55,136480,58.4,2,3,11,4,Female,Urban,SUV,Yes,Yes,Low,No
6626,41,73479,36.6,1,1,3,3,Male,Suburban,Sedan,Yes,Yes,Low,No
6627,34,125664,29.7,1,4,8,5,Female,Suburban,SUV,Yes,Yes,Low,No
6628,59,85426,5,1,13,6,5,Female,Urban,Sedan,No,Yes,Low,Yes
6629,59,91824,42.1,3,10,15,4,Male,Urban,Sedan,No,No,Low,No
6630,27,79898,34.9,2,4,5,5,Male,Suburban,Sedan,Yes,No,Low,No
6631,43,30000,5,2,1,4,5,Female,Suburban,Truck,Yes,No,Low,No
6632,31,77420,38.9,2,4,5,2,Male,Suburban,Sedan,Yes,No,Low,No
6633,52,140983,5,2,13,16,2,Female,Urban,Sedan,No,Yes,Low,No
6634,28,143987,5,2,0,9,5,Male,Suburban,Sedan,Yes,Yes,Low,No
6635,49,30000,36.8,1,3,5,3,Male,Suburban,SUV,Yes,Yes,Low,No
6636,42,89564,41.3,1,0,0,3,Female,Rural,Sedan,Yes,Yes,Low,No
6637,55,99619,47.5,1,2,5,3,Male,Suburban,Sedan,Yes,No,Low,No
6638,68,30000,25.5,2,7,9,1,Female,Urban,Sedan,Yes,No,Low,No
6639,32,67817,15.4,2,0,0,1,Male,Rural,Truck,Yes,Yes,Low,No
6640,51,105576,42.3,2,0,3,4,Female,Rural,Sedan,Yes,Yes,Low,Yes
6641,58,61726,5,1,3,2,4,Female,Suburban,Sedan,Yes,No,Low,No
6642,55,87460,38.2,1,1,7,3,Female,Suburban,Sedan,Yes,No,Low,No
6643,30,92813,40.9,2,14,17,5,Male,Urban,Sedan,Yes,Yes,Low,Yes
6644,46,64908,5,2,2,1,5,Male,Suburban,Sedan,Yes,Yes,Low,No
6645,69,67628,20.3,1,1,3,5,Female,Rural,SUV,Yes,Yes,Low,Yes
6646,43,81952,39,1,4,3,3,Female,Suburban,SUV,Yes,Yes,Low,No
6647,67,30000,5,1,14,8,3,Male,Urban,SUV,No,Yes,Low,No
6648,53,122876,31.7,1,2,2,4,Male,Rural,SUV,Yes,Yes,Low,No
6649,61,114964,41.2,2,5,7,4,Male,Suburban,SUV,Yes,Yes,Low,Yes
6650,43,57868,5,1,11,7,4,Female,Urban,Sedan,No,No,Low,No
6651,56,112498,5,2,7,11,2,Male,Urban,Sedan,No,Yes,Low,No
6652,38,58937,5,1,1,2,2,Female,Rural,Hatchback,Yes,No,Low,No
6653,53,30000,5,1,3,9,4,Male,Suburban,SUV,Yes,Yes,Low,No
6654,30,30000,5,1,0,3,2,Male,Suburban,SUV,Yes,Yes,Low,No
6655,50,123797,32.5,1,7,17,2,Male,Urban,Sedan,No,Yes,Low,No
6656,50,93478,5,1,3,7,2,Male,Suburban,SUV,Yes,No,Low,No
6657,48,83066,37.2,1,9,4,5,Female,Urban,Sedan,No,No,Low,No
6658,49,59412,5,1,7,8,1,Male,Suburban,Sedan,Yes,Yes,Low,No
6659,32,30000,45.9,2,7,1,3,Male,Suburban,Hatchback,Yes,No,Low,No
6660,69,61610,46.4,3,4,10,3,Female,Urban,Hatchback,No,Yes,Medium,No
6661,58,69961,55,1,14,13,5,Male,Urban,Sedan,Yes,Yes,Low,Yes
6662,33,97655,46.9,3,2,0,1,Male,Rural,Sedan,Yes,Yes,Low,No
6663,69,87818,21.3,2,2,9,4,Female,Suburban,SUV,Yes,Yes,Low,No
6664,67,104084,5,1,1,1,4,Female,Rural,Sedan,Yes,Yes,Low,Yes
6665,41,30000,23.8,2,11,19,2,Female,Urban,Hatchback,Yes,Yes,Low,No
6666,60,71040,39.7,2,0,9,2,Female,Suburban,Sedan,Yes,No,Low,No
6667,45,87942,29.8,2,6,1,1,Male,Suburban,Sedan,Yes,Yes,Low,No
6668,31,81530,58,1,0,3,2,Male,Rural,SUV,Yes,No,Medium,No
6669,61,90557,42.4,2,2,2,4,Other,Rural,Sedan,Yes,Yes,Low,Yes
6670,34,74597,5,1,7,5,3,Female,Suburban,Sedan,Yes,No,Low,No
6671,27,81844,5,2,6,16,3,Female,Urban,SUV,No,Yes,Low,No
6672,69,69060,61.9,2,11,6,5,Female,Urban,Hatchback,Yes,Yes,Low,Yes
6673,54,85894,51,1,9,19,2,Female,Urban,Sedan,No,Yes,Low,No
6674,42,30000,5,3,7,17,5,Male,Urban,Sedan,No,Yes,Low,No
6675,34,61541,25.6,1,7,4,5,Male,Urban,Sedan,Yes,Yes,Low,No
6676,54,84906,49.7,2,0,4,2,Male,Suburban,SUV,Yes,No,Low,No
6677,36,93085,5,3,2,3,2,Male,Rural,SUV,Yes,No,Low,No
6678,29,87761,5,2,11,18,4,Male,Urban,Sedan,Yes,Yes,Low,Yes
6679,45,73580,5,2,11,17,2,Male,Urban,Sedan,No,Yes,Low,Yes
6680,26,82768,22.6,3,8,11,5,Male,Urban,SUV,Yes,Yes,Low,Yes
6681,53,129958,22.8,2,4,11,2,Male,Urban,SUV,No,Yes,Low,No
6682,61,114739,5,1,3,9,2,Male,Suburban,SUV,Yes,Yes,Low,No
6683,50,115823,31.7,2,2,5,2,Female,Suburban,Hatchback,Yes,No,Low,No
6684,56,99762,5,2,3,5,4,Male,Suburban,Sedan,No,No,Low,No
6685,59,66492,5,2,0,1,2,Female,Rural,Sedan,Yes,No,Low,No
6686,27,54545,43.7,1,6,3,1,Female,Suburban,SUV,No,No,Medium,No
6687,56,74499,5,2,2,0,4,Female,Rural,SUV,Yes,Yes,Low,Yes
6688,62,82394,58.5,1,4,7,2,Male,Suburban,Hatchback,Yes,Yes,Low,No
6689,31,94032,39.2,1,5,6,1,Male,Suburban,Sedan,No,Yes,Medium,No
6690,50,113631,51.9,2,1,0,5,Male,Rural,Sedan,Yes,Yes,Low,Yes
6691,52,87338,31.5,2,7,2,1,Other,Suburban,Sedan,No,Yes,Medium,No
6692,33,92864,36.8,2,1,2,4,Female,Rural,SUV,Yes,Yes,Medium,No
6693,46,99622,12.1,2,5,14,5,Female,Urban,Hatchback,No,Yes,Low,Yes
6694,36,121433,36.3,2,7,4,3,Male,Suburban,SUV,Yes,Yes,Low,No
6695,54,71650,38.5,1,13,14,5,Male,Urban,SUV,No,Yes,Low,No
6696,42,92797,37.7,1,10,19,1,Male,Urban,Sedan,No,No,Low,No
6697,37,103601,5,3,5,8,3,Male,Suburban,Sedan,Yes,No,Low,No
6698,54,77959,55.4,2,3,6,3,Male,Suburban,SUV,Yes,Yes,Low,No
6699,36,84774,54.8,2,2,1,2,Female,Suburban,Sedan,Yes,Yes,Low,No
6700,39,67817,59.2,2,3,8,5,Male,Suburban,Sedan,No,No,Low,No
6701,56,80526,31.6,1,2,7,2,Male,Suburban,Sedan,Yes,Yes,Low,No
6702,36,105534,16.6,2,3,5,5,Male,Suburban,Truck,Yes,Yes,Low,Yes
6703,64,81289,48.2,1,0,6,3,Male,Suburban,Sedan,Yes,No,Low,No
6704,57,143922,5,2,10,8,2,Female,Urban,SUV,Yes,No,Low,No
6705,46,73377,44.4,1,12,18,5,Male,Urban,Sedan,No,Yes,Low,Yes
6706,58,95524,46.6,2,1,3,2,Male,Rural,Hatchback,Yes,No,Low,No
6707,29,67954,46.2,2,7,4,2,Male,Suburban,SUV,Yes,Yes,Low,No
6708,35,87468,35.3,1,11,5,2,Male,Urban,Hatchback,No,Yes,Low,No
6709,41,121433,46.9,4,5,3,4,Male,Suburban,Hatchback,Yes,Yes,Low,Yes
6710,38,104021,51.8,2,2,2,4,Male,Rural,Hatchback,Yes,Yes,Low,No
6711,59,30000,44,1,5,3,3,Female,Suburban,Sedan,Yes,No,Low,No
6712,39,91560,5,1,4,8,1,Male,Suburban,SUV,Yes,Yes,Low,No
6713,48,93066,35.1,2,2,2,3,Female,Rural,Sedan,Yes,Yes,Low,No
6714,57,30000,15.4,1,5,2,2,Male,Suburban,SUV,Yes,No,Low,No
6715,39,30000,34.1,2,6,10,5,Female,Urban,Sedan,No,Yes,Low,No
6716,54,30000,44,1,2,2,3,Male,Rural,Sedan,Yes,No,Low,No
6717,60,30000,39.4,2,2,7,3,Male,Suburban,SUV,Yes,No,Low,No
6718,54,30000,23.5,1,5,2,2,Male,Suburban,SUV,No,No,Medium,No
6719,34,73577,50.6,1,1,3,1,Female,Rural,Sedan,Yes,No,Low,No
6720,27,124823,54.5,2,3,4,4,Male,Suburban,Sedan,Yes,Yes,Low,Yes
6721,66,61828,42.2,3,7,6,5,Female,Suburban,SUV,Yes,Yes,Low,Yes
6722,32,107561,5,1,0,3,1,Female,Rural,SUV,Yes,No,Low,No
6723,68,51906,67.6,2,3,9,4,Female,Urban,Sedan,No,No,Medium,No
6724,69,84562,5,3,2,2,5,Male,Suburban,SUV,Yes,Yes,Low,Yes
6725,58,62266,42.1,2,7,4,5,Male,Suburban,Sedan,Yes,No,Low,No
6726,56,107839,24.2,1,2,12,3,Male,Urban,SUV,Yes,Yes,Low,Yes
6727,28,124928,47.2,2,7,17,5,Male,Urban,Sedan,Yes,Yes,Low,Yes
6728,52,115796,5,2,11,11,5,Male,Urban,SUV,Yes,Yes,Low,Yes
6729,49,136057,16.3,2,10,16,3,Female,Urban,Sedan,No,No,Low,No
6730,45,114870,30.6,2,8,11,5,Male,Urban,Sedan,Yes,Yes,Low,Yes
6731,56,97982,5,1,4,9,2,Male,Suburban,Sedan,No,No,Low,No
6732,36,82768,5,2,3,11,5,Male,Urban,Sedan,No,Yes,Low,Yes
6733,28,93904,45.9,2,5,5,4,Male,Urban,Truck,Yes,No,Low,No
6734,51,103799,23,1,0,6,5,Male,Suburban,SUV,Yes,No,Low,No
6735,59,151713,38.7,1,13,7,1,Female,Urban,Hatchback,Yes,No,Low,No
6736,28,58855,50.5,1,4,5,5,Male,Suburban,Sedan,Yes,No,Low,No
6737,62,88637,32.3,1,7,8,1,Female,Suburban,Sedan,No,Yes,Medium,No
6738,35,30000,46.9,1,6,1,2,Male,Suburban,Sedan,Yes,Yes,Low,No
6739,25,78677,38.7,2,3,7,4,Male,Urban,SUV,No,Yes,Low,Yes
6740,52,90425,44.7,1,0,3,1,Female,Rural,Truck,Yes,No,Low,No
6741,43,156697,54.7,2,6,6,1,Male,Suburban,SUV,Yes,No,Low,No
6742,35,85586,24.5,2,1,2,3,Female,Rural,SUV,Yes,Yes,Low,No
6743,31,67890,22.7,2,11,8,1,Male,Urban,SUV,Yes,Yes,Low,No
6744,56,30000,5,2,5,7,2,Male,Suburban,Sedan,Yes,No,Low,No
6745,55,102743,49.6,1,2,9,5,Male,Urban,Sedan,No,Yes,Medium,No
6746,69,64530,38.7,2,3,8,3,Male,Urban,Sedan,No,Yes,Medium,No
6747,50,126691,56.9,1,5,4,4,Male,Suburban,Sedan,Yes,Yes,Low,No
6748,41,75626,5,1,0,6,4,Male,Suburban,Sedan,Yes,No,Low,No
6749,53,59962,22.3,2,4,17,3,Male,Urban,SUV,No,No,Low,No
6750,38,82665,36.5,2,6,5,4,Female,Suburban,Hatchback,Yes,Yes,Low,No
6751,67,123035,5,2,1,2,2,Female,Rural,SUV,Yes,Yes,Low,No
6752,30,60770,45.6,1,6,5,1,Female,Urban,SUV,Yes,Yes,Low,No
6753,60,80199,33.5,1,2,2,1,Male,Rural,SUV,Yes,No,Low,No
6754,38,107464,35.8,3,0,0,5,Female,Rural,Hatchback,Yes,Yes,Low,Yes
6755,26,87555,5,1,2,8,2,Female,Suburban,Sedan,Yes,Yes,Low,No
6756,45,30000,59.6,2,2,9,1,Male,Suburban,Sedan,Yes,Yes,Low,No
6757,31,79401,46.2,3,2,5,4,Female,Suburban,SUV,Yes,No,Low,No
6758,30,83557,49.4,1,6,5,1,Male,Urban,Sedan,No,Yes,Low,No
6759,48,89948,12.1,2,2,2,1,Male,Rural,Sedan,Yes,Yes,Low,No
6760,46,44906,5,3,13,4,3,Male,Urban,SUV,No,Yes,Low,No
6761,29,95845,5,2,7,11,1,Male,Urban,Hatchback,No,No,Low,No
6762,62,137570,15.7,1,3,7,3,Female,Urban,Sedan,No,No,Low,No
6763,30,114372,5,3,2,2,4,Female,Suburban,SUV,Yes,Yes,Low,Yes
6764,47,79362,49,1,3,9,4,Female,Suburban,SUV,Yes,No,Low,No
6765,44,77271,5,1,2,5,3,Male,Urban,Hatchback,No,Yes,Low,No
6766,50,72483,67.4,1,1,1,3,Male,Rural,Sedan,Yes,No,Low,No
6767,27,81348,5,2,14,14,1,Male,Urban,SUV,Yes,Yes,Low,No
6768,64,56777,21.3,1,1,1,1,Male,Rural,Sedan,Yes,Yes,Low,No
6769,28,94445,27,1,0,2,4,Male,Rural,SUV,Yes,Yes,Low,No
6770,50,74528,48.7,2,7,5,2,Female,Suburban,Sedan,Yes,Yes,Low,No
6771,58,54721,5,3,2,1,3,Male,Suburban,Sedan,Yes,No,Low,No
6772,45,59053,21.2,2,3,3,4,Male,Suburban,Sedan,Yes,Yes,Low,No
6773,44,120533,31.6,2,2,18,2,Male,Urban,Sedan,Yes,Yes,Low,No
6774,47,30000,49.4,2,3,9,1,Female,Suburban,SUV,No,Yes,Medium,No
6775,39,71487,46.7,2,9,15,5,Male,Urban,Sedan,No,Yes,Low,Yes
6776,46,84726,34.8,2,10,4,4,Male,Urban,Sedan,No,No,Low,No
6777,54,74923,58.3,2,5,4,3,Male,Suburban,SUV,Yes,No,Low,No
6778,61,78656,48.4,2,2,3,4,Female,Suburban,Sedan,Yes,Yes,Low,Yes
6779,41,91766,5,1,6,3,1,Male,Suburban,SUV,Yes,Yes,Low,No
6780,59,113978,32.7,1,11,16,2,Female,Urban,SUV,Yes,Yes,Low,No
6781,32,143025,12.5,2,2,1,2,Female,Suburban,Sedan,Yes,Yes,Low,No
6782,45,78506,20,2,12,7,1,Female,Urban,SUV,Yes,Yes,Low,No
6783,63,81771,41.2,1,0,0,1,Female,Rural,Hatchback,Yes,No,Low,No
6784,55,101047,5,2,8,7,4,Male,Urban,SUV,No,No,Low,No
6785,35,46824,38.9,1,2,8,2,Male,Suburban,SUV,No,No,Medium,No
6786,64,86844,5,2,1,0,5,Male,Rural,Sedan,Yes,Yes,Low,Yes
6787,29,40588,5,1,9,6,1,Female,Urban,Hatchback,No,No,Low,No
6788,50,80942,31.4,1,0,4,5,Female,Suburban,Hatchback,No,Yes,Medium,No
6789,65,77515,23.1,1,5,1,2,Female,Suburban,Hatchback,Yes,No,Low,No
6790,33,115447,53.1,4,6,1,5,Male,Suburban,Sedan,Yes,Yes,Low,Yes
6791,31,88069,5,1,9,3,5,Male,Urban,Truck,No,Yes,Low,Yes
6792,64,75450,52.5,1,2,3,1,Male,Rural,SUV,Yes,Yes,Low,No
6793,43,68466,5,2,14,8,2,Female,Urban,Sedan,Yes,Yes,Low,No
6794,42,94976,26.6,2,5,5,4,Male,Urban,Sedan,Yes,No,Low,No
6795,56,115757,41,1,4,4,1,Male,Urban,SUV,Yes,Yes,Low,No
6796,38,71020,38.1,1,11,3,4,Female,Urban,Sedan,Yes,Yes,Low,Yes
6797,52,65800,5,1,5,14,3,Female,Urban,Sedan,No,Yes,Low,No
6798,54,115096,61.6,1,5,18,5,Male,Urban,Hatchback,Yes,Yes,Low,Yes
6799,61,71040,31.5,2,7,6,2,Male,Suburban,SUV,Yes,Yes,Low,No
6800,46,52324,42.9,2,3,8,1,Female,Suburban,Truck,Yes,Yes,Low,No
6801,66,89514,52.4,2,11,15,1,Male,Urban,SUV,No,Yes,Low,No
6802,34,82903,51.4,2,2,1,1,Male,Rural,Hatchback,Yes,No,Low,No
6803,68,89605,50.3,1,2,2,3,Male,Rural,SUV,Yes,Yes,Low,No
6804,52,30000,60.4,2,5,7,3,Female,Suburban,Sedan,No,No,Medium,No
6805,55,122966,46.6,1,6,3,3,Male,Suburban,Sedan,Yes,No,Low,No
6806,59,54917,44.5,1,2,17,3,Male,Urban,SUV,No,Yes,Medium,No
6807,27,96877,49.3,2,4,6,2,Female,Urban,Sedan,Yes,No,Low,No
6808,66,95969,5,2,5,9,3,Male,Urban,SUV,Yes,Yes,Low,No
6809,42,91619,41.2,3,2,3,4,Male,Suburban,SUV,No,Yes,Medium,No
6810,49,73420,51.9,1,0,0,3,Male,Rural,Sedan,Yes,No,Low,No
6811,60,121777,5,1,12,16,3,Female,Urban,SUV,Yes,Yes,Low,Yes
6812,59,95950,5,1,6,6,4,Female,Urban,Sedan,Yes,No,Low,No
6813,54,68243,42.4,2,1,9,4,Male,Suburban,SUV,Yes,No,Low,No
6814,53,51375,5,2,5,14,1,Male,Urban,Truck,No,Yes,Low,No
6815,57,86800,49,2,9,9,4,Female,Urban,Sedan,Yes,Yes,Low,No
6816,67,83314,33.7,1,4,8,3,Male,Suburban,Sedan,No,Yes,Medium,Yes
6817,49,94487,27.8,1,1,4,5,Male,Suburban,Sedan,Yes,Yes,Low,Yes
6818,35,52740,20,2,6,5,5,Female,Suburban,Sedan,Yes,Yes,Low,Yes
6819,49,102762,48.3,1,12,16,1,Male,Urban,Sedan,No,Yes,Low,No
6820,67,92897,37.3,2,2,17,2,Male,Urban,Sedan,No,Yes,Low,No
6821,28,100929,5,1,2,1,3,Male,Suburban,Truck,Yes,Yes,Low,Yes
6822,28,63694,52.6,2,7,4,1,Female,Urban,SUV,Yes,Yes,Low,No
6823,48,86077,32.5,2,0,0,2,Male,Rural,SUV,Yes,Yes,Low,No
6824,60,44902,42.1,1,9,17,3,Male,Urban,Truck,No,No,Low,No
6825,32,110918,29.3,1,7,3,5,Female,Urban,Sedan,No,Yes,Low,Yes
6826,48,83859,52.5,3,5,18,1,Male,Urban,SUV,No,Yes,Low,No
6827,35,114943,24.9,2,10,18,2,Male,Urban,SUV,No,Yes,Low,No
6828,59,55717,19.9,2,7,1,1,Male,Suburban,Sedan,Yes,No,Low,No
6829,35,106094,46.8,1,12,10,2,Male,Urban,SUV,Yes,No,Low,No
6830,41,60741,5,1,8,17,3,Female,Urban,Hatchback,No,Yes,Low,No
6831,34,84190,23.4,2,14,17,4,Male,Urban,SUV,No,Yes,Low,No
6832,54,62342,34,2,7,16,5,Male,Urban,Sedan,No,No,Low,No
6833,43,119478,48.9,2,7,12,2,Female,Urban,Truck,No,Yes,Low,No
6834,32,73479,53.3,1,0,1,4,Male,Rural,Sedan,Yes,Yes,Low,Yes
6835,59,84701,5,3,4,5,5,Female,Suburban,SUV,Yes,Yes,Low,No
6836,51,56882,24.6,2,0,1,2,Female,Rural,Sedan,Yes,No,Low,No
6837,56,87903,67.3,1,6,1,3,Male,Suburban,Sedan,Yes,No,Low,No
6838,42,110733,32.5,2,2,8,3,Male,Urban,Sedan,Yes,Yes,Low,Yes
6839,55,110624,43.6,3,7,7,2,Male,Suburban,SUV,Yes,Yes,Low,No
6840,47,101008,5,1,4,9,1,Male,Urban,SUV,Yes,Yes,Low,No
6841,26,30000,70.7,2,8,3,1,Female,Urban,Sedan,No,Yes,Medium,No
6842,65,92649,49.4,2,5,13,1,Male,Urban,Hatchback,Yes,Yes,Low,No
6843,43,39242,55.9,1,1,8,4,Male,Suburban,SUV,Yes,No,Low,No
6844,59,75316,41.2,2,12,19,4,Male,Urban,Sedan,Yes,No,Low,No
6845,29,43483,44.7,1,2,2,1,Female,Rural,Truck,Yes,Yes,Low,No
6846,28,114904,5,1,5,8,4,Male,Suburban,SUV,Yes,Yes,Low,Yes
6847,51,83745,25.5,2,2,3,5,Male,Rural,Sedan,Yes,Yes,Low,Yes
6848,45,124410,5,2,3,8,4,Female,Suburban,SUV,Yes,Yes,Low,No
6849,44,88637,37.7,4,9,7,4,Male,Urban,Truck,No,No,Low,No
6850,51,122217,52.8,1,7,4,5,Male,Suburban,Hatchback,Yes,Yes,Low,Yes
6851,58,84595,37.8,4,1,3,2,Male,Rural,SUV,Yes,No,Low,No
6852,58,87903,23.3,1,7,3,4,Female,Urban,Sedan,No,Yes,Medium,No
6853,46,115096,58.8,1,2,1,5,Male,Suburban,Sedan,No,Yes,Medium,Yes
6854,34,123549,36.3,1,5,6,2,Male,Suburban,Truck,Yes,Yes,Low,No
6855,55,63737,30.4,1,1,4,4,Female,Suburban,SUV,Yes,Yes,Low,No
6856,59,85629,31.9,1,1,5,4,Male,Suburban,SUV,Yes,Yes,Low,No
6857,36,90735,33.4,2,7,2,2,Female,Suburban,Sedan,Yes,Yes,Low,No
6858,25,113784,69.9,3,1,1,3,Male,Suburban,Sedan,Yes,Yes,Low,No
6859,35,83630,5,2,0,3,3,Female,Rural,Sedan,Yes,No,Low,No
6860,52,83810,5,1,5,1,1,Female,Suburban,Sedan,Yes,No,Low,No
6861,35,93957,5,1,6,6,2,Male,Suburban,SUV,Yes,No,Low,No
6862,28,82499,51.9,1,1,3,2,Male,Suburban,Sedan,Yes,Yes,Low,No
6863,30,78447,66.5,2,3,6,4,Male,Suburban,Sedan,Yes,Yes,Low,No
6864,46,119293,37.8,1,3,8,1,Male,Suburban,Sedan,Yes,Yes,Low,No
6865,28,87249,45.4,2,9,4,1,Male,Urban,SUV,No,No,Low,No
6866,48,74914,37.5,3,7,9,2,Female,Suburban,SUV,Yes,Yes,Low,No
6867,50,82997,36.4,2,2,12,4,Male,Urban,SUV,No,Yes,Low,No
6868,55,65800,12.2,1,4,7,4,Male,Urban,SUV,No,Yes,Low,No
6869,27,92355,60.7,2,7,13,1,Female,Urban,Sedan,No,No,Medium,No
6870,56,122771,60.4,1,4,6,1,Male,Urban,SUV,Yes,Yes,Low,No
6871,30,93478,67.7,2,14,16,1,Female,Urban,Sedan,Yes,No,Low,No
6872,32,126595,49.5,1,0,5,2,Female,Suburban,SUV,Yes,Yes,Low,No
6873,36,61610,42.7,2,12,13,1,Male,Urban,SUV,Yes,Yes,Low,No
6874,48,65925,47.1,3,4,8,3,Male,Suburban,SUV,Yes,No,Low,No
6875,35,90981,34.5,2,7,4,3,Male,Urban,SUV,No,No,Medium,No
6876,34,30000,52.2,2,11,13,1,Male,Urban,Hatchback,Yes,Yes,Low,No
6877,32,104988,5,2,1,4,3,Female,Suburban,Sedan,Yes,Yes,Low,Yes
6878,42,119746,45.1,1,10,15,1,Female,Urban,Sedan,Yes,No,Low,No
6879,54,137855,54.1,2,14,5,1,Male,Urban,Sedan,No,Yes,Low,No
6880,61,30000,53.4,1,2,0,1,Male,Rural,SUV,Yes,No,Low,No
6881,39,104074,32.8,4,11,14,5,Male,Urban,Truck,No,Yes,Low,No
6882,33,30000,21.8,2,14,19,1,Female,Urban,SUV,Yes,Yes,Low,No
6883,45,109156,33.5,2,5,4,1,Female,Urban,SUV,No,Yes,Low,No
6884,55,30000,47.9,4,0,9,3,Female,Suburban,Sedan,Yes,Yes,Low,No
6885,40,103884,5,2,4,18,2,Male,Urban,Sedan,No,No,Low,No
6886,36,30000,5,2,6,9,3,Male,Suburban,Sedan,Yes,No,Low,No
6887,56,104473,16.6,2,2,2,1,Male,Rural,Sedan,Yes,Yes,Low,No
6888,27,149878,60,3,1,2,4,Male,Rural,SUV,Yes,Yes,Low,Yes
6889,37,30000,49,2,12,6,1,Male,Urban,Sedan,No,No,Low,No
6890,58,62335,29,1,3,8,5,Female,Suburban,Sedan,Yes,Yes,Low,No
6891,42,110258,35.1,3,3,8,5,Male,Urban,Truck,Yes,Yes,Low,Yes
6892,31,63869,5,3,5,5,1,Male,Urban,Sedan,No,No,Low,No
6893,31,96877,48.6,2,3,1,2,Male,Suburban,Sedan,Yes,Yes,Low,No
6894,59,112697,56.8,1,0,0,2,Male,Rural,Sedan,Yes,No,Low,No
6895,49,101041,26.6,2,0,2,2,Male,Rural,Sedan,Yes,Yes,Low,No
6896,40,85853,43.1,2,5,4,4,Male,Suburban,Sedan,Yes,Yes,Low,Yes
6897,64,71095,5,2,7,9,2,Male,Suburban,SUV,Yes,Yes,Low,No
6898,37,74682,37,2,11,3,5,Male,Urban,SUV,No,Yes,Low,Yes
6899,59,96468,16.7,2,4,2,4,Male,Suburban,Sedan,Yes,No,Low,No
6900,31,129534,24.2,1,2,0,4,Female,Rural,Sedan,Yes,Yes,Low,Yes
6901,66,105710,5,1,9,12,4,Female,Urban,Sedan,No,No,Low,No
6902,65,121426,38.2,2,1,9,4,Female,Suburban,Hatchback,Yes,Yes,Low,No
6903,26,60555,22.9,3,8,7,3,Female,Urban,Sedan,Yes,No,Low,No
6904,54,91262,55.9,1,5,8,1,Male,Suburban,SUV,Yes,Yes,Low,No
6905,59,105722,14.9,1,14,10,1,Female,Urban,Sedan,No,Yes,Low,No
6906,40,30000,43.2,1,2,3,1,Female,Rural,Sedan,Yes,Yes,Low,No
6907,34,30000,5,2,1,5,3,Female,Suburban,Sedan,Yes,Yes,Low,No
6908,55,63844,38.5,1,3,3,5,Female,Urban,Sedan,No,No,Medium,No
6909,49,88861,61.8,1,2,9,1,Male,Suburban,SUV,Yes,Yes,Low,No
6910,64,63828,17.5,3,4,9,4,Male,Suburban,Sedan,Yes,No,Low,No
6911,39,95614,5,2,7,9,4,Male,Suburban,SUV,Yes,Yes,Low,No
6912,49,120156,66.9,1,1,1,5,Male,Rural,Sedan,Yes,Yes,Low,Yes
6913,46,84816,26.9,1,5,3,5,Female,Urban,Sedan,No,Yes,Low,Yes
6914,41,92580,69.8,2,13,11,5,Female,Urban,SUV,Yes,Yes,Low,Yes
6915,49,107510,37.2,3,0,1,2,Female,Suburban,SUV,No,Yes,Medium,No
6916,34,91807,39.6,3,14,15,2,Male,Urban,SUV,No,No,Medium,No
6917,68,60520,21.8,1,3,8,2,Male,Urban,Sedan,No,Yes,Low,No
6918,25,74541,24.5,2,7,9,1,Male,Suburban,Sedan,Yes,Yes,Low,No
6919,59,62481,41.6,2,0,9,1,Male,Suburban,Truck,Yes,No,Low,No
6920,39,121363,5,1,7,8,5,Female,Suburban,Hatchback,Yes,Yes,Low,Yes
6921,36,123854,5,2,1,2,1,Female,Rural,Sedan,Yes,No,Low,No
6922,37,109504,51.8,2,12,8,2,Female,Urban,Hatchback,Yes,Yes,Low,Yes
6923,35,106769,44,1,11,14,1,Male,Urban,SUV,Yes,No,Low,No
6924,59,126825,70.5,2,3,15,1,Male,Urban,SUV,No,No,Low,No
6925,32,56696,40.9,2,10,12,3,Male,Urban,Sedan,Yes,Yes,Low,No
6926,47,76650,5,2,10,3,5,Female,Urban,Hatchback,No,No,Low,No
6927,57,63930,24.1,1,11,10,1,Male,Urban,Sedan,Yes,Yes,Low,No
6928,41,98947,34.7,1,0,9,4,Male,Suburban,Sedan,Yes,Yes,Low,No
6929,57,69768,41.9,2,8,15,5,Female,Urban,Sedan,No,Yes,Low,Yes
6930,67,132386,43.7,2,4,11,4,Female,Urban,SUV,Yes,No,Low,No
6931,37,30000,37.8,2,5,18,1,Male,Urban,Hatchback,No,Yes,Medium,No
6932,31,51779,31.9,2,2,9,2,Female,Suburban,Sedan,Yes,Yes,Low,Yes
6933,51,91415,45.8,2,1,2,3,Female,Rural,Truck,Yes,Yes,Low,No
6934,49,134591,22.6,1,7,7,5,Female,Suburban,SUV,No,Yes,Low,Yes
6935,46,68933,41.2,2,6,9,5,Male,Suburban,SUV,Yes,Yes,Low,Yes
6936,44,30000,22.7,2,1,0,1,Female,Rural,Sedan,Yes,No,Low,No
6937,49,61732,17.8,1,4,6,2,Male,Urban,Sedan,Yes,Yes,Low,No
6938,25,83745,29.2,1,5,8,1,Female,Suburban,Sedan,Yes,Yes,Low,No
6939,69,132225,34.1,1,4,10,4,Female,Urban,SUV,Yes,Yes,Low,No
6940,28,71025,35,3,11,7,3,Female,Urban,Sedan,No,Yes,Low,Yes
6941,47,53674,48.1,2,7,15,1,Male,Urban,SUV,Yes,No,Low,No
6942,53,104546,27.5,1,1,5,3,Female,Suburban,Sedan,Yes,Yes,Low,No
6943,47,117715,41.5,1,12,6,4,Female,Urban,SUV,No,Yes,Medium,No
6944,29,112174,53,1,7,7,2,Male,Urban,SUV,Yes,Yes,Low,No
6945,56,59754,54.3,1,9,7,3,Male,Urban,Sedan,No,Yes,Low,No
6946,27,94741,20.3,1,3,18,1,Female,Urban,Hatchback,No,Yes,Low,No
6947,31,104899,24.5,2,4,3,2,Male,Suburban,Sedan,No,Yes,Medium,No
6948,47,54878,46,1,0,2,3,Male,Rural,SUV,Yes,Yes,Low,No
6949,64,72963,44.4,4,0,2,4,Male,Rural,SUV,Yes,Yes,Low,No
6950,56,72887,5,1,1,0,2,Male,Rural,Sedan,Yes,No,Low,No
6951,37,97743,59.6,1,2,4,2,Female,Suburban,Sedan,Yes,Yes,Low,No
6952,44,90830,36.4,1,7,1,1,Male,Suburban,Sedan,Yes,No,Low,No
6953,56,114491,22.6,2,7,11,5,Female,Urban,SUV,No,Yes,Low,Yes
6954,33,30000,5,2,10,10,3,Female,Urban,Sedan,Yes,Yes,Low,No
6955,51,97640,30.4,2,2,7,3,Female,Suburban,Sedan,Yes,Yes,Low,No
6956,63,87823,31.4,1,14,5,5,Female,Urban,SUV,Yes,No,Low,No
6957,30,123466,25.8,2,5,8,4,Male,Urban,Sedan,No,Yes,Low,Yes
6958,68,81954,51,2,11,14,2,Male,Urban,SUV,Yes,No,Low,No
6959,34,95898,30.6,1,1,3,5,Male,Rural,SUV,Yes,No,Low,No
6960,66,66983,40.9,3,5,13,2,Female,Urban,Hatchback,Yes,Yes,Low,No
6961,69,128558,51,1,6,9,3,Male,Suburban,SUV,Yes,Yes,Low,Yes
6962,64,30000,5,2,12,4,2,Male,Urban,Sedan,No,Yes,Low,No
6963,39,67855,49.5,2,5,9,1,Male,Suburban,Sedan,Yes,No,Low,No
6964,68,87678,29.9,1,0,0,2,Female,Rural,SUV,Yes,Yes,Low,No
6965,41,59873,38.8,2,5,9,3,Female,Urban,SUV,No,No,Low,No
6966,53,79830,47.1,2,11,4,3,Male,Urban,SUV,Yes,No,Low,No
6967,25,71258,50.5,2,5,8,1,Male,Suburban,Hatchback,Yes,No,Low,No
6968,41,52351,54.6,2,3,5,5,Male,Suburban,SUV,Yes,Yes,Low,No
6969,48,119604,55.5,2,3,9,1,Male,Suburban,Hatchback,Yes,Yes,Low,No
6970,55,111043,46.6,2,13,3,3,Male,Urban,SUV,No,Yes,Medium,No
6971,68,96468,16.8,2,5,13,4,Male,Urban,Sedan,No,No,Low,No
6972,29,30000,31.4,1,2,1,2,Male,Rural,Hatchback,Yes,Yes,Low,No
6973,43,73462,48.5,2,3,1,4,Male,Suburban,Truck,Yes,No,Low,No
6974,42,69910,5,2,7,1,2,Female,Suburban,SUV,Yes,No,Low,No
6975,67,125011,30.2,1,9,4,5,Female,Urban,Sedan,No,Yes,Low,Yes
6976,60,141870,22.3,3,5,4,3,Female,Urban,Hatchback,Yes,Yes,Low,Yes
6977,67,101620,59.9,1,11,3,4,Male,Urban,Sedan,Yes,No,Low,No
6978,62,48894,54.2,2,3,10,1,Male,Urban,SUV,No,Yes,Medium,No
6979,62,115529,5,1,0,3,2,Female,Rural,SUV,Yes,Yes,Low,No
6980,43,75370,32.3,2,2,5,2,Male,Urban,SUV,No,Yes,Low,No
6981,44,72441,20.8,2,4,1,4,Female,Suburban,Hatchback,Yes,Yes,Low,No
6982,49,82450,5,2,3,8,1,Female,Suburban,Sedan,Yes,Yes,Low,No
6983,32,97763,5,1,10,3,3,Male,Urban,Hatchback,No,Yes,Low,No
6984,59,93517,5.7,3,6,14,3,Male,Urban,Truck,Yes,Yes,Low,No
6985,52,81785,35.9,2,14,16,1,Male,Urban,SUV,Yes,No,Low,No
6986,55,57993,29.7,1,11,19,4,Male,Urban,Sedan,No,Yes,Low,No
6987,48,104899,47.1,1,1,3,1,Female,Rural,Sedan,Yes,No,Low,No
6988,49,56845,5,1,3,16,4,Male,Urban,SUV,No,No,Low,No
6989,43,66434,40.3,2,3,4,4,Male,Suburban,Sedan,Yes,Yes,Low,No
6990,50,63889,26.6,2,8,16,5,Male,Urban,SUV,No,Yes,Low,No
6991,57,109965,66.5,2,4,1,1,Male,Suburban,Truck,Yes,Yes,Low,No
6992,63,75912,41.2,3,3,8,1,Female,Urban,Sedan,No,Yes,Medium,No
6993,56,78845,24.9,1,5,1,2,Male,Suburban,Truck,Yes,Yes,Low,No
6994,46,87833,55.9,2,5,6,5,Female,Urban,Hatchback,No,No,Medium,No
6995,49,78182,56.9,2,2,2,1,Male,Rural,SUV,Yes,No,Low,No
6996,36,123577,36.4,2,4,2,5,Male,Suburban,Sedan,Yes,Yes,Low,Yes
6997,40,55876,38.1,1,2,2,5,Female,Rural,SUV,Yes,Yes,Low,Yes
6998,59,30000,28.7,2,5,3,5,Male,Suburban,Sedan,Yes,Yes,Low,No
6999,54,92665,23.2,2,6,5,2,Male,Suburban,Sedan,Yes,Yes,Low,No
7000,30,122966,39.4,2,3,11,2,Female,Urban,Sedan,No,Yes,Low,Yes
7001,25,81562,5,2,11,17,1,Male,Urban,Truck,Yes,Yes,Low,No
7002,54,80795,46.5,1,4,8,2,Female,Suburban,SUV,Yes,Yes,Low,No
7003,33,91535,28.1,4,3,1,5,Female,Suburban,SUV,Yes,Yes,Low,No
7004,50,62378,49.5,2,3,18,5,Male,Urban,SUV,Yes,No,Low,No
7005,68,71259,5,1,14,8,2,Female,Urban,Hatchback,No,No,Low,No
7006,46,112148,48.1,3,13,7,1,Male,Urban,Hatchback,Yes,No,Low,No
7007,44,95899,48.5,2,4,4,3,Female,Suburban,SUV,Yes,Yes,Low,No
7008,67,107418,22,2,13,12,4,Male,Urban,SUV,Yes,No,Low,No
7009,44,86986,36.5,1,12,18,5,Female,Urban,SUV,No,Yes,Low,Yes
7010,45,83646,58.7,1,5,10,1,Male,Urban,Sedan,No,Yes,Medium,No
7011,39,92830,67.5,1,5,9,1,Female,Suburban,Sedan,Yes,No,Low,No
7012,37,72876,46.1,2,2,8,2,Female,Suburban,SUV,Yes,Yes,Low,No
7013,33,75363,26.7,2,6,8,1,Male,Urban,Sedan,No,No,Medium,No
7014,48,30000,29,4,12,16,3,Male,Urban,Sedan,No,No,Low,No
7015,37,55919,16.6,1,1,0,4,Female,Rural,SUV,Yes,Yes,Low,No
7016,49,53576,5,1,6,5,4,Male,Suburban,Sedan,No,Yes,Low,No
7017,54,72644,56.9,2,5,12,1,Male,Urban,SUV,No,Yes,Medium,No
7018,37,121801,5,2,2,0,4,Female,Rural,SUV,Yes,Yes,Low,Yes
7019,30,56513,51.9,1,0,3,3,Male,Rural,SUV,Yes,No,Low,No
7020,27,71167,32.3,2,6,5,5,Male,Suburban,Hatchback,Yes,Yes,Low,No
7021,56,70879,56.4,1,0,3,3,Male,Rural,SUV,Yes,No,Low,No
7022,57,53387,46.6,2,2,1,5,Male,Rural,SUV,Yes,Yes,Low,Yes
7023,62,77900,25.6,2,2,8,5,Female,Suburban,Sedan,Yes,No,Low,No
7024,48,82933,12,2,2,2,5,Male,Rural,Sedan,Yes,Yes,Low,Yes
7025,69,72664,11.6,1,12,10,2,Male,Urban,Sedan,Yes,Yes,Low,No
7026,53,30000,52,3,10,11,4,Male,Urban,SUV,Yes,No,Low,No
7027,50,64775,5,1,2,3,3,Male,Rural,SUV,Yes,No,Low,No
7028,54,73361,5,2,9,7,4,Female,Urban,SUV,Yes,No,Low,No
7029,28,73410,5,2,7,7,4,Male,Suburban,SUV,Yes,Yes,Low,Yes
7030,43,74555,66.3,1,7,7,3,Female,Urban,SUV,No,Yes,Medium,No
7031,51,133382,49.8,2,5,15,5,Female,Urban,SUV,Yes,Yes,Low,Yes
7032,47,64788,38.6,2,6,8,3,Male,Urban,Sedan,Yes,Yes,Low,No
7033,25,86436,49.5,1,3,9,1,Female,Suburban,SUV,Yes,No,Low,No
7034,67,129919,53.3,2,2,0,2,Male,Rural,SUV,No,Yes,Medium,No
7035,32,133098,30.3,1,7,3,1,Female,Suburban,SUV,Yes,No,Low,No
7036,58,114353,5,2,1,2,4,Female,Rural,Sedan,Yes,Yes,Low,Yes
7037,30,30000,48.2,4,5,1,3,Female,Suburban,Sedan,Yes,No,Low,No
7038,43,74947,52.2,2,13,15,4,Male,Urban,Sedan,No,Yes,Low,No
7039,56,96996,46.6,2,1,2,1,Female,Rural,SUV,Yes,Yes,Low,No
7040,45,94683,50.7,2,2,0,2,Male,Rural,SUV,Yes,Yes,Low,No
7041,67,147870,33.1,3,5,7,4,Female,Suburban,SUV,Yes,Yes,Low,Yes
7042,36,30000,57.9,1,6,13,1,Female,Urban,Sedan,No,Yes,Low,No
7043,65,50345,5,1,13,9,2,Male,Urban,SUV,No,No,Low,No
7044,36,101125,5,2,11,17,2,Male,Urban,Truck,No,Yes,Low,No
7045,45,81844,25.7,1,2,1,4,Female,Rural,SUV,Yes,Yes,Low,Yes
7046,57,83397,65.5,3,5,13,3,Male,Urban,SUV,No,No,Medium,No
7047,49,88069,36.9,1,4,9,4,Female,Suburban,SUV,Yes,No,Low,No
7048,53,119036,41.4,2,3,4,1,Female,Urban,Sedan,No,No,Medium,No
7049,48,136587,32.3,2,0,1,3,Male,Rural,Hatchback,Yes,Yes,Low,Yes
7050,67,83766,53.9,1,2,2,2,Female,Rural,Sedan,Yes,Yes,Low,No
7051,35,115576,43.3,1,7,6,3,Female,Suburban,Sedan,Yes,No,Low,No
7052,29,90981,55.9,2,2,0,2,Male,Rural,Truck,Yes,Yes,Low,Yes
7053,57,139937,24.3,2,2,4,5,Female,Suburban,SUV,Yes,No,Low,No
7054,62,100584,46.7,1,6,5,5,Female,Suburban,Sedan,No,Yes,Medium,Yes
7055,63,62402,22,2,0,0,3,Female,Rural,SUV,Yes,Yes,Low,No
7056,26,81267,30.4,1,10,12,2,Male,Urban,Sedan,No,Yes,Medium,No
7057,48,74862,17.3,1,2,3,3,Male,Rural,Sedan,Yes,No,Low,No
7058,38,119692,31.7,4,4,6,1,Female,Suburban,SUV,Yes,Yes,Low,No
7059,58,60796,23.5,1,7,9,3,Female,Suburban,Sedan,Yes,Yes,Low,No
7060,37,80560,30.3,2,9,11,5,Male,Urban,SUV,No,Yes,Low,No
7061,50,82433,54.1,1,0,4,3,Male,Suburban,SUV,Yes,Yes,Low,No
7062,52,81483,20.3,1,6,10,1,Male,Urban,SUV,Yes,No,Low,No
7063,52,70833,37.5,3,1,2,5,Female,Rural,Sedan,Yes,No,Low,No
7064,40,143044,22.1,2,2,12,2,Male,Urban,Sedan,Yes,No,Low,No
7065,64,99421,28.6,2,0,1,1,Male,Rural,Hatchback,Yes,Yes,Low,No
7066,31,91330,48,1,4,17,5,Male,Urban,Sedan,No,Yes,Low,Yes
7067,35,87779,5,1,10,9,4,Other,Urban,Sedan,No,Yes,Low,Yes
7068,56,75953,5,2,2,1,5,Male,Suburban,Sedan,No,No,Medium,No
7069,60,62989,62.4,2,2,6,1,Female,Urban,SUV,No,Yes,Medium,No
7070,42,30000,5,3,6,9,4,Male,Suburban,SUV,Yes,Yes,Low,No
7071,53,51780,26.4,2,2,2,2,Male,Rural,SUV,Yes,No,Low,No
7072,39,61411,50.7,1,6,4,1,Male,Suburban,Sedan,No,Yes,Medium,No
7073,41,86920,5,3,12,10,1,Female,Urban,Sedan,Yes,Yes,Low,No
7074,58,46945,41.9,1,5,9,1,Female,Suburban,Sedan,Yes,Yes,Low,No
7075,52,81716,47.2,1,6,2,5,Female,Suburban,Sedan,Yes,No,Low,No
7076,47,106031,37.7,2,12,13,5,Male,Urban,Sedan,Yes,Yes,Low,Yes
7077,41,71331,52.2,3,7,6,3,Male,Suburban,Sedan,No,Yes,Medium,No
7078,33,61274,33.8,3,5,17,3,Male,Urban,SUV,Yes,No,Low,No
7079,28,84560,24.8,2,3,5,4,Male,Suburban,SUV,Yes,Yes,Low,Yes
7080,52,55621,63.7,1,9,3,2,Female,Urban,SUV,No,No,Medium,No
7081,26,103474,24.6,2,1,1,4,Female,Rural,Truck,Yes,Yes,Low,Yes
7082,52,110933,56.9,1,3,8,4,Female,Suburban,SUV,Yes,No,Low,No
7083,35,100756,5,2,5,3,4,Male,Urban,Sedan,No,No,Medium,No
7084,41,70867,5,2,3,15,4,Male,Urban,Sedan,Yes,Yes,Low,Yes
7085,38,30000,43.9,1,3,12,4,Male,Urban,Sedan,No,Yes,Medium,No
7086,36,67712,50.8,2,14,15,5,Female,Urban,SUV,Yes,Yes,Low,Yes
7087,68,56881,5,1,7,16,4,Male,Urban,SUV,No,Yes,Low,Yes
7088,31,132267,21.2,2,1,9,2,Female,Suburban,Sedan,No,Yes,Low,No
7089,43,43944,56.5,1,13,5,4,Male,Urban,Sedan,No,No,Medium,No
7090,44,86448,28.9,1,2,3,1,Female,Rural,Sedan,Yes,Yes,Low,No
7091,28,30000,47.6,1,4,1,1,Female,Suburban,Sedan,No,No,Medium,No
7092,44,76978,5,2,10,19,5,Male,Urban,SUV,No,Yes,Low,Yes
7093,39,73361,5,1,4,7,1,Male,Suburban,Sedan,Yes,No,Low,No
7094,33,90866,59.6,2,5,15,3,Male,Urban,SUV,Yes,No,Low,No
7095,68,61726,37,2,1,1,1,Female,Rural,SUV,Yes,Yes,Low,No
7096,42,55836,32.8,2,10,17,2,Male,Urban,Truck,No,Yes,Low,No
7097,48,77549,5,1,11,16,3,Female,Urban,SUV,No,No,Low,No
7098,60,73580,45,1,6,9,3,Male,Urban,Sedan,Yes,Yes,Low,No
7099,62,96517,32.2,2,3,5,1,Male,Suburban,SUV,Yes,Yes,Low,No
7100,46,91623,33,1,9,5,3,Female,Urban,SUV,Yes,Yes,Low,No
7101,28,95717,48.5,2,6,5,2,Female,Suburban,SUV,Yes,No,Low,No
7102,44,90751,33.1,2,4,4,5,Female,Suburban,Sedan,Yes,Yes,Low,Yes
7103,48,115473,5,1,0,6,4,Male,Suburban,Sedan,Yes,Yes,Low,No
7104,58,30000,5,2,1,1,4,Other,Suburban,SUV,No,Yes,Low,No
7105,67,83847,5,1,0,3,2,Male,Rural,Sedan,Yes,Yes,Low,No
7106,43,62737,22.3,1,7,7,1,Male,Suburban,Sedan,Yes,Yes,Low,No
7107,25,109218,26.9,1,2,0,2,Female,Rural,SUV,Yes,No,Low,No
7108,35,80526,40.8,1,12,9,4,Male,Urban,Sedan,No,Yes,Low,Yes
7109,26,56845,56.6,2,3,6,2,Female,Urban,SUV,No,No,Low,No
7110,33,55962,28.6,1,5,6,2,Male,Urban,SUV,No,Yes,Medium,No
7111,64,30000,30.1,1,12,14,5,Female,Urban,SUV,No,Yes,Low,No
7112,41,71834,5,1,0,7,3,Female,Suburban,SUV,Yes,No,Low,No
7113,58,92492,48.5,1,1,6,5,Female,Suburban,SUV,Yes,Yes,Low,Yes
7114,50,86057,5,2,1,9,4,Female,Suburban,SUV,Yes,Yes,Low,No
7115,60,74472,30,1,4,5,5,Male,Suburban,SUV,Yes,No,Low,No
7116,27,121896,63.4,1,14,17,4,Male,Urban,Sedan,Yes,No,Low,No
7117,52,106533,20.7,2,1,3,3,Female,Suburban,Sedan,Yes,Yes,Low,No
7118,29,30000,34.4,1,0,0,2,Male,Rural,Sedan,Yes,No,Low,No
7119,64,105796,23.8,2,4,17,1,Female,Urban,Truck,No,Yes,Low,No
7120,29,91328,40.1,2,13,16,1,Female,Urban,Sedan,No,No,Low,No
7121,58,93957,21.4,1,4,7,5,Male,Urban,SUV,No,Yes,Low,No
7122,60,30000,21.9,2,0,6,3,Male,Suburban,Sedan,Yes,Yes,Low,No
7123,48,30000,32.4,2,1,5,3,Female,Suburban,SUV,Yes,No,Low,No
7124,53,30000,27.7,1,2,9,2,Female,Suburban,Sedan,Yes,No,Low,No
7125,59,100223,26.3,2,3,11,5,Female,Urban,Sedan,No,Yes,Low,Yes
7126,54,138167,5,1,11,7,5,Female,Urban,SUV,Yes,No,Low,Yes
7127,62,54795,69.5,2,6,1,4,Female,Suburban,Truck,Yes,Yes,Low,No
7128,51,124896,34.8,1,5,4,4,Male,Suburban,Sedan,Yes,No,Low,No
7129,41,84934,28.6,2,0,7,1,Female,Suburban,Sedan,No,Yes,Medium,No
7130,55,71727,15.3,2,6,4,5,Male,Suburban,SUV,Yes,Yes,Low,Yes
7131,38,93973,22.2,2,11,13,2,Male,Urban,Truck,Yes,Yes,Low,No
7132,51,30000,5,1,0,2,4,Male,Rural,SUV,Yes,Yes,Low,No
7133,67,96702,5,1,7,4,1,Male,Urban,Sedan,No,Yes,Low,No
7134,50,78342,5,2,2,6,5,Male,Suburban,SUV,Yes,Yes,Low,Yes
7135,30,62703,55.7,2,3,7,5,Female,Urban,Sedan,No,Yes,Medium,No
7136,61,30000,53.3,1,11,6,4,Female,Urban,SUV,No,Yes,Medium,No
7137,28,163833,12.6,1,0,2,5,Male,Suburban,Sedan,Yes,Yes,Low,Yes
7138,64,80777,53.9,1,0,0,1,Female,Rural,Sedan,Yes,No,Low,No
7139,56,103108,37.5,2,2,6,4,Other,Suburban,SUV,Yes,Yes,Low,No
7140,48,64728,56.5,1,6,9,2,Male,Suburban,Sedan,Yes,Yes,Low,No
7141,54,49797,5,2,1,2,5,Male,Rural,Sedan,Yes,Yes,Low,No
7142,44,95924,5,1,0,3,4,Male,Suburban,SUV,Yes,No,Low,No
7143,40,93872,23.6,1,0,2,5,Female,Suburban,SUV,Yes,Yes,Low,Yes
7144,50,106059,5,3,3,3,4,Male,Urban,SUV,Yes,Yes,Low,No
7145,45,163705,37.1,2,2,14,2,Male,Urban,SUV,No,No,Low,No
7146,61,30000,20.1,3,1,6,1,Male,Suburban,Sedan,Yes,No,Low,No
7147,27,124829,34.2,1,3,3,1,Male,Suburban,Sedan,No,No,Medium,No
7148,45,30000,45.7,1,6,4,2,Female,Suburban,SUV,Yes,Yes,Low,No
7149,29,30000,35.7,1,4,3,1,Male,Urban,SUV,Yes,No,Low,No
7150,31,113411,25.4,2,5,17,4,Female,Urban,Sedan,Yes,Yes,Low,Yes
7151,64,78424,40.1,1,2,3,5,Male,Rural,SUV,Yes,Yes,Low,Yes
7152,32,96749,58.5,2,5,2,2,Female,Suburban,SUV,Yes,No,Low,No
7153,38,108883,5,1,2,7,3,Male,Suburban,SUV,Yes,Yes,Low,No
7154,48,86448,5,4,2,3,1,Female,Rural,SUV,Yes,No,Low,No
7155,68,88411,42.9,1,1,2,5,Female,Rural,SUV,Yes,Yes,Low,No
7156,56,93680,28.2,2,8,19,5,Male,Urban,Sedan,No,Yes,Low,Yes
7157,29,107701,48.7,3,3,4,1,Male,Suburban,Truck,Yes,Yes,Low,No
7158,67,92341,38.9,2,0,1,3,Male,Suburban,Sedan,Yes,Yes,Low,No
7159,37,141817,5,2,2,3,5,Female,Rural,Sedan,Yes,Yes,Low,Yes
7160,52,84578,58.3,2,13,16,1,Male,Urban,Sedan,Yes,Yes,Low,No
7161,64,61652,41.3,3,12,16,1,Female,Urban,SUV,Yes,No,Low,No
7162,43,115516,37.7,3,7,3,1,Male,Urban,Truck,No,Yes,Medium,No
7163,62,72223,31.8,2,0,1,4,Male,Rural,SUV,Yes,Yes,Low,No
7164,38,93735,32.2,2,1,4,3,Female,Suburban,Hatchback,Yes,Yes,Low,No
7165,57,115447,24.6,2,4,1,5,Male,Suburban,SUV,Yes,Yes,Low,No
7166,61,92882,36.4,2,13,11,1,Male,Urban,Sedan,No,No,Medium,No
7167,44,88380,23.9,1,7,3,5,Female,Urban,Truck,No,No,Low,No
7168,53,30000,5,1,2,7,1,Female,Suburban,Sedan,Yes,No,Low,No
7169,51,151713,48.2,1,13,13,3,Female,Urban,Sedan,No,No,Low,No
7170,56,117434,27.9,1,1,1,1,Male,Rural,Sedan,Yes,No,Low,No
7171,34,82870,5,2,3,6,4,Male,Suburban,Sedan,Yes,Yes,Low,No
7172,38,107977,33.9,3,1,0,2,Male,Rural,Hatchback,Yes,Yes,Low,No
7173,32,73881,27,2,0,3,1,Male,Rural,SUV,Yes,No,Low,No
7174,50,73842,13,2,7,10,5,Male,Urban,Hatchback,No,Yes,Low,Yes
7175,60,30000,52.2,1,3,2,3,Female,Suburban,Sedan,Yes,Yes,Low,No
7176,50,82415,43.1,2,1,3,5,Male,Suburban,Sedan,Yes,Yes,Low,No
7177,60,90198,5,1,1,1,3,Male,Rural,SUV,Yes,No,Low,No
7178,64,48589,44.4,1,2,8,2,Male,Suburban,Sedan,Yes,Yes,Low,No
7179,63,78737,55.6,1,11,3,2,Female,Urban,SUV,Yes,No,Low,No
7180,40,103550,5,2,7,1,1,Male,Suburban,Hatchback,Yes,Yes,Low,No
7181,26,103929,34,2,1,0,2,Male,Rural,SUV,Yes,No,Low,No
7182,58,90702,5,2,6,17,2,Male,Urban,Sedan,No,No,Low,No
7183,39,103485,35.4,3,3,9,5,Male,Suburban,Sedan,No,Yes,Low,No
7184,49,44910,22.4,3,10,11,3,Female,Urban,Hatchback,Yes,No,Low,No
7185,68,30000,5,2,2,2,4,Female,Suburban,SUV,Yes,No,Low,No
7186,56,111718,45.9,2,4,11,1,Female,Urban,Sedan,Yes,Yes,Low,No
7187,29,140630,46.6,1,5,12,4,Female,Urban,Sedan,Yes,Yes,Low,Yes
7188,34,96749,37.7,1,11,8,4,Male,Urban,Hatchback,No,No,Medium,No
7189,44,69538,19.4,2,5,5,4,Male,Suburban,SUV,Yes,Yes,Low,Yes
7190,47,91365,5,1,3,14,1,Female,Urban,Hatchback,Yes,Yes,Low,No
7191,25,86920,31.6,1,10,19,4,Female,Urban,SUV,No,Yes,Low,No
7192,61,81699,5,1,4,8,3,Female,Suburban,SUV,Yes,No,Low,No
7193,25,83950,21.2,1,3,5,5,Female,Urban,Sedan,No,Yes,Low,No
7194,47,30000,58.9,2,0,4,4,Male,Suburban,Sedan,Yes,Yes,Low,No
7195,38,54944,50.8,1,7,8,2,Male,Suburban,Sedan,Yes,No,Low,No
7196,64,119322,35.7,1,6,7,5,Female,Suburban,Sedan,Yes,No,Low,No
7197,46,82325,44.3,2,9,19,3,Male,Urban,Truck,No,Yes,Low,Yes
7198,67,94724,5,2,3,4,3,Male,Suburban,SUV,Yes,Yes,Low,No
7199,43,30000,59.2,1,2,3,2,Male,Rural,SUV,Yes,Yes,Low,No
7200,62,95766,34.1,1,1,4,4,Male,Suburban,Sedan,Yes,Yes,Low,No
7201,50,52276,62.3,3,2,13,2,Female,Urban,Sedan,Yes,Yes,Low,No
7202,25,99433,36.2,1,2,6,1,Male,Suburban,SUV,Yes,No,Low,No
7203,37,47771,50.5,2,3,8,1,Female,Urban,Sedan,No,Yes,Medium,No
7204,49,119214,5,3,5,3,1,Male,Urban,Truck,No,No,Low,No
7205,61,62489,49.7,3,7,5,1,Female,Suburban,Hatchback,Yes,No,Low,No
7206,64,61610,40.7,2,1,3,2,Male,Rural,Sedan,Yes,No,Low,No
7207,40,54917,47.9,2,3,7,3,Female,Suburban,Hatchback,Yes,Yes,Low,No
7208,61,92813,26.3,1,2,8,2,Female,Suburban,SUV,Yes,Yes,Low,No
7209,41,137855,37.6,3,5,10,2,Female,Urban,Sedan,Yes,Yes,Low,Yes
7210,66,84899,23.9,2,1,1,2,Female,Rural,Sedan,Yes,No,Low,No
7211,32,64530,5,2,9,12,4,Male,Urban,Sedan,No,No,Low,No
7212,51,74694,40.2,2,7,4,3,Female,Urban,SUV,No,Yes,Medium,No
7213,57,100402,5,2,1,0,4,Male,Rural,Sedan,Yes,Yes,Low,Yes
7214,26,116461,28.8,1,11,6,5,Male,Urban,SUV,No,Yes,Low,No
7215,37,91783,55.4,3,6,7,1,Female,Suburban,SUV,Yes,No,Low,No
7216,26,30000,5,2,1,1,2,Female,Suburban,Hatchback,Yes,Yes,Low,No
7217,59,137005,54.5,2,12,14,4,Female,Urban,SUV,Yes,Yes,Low,Yes
7218,45,30000,5,2,2,6,4,Male,Suburban,Truck,Yes,No,Low,No
7219,45,94878,26.9,2,2,0,4,Male,Rural,Sedan,Yes,Yes,Low,No
7220,68,104262,41.2,1,2,4,2,Female,Urban,Sedan,No,Yes,Medium,No
7221,41,67838,5,1,2,3,3,Female,Rural,Sedan,Yes,Yes,Low,No
7222,42,121232,42.5,2,6,11,4,Male,Urban,Hatchback,No,Yes,Low,No
7223,32,30000,5,4,4,9,2,Male,Suburban,Sedan,Yes,No,Low,No
7224,40,91211,34,1,12,5,2,Female,Urban,Hatchback,No,Yes,Low,No
7225,37,80199,5,2,0,0,2,Female,Rural,Sedan,Yes,No,Low,No
7226,65,72991,24.3,2,6,7,1,Male,Suburban,Sedan,Yes,Yes,Low,No
7227,40,81093,28.1,2,4,5,4,Male,Suburban,SUV,Yes,Yes,Low,Yes
7228,47,110100,12.8,1,0,3,3,Male,Rural,Sedan,Yes,No,Low,No
7229,57,73500,58.4,3,10,16,1,Male,Urban,SUV,No,Yes,Low,No
7230,68,144650,34.9,2,7,8,2,Female,Urban,Sedan,No,Yes,Low,No
7231,62,132284,52.8,1,9,14,1,Male,Urban,Sedan,No,No,Low,No
7232,51,57174,17.1,1,2,3,5,Male,Rural,Sedan,Yes,No,Low,No
7233,29,107532,62.1,2,11,13,1,Female,Urban,SUV,Yes,Yes,Low,No
7234,37,92436,5,1,5,6,5,Male,Urban,Sedan,Yes,Yes,Low,Yes
7235,35,137965,61.6,2,5,4,5,Male,Suburban,Sedan,Yes,Yes,Low,Yes
7236,52,96749,5,1,5,5,3,Male,Suburban,Sedan,Yes,Yes,Low,No
7237,48,81323,33.4,3,6,16,4,Male,Urban,Sedan,Yes,Yes,Low,Yes
7238,40,81686,67.1,2,14,19,2,Male,Urban,SUV,No,Yes,Medium,No
7239,32,58594,39.2,3,6,5,2,Female,Suburban,Sedan,Yes,Yes,Low,No
7240,59,46845,26.8,2,7,5,1,Male,Suburban,SUV,Yes,No,Low,No
7241,62,113668,30.4,2,7,1,5,Male,Suburban,Sedan,No,No,Low,No
7242,42,83745,53.1,2,2,6,2,Male,Suburban,Sedan,Yes,Yes,Low,No
7243,36,117587,5,1,3,18,5,Male,Urban,Sedan,No,No,Low,No
7244,26,93678,38.7,2,3,5,3,Male,Suburban,SUV,Yes,No,Low,No
7245,61,71841,37,1,5,7,3,Male,Suburban,Sedan,Yes,Yes,Low,No
7246,60,62225,54.2,2,0,0,2,Female,Rural,SUV,Yes,Yes,Low,No
7247,59,91553,29.4,1,7,7,2,Male,Urban,Sedan,No,Yes,Low,No
7248,33,123763,41.3,1,6,9,1,Female,Urban,SUV,Yes,Yes,Low,No
7249,32,30000,5,2,4,9,3,Male,Suburban,Sedan,Yes,Yes,Low,No
7250,43,106026,50.9,1,9,18,1,Female,Urban,Sedan,Yes,Yes,Low,No
7251,52,92819,49.7,1,7,7,5,Female,Suburban,Sedan,Yes,Yes,Low,Yes
7252,52,88375,25.2,2,12,8,2,Female,Urban,SUV,No,Yes,Low,No
7253,38,90662,55.8,2,0,9,2,Male,Suburban,Hatchback,Yes,Yes,Low,No
7254,65,95717,36.7,2,7,10,3,Female,Urban,Sedan,No,Yes,Low,No
7255,60,30000,21.4,2,7,3,5,Female,Suburban,Sedan,Yes,No,Low,No
7256,43,129729,28.2,2,0,2,3,Female,Rural,Hatchback,Yes,No,Low,No
7257,66,122680,46.8,2,11,7,1,Female,Urban,Sedan,No,Yes,Medium,No
7258,53,94589,34.3,3,9,16,5,Male,Urban,Sedan,Yes,Yes,Low,Yes
7259,49,72638,5,1,5,2,2,Male,Suburban,SUV,Yes,Yes,Low,No
7260,38,87836,56.3,1,7,14,4,Male,Urban,Sedan,Yes,Yes,Low,No
7261,39,61726,42.7,1,7,6,5,Female,Suburban,SUV,Yes,Yes,Low,No
7262,32,109476,11.9,2,7,2,3,Male,Suburban,Sedan,Yes,Yes,Low,Yes
7263,38,76660,5,2,3,8,1,Male,Suburban,Truck,Yes,Yes,Low,No
7264,35,48465,59.6,2,10,11,4,Male,Urban,Sedan,No,No,Low,No
7265,59,30000,34.7,2,2,2,5,Male,Rural,SUV,Yes,Yes,Low,No
7266,48,82499,5,2,2,1,5,Female,Rural,SUV,Yes,No,Low,No
7267,58,86449,5,1,6,3,1,Female,Urban,Sedan,No,Yes,Low,No
7268,37,84986,5,2,5,13,4,Male,Urban,Hatchback,No,No,Low,No
7269,38,82633,35.4,2,3,6,4,Male,Suburban,SUV,Yes,Yes,Low,Yes
7270,60,69435,26.2,2,14,17,5,Female,Urban,Sedan,No,Yes,Low,No
7271,32,113337,25.5,2,7,13,3,Male,Urban,Sedan,Yes,Yes,Low,Yes
7272,37,106933,61.1,1,2,14,5,Male,Urban,SUV,No,Yes,Low,No
7273,36,116852,5,2,5,6,4,Female,Suburban,Truck,Yes,Yes,Low,No
7274,36,96749,50.6,2,2,6,3,Male,Suburban,SUV,Yes,Yes,Low,No
7275,41,126983,34.3,1,6,9,4,Female,Suburban,SUV,Yes,No,Low,No
7276,25,69772,70.6,3,10,7,1,Female,Urban,SUV,No,No,Low,No
7277,36,55836,5,2,4,7,5,Male,Suburban,Sedan,Yes,No,Low,No
7278,25,46799,38.4,3,4,9,2,Male,Urban,Hatchback,Yes,No,Low,No
7279,68,103414,34.9,3,4,7,2,Female,Suburban,Sedan,Yes,Yes,Low,No
7280,47,30000,20.7,1,3,4,1,Male,Urban,SUV,Yes,Yes,Low,No
7281,36,93314,34,2,10,16,3,Female,Urban,Sedan,No,Yes,Low,No
7282,36,126691,49.5,1,3,15,1,Male,Urban,SUV,Yes,Yes,Low,No
7283,36,91607,19.4,1,1,0,5,Male,Rural,SUV,Yes,No,Low,No
7284,28,83760,39.7,3,13,6,2,Female,Urban,SUV,Yes,Yes,Low,No
7285,55,82945,56.7,1,7,3,1,Male,Suburban,Sedan,Yes,Yes,Low,No
7286,69,115618,46.6,2,2,18,3,Female,Urban,Hatchback,Yes,Yes,Low,No
7287,41,81110,54.4,2,4,3,2,Female,Urban,Sedan,No,Yes,Low,No
7288,53,82903,28.5,2,2,4,5,Male,Urban,Hatchback,Yes,No,Low,No
7289,38,93598,49.7,2,1,3,4,Male,Suburban,SUV,No,Yes,Medium,No
7290,41,162643,5,1,7,5,3,Female,Urban,Sedan,Yes,No,Low,No
7291,45,91553,5,2,0,7,1,Male,Suburban,SUV,No,No,Low,No
7292,48,104635,5,1,2,5,4,Male,Urban,SUV,No,Yes,Low,No
7293,63,30000,5,2,2,3,2,Male,Rural,Hatchback,Yes,Yes,Low,No
7294,53,55717,5,1,1,7,3,Female,Suburban,Sedan,Yes,No,Low,No
7295,56,106008,45.7,1,0,1,2,Female,Rural,SUV,Yes,Yes,Low,No
7296,47,60728,27,1,3,2,3,Male,Suburban,Hatchback,Yes,No,Low,No
7297,68,30000,34.3,2,3,8,1,Male,Suburban,SUV,Yes,No,Low,No
7298,31,91813,33.7,1,14,17,2,Female,Urban,SUV,No,Yes,Low,No
7299,43,74555,49.5,2,9,19,4,Female,Urban,Sedan,No,No,Low,No
7300,50,30000,40.3,1,2,3,3,Female,Suburban,SUV,Yes,No,Low,No
7301,58,107418,5,2,0,7,2,Female,Suburban,SUV,Yes,Yes,Low,No
7302,30,84768,5,1,1,5,1,Male,Suburban,SUV,Yes,No,Low,No
7303,44,111718,32.9,3,7,3,3,Female,Urban,SUV,No,No,Medium,No
7304,41,72963,18.8,1,6,18,1,Male,Urban,Sedan,No,No,Low,No
7305,28,72214,35.9,1,6,6,4,Male,Urban,Hatchback,Yes,Yes,Low,No
7306,62,79744,5,1,2,1,3,Female,Rural,SUV,Yes,Yes,Low,Yes
7307,59,116092,5,1,10,6,4,Male,Urban,SUV,Yes,No,Low,No
7308,27,30000,52.2,1,4,4,1,Female,Suburban,Sedan,Yes,Yes,Low,No
7309,35,91213,5,2,2,14,3,Male,Urban,Sedan,Yes,Yes,Low,Yes
7310,62,62670,29.6,2,7,3,5,Male,Urban,Sedan,No,No,Medium,No
7311,37,88614,41.6,1,0,9,3,Male,Suburban,Sedan,Yes,No,Low,No
7312,27,69768,60.8,2,11,14,2,Male,Urban,Sedan,Yes,Yes,Low,No
7313,69,98994,37.3,1,1,0,3,Male,Rural,Sedan,Yes,Yes,Low,No
7314,35,137959,50.4,1,1,1,4,Female,Rural,SUV,Yes,No,Low,Yes
7315,69,102779,5,1,2,1,5,Male,Rural,Sedan,Yes,Yes,Low,No
7316,55,30000,5,1,5,7,5,Female,Urban,Hatchback,No,No,Medium,No
7317,30,57778,53,1,7,4,4,Male,Urban,Sedan,No,Yes,Low,No
7318,53,107778,5,3,0,3,3,Male,Suburban,Hatchback,Yes,No,Low,No
7319,32,78418,48.5,1,3,1,2,Other,Suburban,Sedan,Yes,Yes,Low,No
7320,55,76793,49.5,3,5,9,3,Male,Suburban,Sedan,Yes,No,Low,No
7321,27,137940,47.1,2,6,5,1,Female,Suburban,Sedan,Yes,No,Low,No
7322,42,68618,5,1,2,14,5,Male,Urban,Sedan,Yes,Yes,Low,Yes
7323,54,101632,5,2,7,1,4,Female,Suburban,Hatchback,Yes,No,Low,No
7324,47,78957,5,2,1,7,2,Male,Suburban,SUV,Yes,Yes,Low,Yes
7325,53,30000,5,3,4,16,4,Female,Urban,Sedan,No,No,Low,No
7326,27,53956,27.1,2,3,7,5,Female,Suburban,SUV,Yes,Yes,Low,Yes
7327,32,94036,34.2,2,8,18,2,Male,Urban,SUV,No,Yes,Low,No
7328,37,91412,30.6,1,0,9,4,Female,Suburban,Sedan,Yes,Yes,Low,No
7329,56,71949,41.1,2,7,9,4,Male,Suburban,SUV,Yes,No,Low,No
7330,26,55836,5,2,12,4,5,Female,Urban,Sedan,Yes,Yes,Low,Yes
7331,35,99800,42.1,2,1,1,4,Female,Rural,SUV,Yes,No,Low,No
7332,26,97574,24.6,1,12,13,1,Male,Urban,SUV,No,No,Low,No
7333,27,104533,47.5,3,2,6,2,Male,Suburban,SUV,Yes,Yes,Low,Yes
7334,35,100584,20.4,2,5,16,1,Female,Urban,Sedan,Yes,No,Low,No
7335,25,130275,35.3,1,2,2,1,Female,Rural,Sedan,Yes,Yes,Low,No
7336,47,82436,41.5,3,0,8,1,Female,Suburban,Sedan,No,Yes,Medium,No
7337,52,104538,5,3,7,6,1,Male,Suburban,Sedan,Yes,Yes,Low,No
7338,40,61888,55.7,2,10,13,1,Female,Urban,SUV,Yes,Yes,Low,No
7339,51,87433,29.5,1,2,0,4,Female,Rural,SUV,Yes,Yes,Low,Yes
7340,55,88148,22.8,1,2,2,2,Male,Rural,Sedan,Yes,Yes,Low,No
7341,61,72676,53.3,2,3,2,2,Female,Suburban,SUV,Yes,No,Low,No
7342,49,30000,55,2,5,9,3,Male,Suburban,SUV,No,Yes,Medium,No
7343,32,61661,57.6,1,2,1,2,Male,Rural,Sedan,Yes,Yes,Low,No
7344,67,91775,43.7,1,3,7,3,Female,Suburban,Truck,Yes,No,Low,No
7345,61,137848,5,1,2,8,3,Male,Suburban,Sedan,No,No,Low,No
7346,46,72454,37.7,2,11,13,2,Male,Urban,Sedan,Yes,Yes,Low,No
7347,52,114474,51.8,4,1,5,1,Female,Suburban,Sedan,Yes,No,Low,No
7348,36,51365,60.4,1,8,11,1,Female,Urban,Hatchback,No,No,Low,No
7349,44,30000,5,1,4,1,2,Female,Suburban,Truck,Yes,No,Low,No
7350,40,70895,24.8,2,0,2,4,Female,Rural,Sedan,Yes,No,Low,No
7351,43,94651,54.6,2,2,1,5,Male,Rural,SUV,Yes,Yes,Low,Yes
7352,30,141769,56.9,2,11,18,5,Male,Urban,Hatchback,No,Yes,Low,Yes
7353,55,129971,68.5,2,6,3,3,Male,Urban,Sedan,No,No,Medium,No
7354,58,119036,37.7,1,13,13,1,Male,Urban,Sedan,No,Yes,Low,No
7355,59,132217,35.6,2,1,1,3,Male,Suburban,SUV,Yes,Yes,Low,No
7356,36,30000,34.1,2,3,1,3,Female,Suburban,Hatchback,Yes,Yes,Low,No
7357,53,121363,60.5,2,10,10,2,Male,Urban,Sedan,No,No,Low,No
7358,39,116976,46.7,1,6,3,1,Male,Suburban,Hatchback,Yes,No,Low,No
7359,58,86146,29.5,2,5,6,5,Male,Urban,SUV,No,Yes,Low,Yes
7360,47,71650,5,1,7,9,5,Male,Suburban,SUV,Yes,Yes,Low,Yes
7361,32,65151,47.5,2,5,6,3,Female,Suburban,Sedan,Yes,No,Low,No
7362,66,57821,44.1,1,5,3,2,Male,Suburban,Sedan,Yes,Yes,Low,No
7363,63,48633,5,4,5,7,2,Male,Urban,Sedan,Yes,No,Low,No
7364,37,88013,5,2,9,11,3,Female,Urban,Truck,No,Yes,Low,Yes
7365,39,114564,5,1,1,9,1,Male,Suburban,Sedan,Yes,Yes,Low,No
7366,35,122934,5,1,1,4,3,Female,Suburban,Sedan,Yes,Yes,Low,No
7367,49,63341,68.1,1,10,19,2,Male,Urban,Sedan,No,Yes,Medium,No
7368,40,73979,5,2,2,1,1,Male,Rural,SUV,Yes,Yes,Low,No
7369,50,58855,33,1,6,4,3,Male,Urban,Sedan,No,No,Medium,No
7370,25,94338,5,2,2,1,5,Male,Rural,SUV,Yes,Yes,Low,No
7371,28,62378,46.8,1,0,6,4,Male,Suburban,SUV,Yes,Yes,Low,No
7372,49,94959,15.8,3,8,18,1,Female,Urban,Sedan,No,Yes,Low,No
7373,35,68533,44.5,1,2,6,5,Male,Suburban,SUV,Yes,Yes,Low,Yes
7374,55,79898,22.6,1,1,1,3,Male,Rural,SUV,Yes,Yes,Low,No
7375,43,72618,38.3,2,3,3,5,Male,Suburban,SUV,Yes,Yes,Low,Yes
7376,56,92385,39.6,1,7,1,5,Female,Suburban,SUV,Yes,No,Low,No
7377,51,91370,5,2,2,7,5,Female,Urban,Sedan,Yes,Yes,Low,Yes
7378,31,86077,5,1,2,2,2,Female,Rural,SUV,Yes,Yes,Low,No
7379,28,85800,45.1,1,5,16,2,Male,Urban,Sedan,No,Yes,Medium,No
7380,67,70864,5,1,3,7,3,Female,Suburban,Truck,Yes,No,Low,No
7381,48,131054,5,2,4,6,5,Male,Suburban,SUV,No,Yes,Low,Yes
7382,26,84584,30.2,2,2,10,3,Male,Urban,SUV,No,Yes,Low,No
7383,47,78897,54.8,3,6,14,2,Male,Urban,SUV,No,Yes,Medium,No
7384,47,86437,51,1,2,9,5,Other,Suburban,SUV,Yes,Yes,Low,Yes
7385,46,130431,48.4,1,13,18,3,Female,Urban,Sedan,No,No,Low,No
7386,27,78237,34.8,2,2,4,1,Other,Suburban,Sedan,Yes,No,Low,No
7387,66,99853,60.3,2,4,6,5,Male,Suburban,Hatchback,No,Yes,Medium,No
7388,46,149380,26,1,11,6,5,Female,Urban,Truck,Yes,Yes,Low,Yes
7389,34,96468,48,3,1,7,3,Male,Suburban,SUV,Yes,Yes,Low,No
7390,44,73569,57.6,1,6,10,4,Female,Urban,SUV,No,Yes,Low,No
7391,36,133098,35.4,1,5,6,5,Female,Suburban,Sedan,Yes,Yes,Low,Yes
7392,68,66749,59.2,1,6,14,3,Male,Urban,SUV,No,No,Low,No
7393,67,82301,16,1,2,6,2,Female,Urban,Sedan,No,Yes,Low,No
7394,45,82699,60.6,3,9,3,2,Male,Urban,SUV,No,Yes,Medium,No
7395,58,84949,5,1,2,9,1,Male,Suburban,Sedan,Yes,No,Low,No
7396,36,69961,69.5,4,3,13,2,Female,Urban,SUV,Yes,No,Low,No
7397,57,52391,49.5,2,10,10,4,Female,Urban,SUV,No,No,Low,No
7398,61,87528,31.2,1,2,10,3,Female,Urban,SUV,Yes,No,Low,No
7399,64,69434,54.3,1,2,2,4,Male,Rural,SUV,Yes,No,Low,No
7400,27,96573,5,2,2,4,4,Male,Urban,SUV,Yes,Yes,Low,Yes
7401,35,105722,24.7,2,14,17,3,Male,Urban,Sedan,Yes,No,Low,No
7402,36,71701,5,2,1,1,2,Female,Rural,SUV,Yes,No,Low,No
7403,30,90740,28.8,4,5,1,4,Male,Suburban,Hatchback,Yes,No,Low,No
7404,69,111441,35,1,3,1,3,Female,Suburban,SUV,Yes,Yes,Low,No
7405,47,71258,28.7,2,4,13,1,Male,Urban,Hatchback,No,Yes,Medium,No
7406,58,87611,5,1,9,4,4,Female,Urban,SUV,Yes,Yes,Low,No
7407,58,98141,5,3,11,4,5,Female,Urban,Sedan,No,No,Low,No
7408,31,99891,57.1,1,3,3,1,Male,Suburban,Sedan,Yes,No,Low,No
7409,36,113801,40.7,2,1,2,1,Female,Rural,SUV,Yes,Yes,Low,No
7410,45,84934,43.3,1,0,3,4,Female,Suburban,Sedan,Yes,No,Low,No
7411,31,104546,51.5,3,7,1,1,Male,Suburban,SUV,Yes,Yes,Low,No
7412,45,55962,76.2,3,7,1,2,Male,Suburban,Hatchback,No,Yes,Medium,No
7413,29,109573,31.5,2,5,14,1,Female,Urban,Sedan,No,No,Low,No
7414,67,71258,5,3,11,18,1,Female,Urban,SUV,Yes,Yes,Low,No
7415,26,77531,5,2,6,3,1,Male,Suburban,Sedan,No,No,Low,No
7416,50,114834,20.6,3,0,0,4,Female,Rural,SUV,Yes,No,Low,No
7417,34,59713,16.1,2,6,17,4,Male,Urban,Sedan,Yes,No,Low,No
7418,67,30000,5,2,5,11,5,Male,Urban,Sedan,No,Yes,Low,No
7419,28,84530,5,1,0,4,4,Female,Suburban,SUV,Yes,No,Low,No
7420,67,30000,55.9,2,7,5,2,Female,Suburban,Sedan,Yes,No,Low,No
7421,48,103613,27.2,2,3,3,3,Female,Suburban,Hatchback,Yes,Yes,Low,Yes
7422,55,73569,64.4,2,0,5,1,Male,Suburban,SUV,Yes,Yes,Low,No
7423,30,81240,17,2,14,13,2,Male,Urban,SUV,Yes,Yes,Low,No
7424,27,94032,32.2,1,6,11,2,Male,Urban,Sedan,Yes,No,Low,No
7425,58,122412,25.9,2,2,1,1,Male,Rural,Truck,Yes,Yes,Low,No
7426,57,132976,50.1,3,2,3,3,Female,Rural,SUV,Yes,Yes,Low,No
7427,28,97954,42.7,2,10,3,4,Male,Urban,Sedan,No,No,Low,No
7428,68,110460,49,2,0,3,3,Male,Suburban,Sedan,Yes,No,Low,No
7429,69,112446,46.8,1,2,1,5,Female,Rural,SUV,Yes,Yes,Low,Yes
7430,31,119510,47.4,3,0,3,4,Other,Suburban,SUV,Yes,Yes,Low,No
7431,46,107985,48.5,2,10,16,2,Female,Urban,Sedan,Yes,No,Low,No
7432,54,126575,47.2,3,0,3,4,Female,Rural,Hatchback,Yes,Yes,Low,No
7433,33,92216,37,1,6,4,5,Female,Suburban,SUV,Yes,Yes,Low,Yes
7434,44,92277,32.3,1,9,8,4,Female,Urban,SUV,No,Yes,Medium,No
7435,26,71095,5,3,2,3,5,Female,Rural,Hatchback,Yes,Yes,Low,No
7436,31,30000,55.1,2,1,3,5,Male,Rural,Sedan,Yes,Yes,Low,Yes
7437,42,80946,20.9,4,6,7,3,Male,Suburban,SUV,Yes,Yes,Low,No
7438,31,45615,5,1,0,3,4,Male,Rural,SUV,Yes,No,Low,No
7439,50,109798,18.5,1,10,3,1,Female,Urban,SUV,No,Yes,Low,No
7440,33,84463,21.3,2,11,18,1,Male,Urban,Sedan,Yes,Yes,Low,No
7441,47,94044,25.3,2,1,2,4,Male,Suburban,SUV,Yes,Yes,Low,No
7442,27,92372,5,2,6,15,5,Female,Urban,Hatchback,No,No,Low,No
7443,41,125744,52.3,1,0,3,2,Female,Rural,Sedan,Yes,No,Low,No
7444,31,75874,5,1,14,14,5,Female,Urban,Sedan,No,Yes,Low,No
7445,43,72637,54.2,3,2,0,4,Male,Rural,Sedan,Yes,Yes,Low,No
7446,56,81844,30.2,1,9,9,1,Male,Urban,Sedan,No,Yes,Low,No
7447,58,53989,35.7,2,13,17,2,Female,Urban,SUV,No,No,Low,No
7448,66,114907,24.6,2,12,10,2,Female,Urban,Truck,Yes,Yes,Low,No
7449,31,82910,39.7,2,11,10,2,Female,Urban,SUV,Yes,Yes,Low,No
7450,48,62391,22.2,3,4,6,1,Female,Suburban,Sedan,Yes,No,Low,No
7451,45,102898,35.8,1,0,3,1,Male,Rural,Sedan,Yes,No,Low,No
7452,58,59495,5,1,4,7,5,Male,Urban,SUV,Yes,Yes,Low,No
7453,58,79532,62.4,2,6,1,1,Male,Suburban,Hatchback,Yes,No,Low,No
7454,27,30000,22.8,1,7,12,2,Female,Urban,Sedan,No,Yes,Low,No
7455,48,30000,49,2,6,5,3,Female,Suburban,Sedan,No,Yes,Low,No
7456,52,119299,5,1,4,8,1,Male,Urban,Sedan,No,No,Low,No
7457,60,112215,5,2,1,3,5,Female,Rural,SUV,Yes,Yes,Low,Yes
7458,40,74941,39.2,2,1,2,4,Male,Rural,SUV,Yes,No,Low,No
7459,33,86474,29,3,1,5,5,Female,Suburban,Sedan,No,Yes,Medium,No
7460,54,81899,54.4,1,6,9,1,Male,Suburban,Sedan,Yes,Yes,Low,No
7461,30,96521,35.7,3,4,17,4,Female,Urban,Sedan,No,Yes,Low,Yes
7462,55,66497,5,1,2,17,1,Female,Urban,SUV,Yes,No,Low,No
7463,33,77242,21,2,7,5,5,Female,Suburban,SUV,Yes,Yes,Low,Yes
7464,39,113828,48.1,2,0,3,1,Male,Rural,Sedan,Yes,Yes,Low,No
7465,62,97763,24.4,1,4,8,4,Male,Suburban,SUV,Yes,Yes,Low,Yes
7466,69,30000,29.8,1,2,0,5,Female,Rural,Hatchback,Yes,No,Low,No
7467,33,106993,5,2,12,10,1,Female,Urban,Sedan,No,Yes,Low,No
7468,56,108803,47,1,1,3,5,Male,Rural,Sedan,Yes,Yes,Low,No
7469,40,137899,32.9,1,3,6,1,Male,Urban,Sedan,No,No,Medium,No
7470,54,83735,23.4,1,5,3,2,Female,Suburban,SUV,Yes,No,Low,No
7471,35,70890,49.1,2,7,2,3,Female,Suburban,Sedan,Yes,No,Low,No
7472,62,97125,24,2,0,9,4,Female,Suburban,SUV,Yes,No,Low,No
7473,56,52736,22.7,1,3,14,5,Male,Urban,Sedan,No,No,Low,No
7474,60,45612,28.2,2,4,5,3,Male,Suburban,Sedan,Yes,No,Low,No
7475,46,89526,30.8,2,9,12,3,Female,Urban,SUV,No,No,Low,No
7476,47,47800,32.7,1,14,8,2,Female,Urban,SUV,No,No,Low,No
7477,41,151110,5,1,11,17,1,Male,Urban,Sedan,Yes,Yes,Low,Yes
7478,58,71926,42.2,2,6,7,4,Female,Suburban,Sedan,Yes,No,Low,No
7479,65,102751,5,2,1,1,2,Male,Rural,SUV,Yes,Yes,Low,Yes
7480,44,74361,43.4,1,2,3,4,Male,Rural,SUV,Yes,No,Low,No
7481,64,64417,5,1,13,19,1,Male,Urban,SUV,Yes,Yes,Low,No
7482,55,61183,35.1,3,4,1,4,Female,Suburban,Hatchback,Yes,No,Low,No
7483,31,30000,56.9,1,12,14,1,Female,Urban,Sedan,No,Yes,Low,No
7484,44,58547,49.5,2,10,16,2,Female,Urban,SUV,Yes,No,Low,No
7485,41,107430,55.3,1,1,3,4,Male,Rural,SUV,No,No,Medium,No
7486,57,98497,32.4,2,9,6,3,Female,Urban,SUV,No,Yes,Low,No
7487,60,85878,5,3,11,6,3,Male,Urban,SUV,Yes,Yes,Low,No
7488,48,75534,5,3,7,2,1,Female,Suburban,SUV,Yes,Yes,Low,No
7489,48,90422,34.7,3,0,7,5,Male,Suburban,SUV,Yes,No,Low,No
7490,46,83713,43,1,9,8,3,Male,Urban,SUV,No,No,Low,No
7491,43,106984,5,2,12,17,5,Female,Urban,Sedan,Yes,Yes,Low,Yes
7492,69,55621,31.4,3,5,7,3,Male,Suburban,SUV,Yes,No,Low,No
7493,61,74361,51.4,1,1,3,2,Male,Suburban,Sedan,Yes,No,Low,No
7494,28,84510,24.6,4,5,2,3,Female,Suburban,SUV,Yes,Yes,Low,No
7495,60,113050,53.9,1,2,3,5,Male,Rural,Sedan,Yes,Yes,Low,Yes
7496,50,76660,48.5,3,3,9,4,Male,Suburban,Sedan,Yes,Yes,Low,No
7497,65,97597,41.9,1,13,18,4,Male,Urban,Sedan,No,Yes,Low,No
7498,28,61366,57.3,3,6,8,1,Male,Suburban,SUV,Yes,No,Low,No
7499,27,73225,48.5,2,2,2,4,Male,Rural,Sedan,Yes,Yes,Low,No
7500,40,126736,5,2,2,14,3,Male,Urban,Truck,No,Yes,Low,Yes
7501,64,109479,5,1,4,8,2,Male,Suburban,SUV,Yes,Yes,Low,No
7502,36,102281,47.1,2,5,7,2,Male,Suburban,SUV,Yes,No,Low,No
7503,57,131444,52.3,1,2,6,5,Female,Suburban,SUV,Yes,No,Low,No
7504,37,121797,34.6,2,2,9,3,Female,Suburban,SUV,Yes,Yes,Low,No
7505,62,114052,24.4,4,2,1,5,Female,Rural,Sedan,Yes,Yes,Low,No
7506,60,86095,40.6,1,3,13,1,Female,Urban,SUV,No,Yes,Low,No
7507,28,136057,16.3,3,11,18,2,Male,Urban,SUV,Yes,Yes,Low,No
7508,56,94863,39.1,2,2,10,3,Male,Urban,Sedan,Yes,Yes,Low,No
7509,46,123098,28.3,1,7,13,5,Female,Urban,Sedan,Yes,No,Low,No
7510,47,73979,45.8,1,0,4,5,Female,Suburban,Sedan,Yes,No,Low,No
7511,56,81098,5,1,12,3,3,Female,Urban,Truck,No,Yes,Low,No
7512,56,122347,52.2,1,2,18,5,Female,Urban,SUV,No,Yes,Low,Yes
7513,45,95896,42.6,1,4,14,4,Female,Urban,Sedan,Yes,Yes,Low,No
7514,46,114972,52.8,1,9,19,2,Female,Urban,Sedan,No,No,Low,No
7515,40,136587,54.5,2,1,1,5,Female,Rural,Sedan,Yes,Yes,Low,Yes
7516,32,117587,5,2,11,19,3,Male,Urban,Sedan,No,Yes,Low,Yes
7517,43,72769,25.6,1,7,9,3,Male,Suburban,Sedan,Yes,Yes,Low,No
7518,68,91815,5,3,9,19,4,Female,Urban,Sedan,No,Yes,Low,No
7519,56,132715,5,4,2,0,3,Female,Rural,Sedan,Yes,Yes,Low,No
7520,39,123749,39.3,1,3,2,5,Female,Suburban,Sedan,Yes,Yes,Low,Yes
7521,30,99426,48.7,1,5,8,1,Female,Suburban,Sedan,Yes,Yes,Low,No
7522,57,92882,17.7,3,3,17,2,Male,Urban,Truck,No,Yes,Low,No
7523,40,99265,5,2,6,6,5,Female,Urban,SUV,No,No,Low,No
7524,35,120700,36.1,1,5,1,1,Female,Suburban,Sedan,Yes,Yes,Low,No
